cik,name,ats,slug,captures
66740,3M,workday,3m,3935
1551152,AbbVie,smartrecruiters,abbvie,1670
1467373,Accenture,workday,accenture,9720
796343,Adobe Inc.,workday,adobe,5024
874761,AES Corporation,workday,aes,5110
2969,Air Products,workday,airproducts,2565
915913,Albemarle Corporation,workday,albemarle,963
1579241,Allegion,workday,allegion,3128
352541,Alliant Energy,workday,alliantenergy,202
899051,Allstate,workday,allstate,7657
1748790,Amcor,workday,amcor,880
1748790,Amcor,icims,amcor,5
1002910,Ameren,workday,ameren,53
318154,Amgen,workday,amgen,1282
6281,Analog Devices,workday,analogdevices,875
1751008,AppLovin,greenhouse,applovin,46
1751008,AppLovin,lever,applovin,4
1521332,Aptiv,workday,aptiv,445
1596532,Arista Networks,smartrecruiters,aristanetworks,165
1267238,Assurant,workday,assurant,1733
732717,AT&T,workday,att,931
731802,Atmos Energy,workday,atmosenergy,8
769397,Autodesk,workday,autodesk,3976
8818,Avery Dennison,smartrecruiters,averydennison,128
1701605,Baker Hughes,workday,bakerhughes,841
842023,Bio-Techne,workday,biotechne,224
875045,Biogen,smartrecruiters,biogen,116
2012383,BlackRock,workday,blackrock,585
1393818,Blackstone Inc.,workday,blackstone,759
1664703,Bloom Energy,workday,bloomenergy,84
12927,Boeing,workday,boeing,582
14272,Bristol Myers Squibb,workday,bristolmyerssquibb,1922
1730168,Broadcom,workday,broadcom,1401
1043277,C.H. Robinson,workday,chrobinson,878
927628,Capital One,workday,capitalone,3754
721371,Cardinal Health,workday,cardinalhealth,3651
1071739,Centene Corporation,workday,centene,1419
1324404,CF Industries,workday,cfindustries,92
93410,Chevron Corporation,workday,chevron,1429
313927,Church & Dwight,workday,churchdwight,57
936395,Ciena,workday,ciena,259
1739940,Cigna,workday,cigna,2887
858877,Cisco,workday,cisco,135
1166691,Comcast,workday,comcast,1920
1035983,Comfort Systems USA,workday,comfortsystemsusa,18
1163165,ConocoPhillips,workday,conocophillips,2
900075,Copart,workday,copart,38
1175454,Corpay,workday,corpay,54
1755672,Corteva,workday,corteva,10
1057352,CoStar Group,greenhouse,costar,35
1057352,CoStar Group,workday,costar,289
1535527,CrowdStrike,workday,crowdstrike,6322
64803,CVS Health,workday,cvshealth,2868
313616,Danaher Corporation,workday,danaher,191
927066,DaVita,workday,davita,311
1093557,Dexcom,workday,dexcom,280
935703,Dollar Tree,workday,dollartree,15
1286681,Domino's,smartrecruiters,dominos,714
1792789,DoorDash,greenhouse,doordash,152
1751788,Dow Inc.,workday,dow,220
1326160,Duke Energy,workday,dukeenergy,386
1666700,DuPont,workday,dupont,9
1065088,eBay Inc.,workday,ebay,357
1415404,EchoStar,workday,echostar,4
31462,Ecolab,workday,ecolab,133
1156039,Elevance Health,workday,elevancehealth,1182
33185,Equifax,workday,equifax,1071
1101239,Equinix,workday,equinix,40
1095073,Everest Group,greenhouse,everest,2
1324424,Expedia Group,workday,expedia,1136
1013237,FactSet,workday,factset,274
1048911,FedEx,workday,fedex,1127
798354,Fiserv,workday,fiserv,3987
866374,Flex Ltd.,greenhouse,flex,531
866374,Flex Ltd.,lever,flex,110
1754301,Fox Corporation (Class A),workday,fox,1876
749251,Gartner,workday,gartner,861
40545,GE Aerospace,workday,geaerospace,86
1996810,GE Vernova,workday,gevernova,3575
849399,Gen Digital,ashby,gen-digital,11
1474735,Generac,workday,generac,342
1467858,General Motors,workday,generalmotors,4376
320335,Globe Life,workday,globelife,19
886982,Goldman Sachs,icims,goldmansachs,9
46080,Hasbro,greenhouse,hasbro,102
1000228,Henry Schein,workday,henryschein,91
354950,Home Depot (The),workday,homedepot,125
47217,HP Inc.,workday,hp,907
49071,Humana,workday,humana,3833
1110803,"Illumina, Inc.",workday,illumina,1091
1145197,Insulet Corporation,workday,insulet,262
50863,Intel,workday,intel,1438
914208,Invesco,workday,invesco,730
1687229,Invitation Homes,workday,invitationhomes,15
1478242,IQVIA,workday,iqvia,1810
1020569,Iron Mountain,workday,ironmountain,252
728535,J.B. Hunt,workday,jbhunt,100
898293,Jabil,workday,jabil,1888
1944048,Kenvue,workday,kenvue,171
55785,Kimberly-Clark,workday,kimberlyclark,418
879101,Kimco Realty,workday,kimcorealty,1
319201,KLA Corporation,workday,kla,1692
920148,Labcorp,workday,labcorp,760
1336920,Leidos,workday,leidos,1298
920760,Lennar,workday,lennar,20
59478,Lilly (Eli),workday,lilly,1101
60667,Lowe's,workday,lowes,41
1633978,Lumentum,workday,lumentum,66
62996,Masco,workday,masco,30
1141391,Mastercard,workday,mastercard,2627
927653,McKesson Corporation,workday,mckesson,814
1613103,Medtronic,workday,medtronic,3636
1099219,MetLife,lever,metlife,19
789570,MGM Resorts,workday,mgmresorts,366
1285785,Mosaic Company (The),ashby,mosaic,20
1285785,Mosaic Company (The),workday,mosaic,169
68505,Motorola Solutions,workday,motorolasolutions,3217
1408198,MSCI,icims,msci,127
1120193,"Nasdaq, Inc.",workday,nasdaq,647
1065280,Netflix,lever,netflix,209
1065280,Netflix,workday,netflix,110
320187,"Nike, Inc.",workday,nike,36
1111711,NiSource,workday,nisource,10
1045810,Nvidia,workday,nvidia,19021
1039684,Oneok,workday,oneok,58
1327567,Palo Alto Networks,workday,paloaltonetworks,4
1633917,PayPal,workday,paypal,297
77360,Pentair,workday,pentair,119
77476,PepsiCo,icims,pepsico,1
78003,Pfizer,workday,pfizer,5953
1045609,Prologis,workday,prologis,128
857005,PTC Inc.,workday,ptc,45
1393311,Public Storage,smartrecruiters,publicstorage,25
822416,PulteGroup,workday,pultegroup,30
804328,Qualcomm,workday,qualcomm,450
1713445,Reddit,greenhouse,reddit,2255
1713445,Reddit,ashby,reddit,6
943819,ResMed|,workday,resmed,661
31791,Revvity,workday,revvity,28
1024478,Rockwell Automation,workday,rockwellautomation,2238
1108524,Salesforce,workday,salesforce,11315
2023554,Sandisk,smartrecruiters,sandisk,30
1373715,ServiceNow,smartrecruiters,servicenow,1743
91440,Snap-on,icims,snapon,189
93751,State Street Corporation,workday,statestreet,2714
1022671,Steel Dynamics,icims,steeldynamics,222
310764,Stryker Corporation,workday,stryker,1512
1601712,Synchrony Financial,workday,synchronyfinancial,42
96021,Sysco,workday,sysco,12
1113169,T. Rowe Price,workday,troweprice,244
1116132,"Tapestry, Inc.",workday,tapestry,109
27419,Target Corporation,workday,target,45252
916365,Tractor Supply,icims,tractorsupply,419
1466258,Trane Technologies,workday,tranetechnologies,5
864749,Trimble Inc.,workday,trimble,597
100493,Tyson Foods,workday,tysonfoods,1108
352915,Universal Health Services,icims,universalhealthservices,125
740260,Ventas,workday,ventas,11
1967680,Veralto,workday,veralto,26
1014473,Verisign,greenhouse,verisign,57
1792044,Viatris,workday,viatris,129
1403161,Visa Inc.,workday,visa,56
1403161,Visa Inc.,smartrecruiters,visa,1250
943452,Wabtec,workday,wabtec,641
943452,Wabtec,smartrecruiters,wabtec,7
104169,Walmart,workday,walmart,10560
1000697,Waters Corporation,icims,waters,274
106040,Western Digital,smartrecruiters,westerndigital,489
1327811,"Workday, Inc.",workday,workday,4417
72903,Xcel Energy,workday,xcelenergy,917
1524472,Xylem Inc.,workday,xylem,61
1555280,Zoetis,workday,zoetis,167
1675149,Alcoa,workday,alcoa,1819
1411207,Allison Transmission,workday,allisontransmission,166
350698,AutoNation,workday,autonation,1
1584509,Aramark,icims,aramark,21
7789,Associated Bank,workday,associatedbank,69
8858,Avnet,workday,avnet,2
1616862,Axalta,workday,axalta,3
1616862,Axalta,icims,axalta,3
14930,Brunswick,workday,brunswick,172
78890,Brink's,workday,brinks,479
1531152,BJ's Wholesale Club,workday,bjswholesaleclub,238
1109354,Bruker,icims,bruker,108
1866581,Dutch Bros Inc.,workday,dutchbros,21
908255,BorgWarner,workday,borgwarner,276
906553,Boyd Gaming,smartrecruiters,boydgaming,122
723612,Avis Budget Group,workday,avisbudget,754
39263,Frost Bank,workday,frostbank,47
851205,Cognex,workday,cognex,13
1046311,Choice Hotels,workday,choicehotels,213
1486159,Chord Energy,workday,chordenergy,8
1088856,Corcept Therapeutics,greenhouse,corcepttherapeutics,157
1889539,Corebridge Financial,workday,corebridgefinancial,122
26324,Curtiss-Wright,workday,curtisswright,41
1061983,Cytokinetics,greenhouse,cytokinetics,137
29644,Donaldson Company,workday,donaldson,61
1089063,Dick's Sporting Goods,workday,dickssportinggoods,2810
1516513,Doximity,greenhouse,doximity,26
1261333,Docusign,icims,docusign,4
1562088,Duolingo,greenhouse,duolingo,248
1739104,Elanco,workday,elanco,524
1600033,e.l.f. Beauty,lever,elfbeauty,49
895417,Equity Lifestyle Properties,workday,equitylifestyleproperties,36
1125376,Ensign Group,workday,ensign,42
1101302,Entegris,workday,entegris,52
1877322,ESAB,workday,esab,3
939767,Exelixis,workday,exelixis,109
1297989,EXL Service,icims,exlservice,20
851520,"Exponent, Inc.",icims,exponent,208
887936,FTI Consulting,workday,fticonsulting,10
1177609,Five Below,workday,fivebelow,54
30625,Flowserve,workday,flowserve,72
1794669,Shift4,greenhouse,shift4,326
1794669,Shift4,smartrecruiters,shift4,6
1398659,Genpact,workday,genpact,8
43920,"Greif, Inc.",workday,greif,69
42888,Graco Inc.,workday,graco,4
1326380,GameStop,workday,gamestop,3
1237831,Globus Medical,workday,globusmedical,794
355811,Gentex,workday,gentex,27
313143,Haemonetics,workday,haemonetics,220
1433642,Hamilton Lane,workday,hamiltonlane,10
1428336,HealthEquity,icims,healthequity,59
750577,Hancock Whitney,workday,hancockwhitney,37
717605,Hexcel,workday,hexcel,66
1405495,InterDigital,workday,interdigital,12
1046257,Ingredion,workday,ingredion,73
795266,KB Home,icims,kbhome,32
1357615,"KBR, Inc.",workday,kbr,5378
1867072,Kyndryl,workday,kyndryl,1330
889331,Littelfuse,workday,littelfuse,17
1639691,LivaNova,workday,livanova,6
1668397,Medpace,icims,medpace,1
67887,Moog Inc.,workday,moog,46
1289419,"Morningstar, Inc.",workday,morningstar,248
15615,MasTec,icims,mastec,86
1282637,NewMarket Corporation,icims,newmarket,119
1076930,Novanta,workday,novanta,26
1757073,Envista Holdings,workday,envista,30
1792580,Ovintiv,workday,ovintiv,9
1734722,UiPath,ashby,uipath,846
1534504,PBF Energy,workday,pbfenergy,117
931015,Polaris,workday,polaris,3095
1530950,Post Holdings,ashby,post,1
1475922,Primerica,workday,primerica,6
275880,Parsons Corporation,workday,parsons,6640
78239,PVH Corp.,workday,pvh,54
1107843,Qualys,workday,qualys,153
85961,Ryder,workday,ryder,90
730272,Repligen,workday,repligen,4
730272,Repligen,icims,repligen,9
917273,Rambus,icims,rambus,398
1635088,Roivant Sciences,greenhouse,roivantsciences,50
82811,Regal Rexnord,workday,regalrexnord,33
52827,Rayonier,workday,rayonier,8
1177702,Saia,workday,saia,2
720672,Stifel,icims,stifel,1075
1822479,Sotera Health,workday,soterahealth,16
825542,Scotts Miracle-Gro Company,workday,scottsmiraclegro,11
88941,Semtech,workday,semtech,476
1957132,SharkNinja,lever,sharkninja,1
91767,Sonoco,workday,sonoco,77
764038,South State Bank,workday,southstatebank,10
817720,Synaptics,icims,synaptics,20
97216,Terex,workday,terex,71
1622536,Talen Energy,workday,talenenergy,2
1650164,"Toast, Inc.",greenhouse,toast,1
1552033,TransUnion,workday,transunion,824
1447669,Twilio,greenhouse,twilio,1629
5513,Unum,workday,unum,117
1665918,US Foods,workday,usfoods,285
912093,Viavi Solutions,workday,viavisolutions,23
1674910,Valvoline,icims,valvoline,17
1262823,Westlake Corporation,workday,westlake,1536
108312,"Woodward, Inc.",workday,woodward,17
1520697,Acadia Healthcare,icims,acadiahealthcare,1
1670541,Adient,workday,adient,857
1273813,Assured Guaranty Ltd.,greenhouse,assuredguaranty,13
1832466,"Alignment Healthcare, Inc.",workday,alignmenthealthcare,120
1459200,"Alarm.Com, Inc.",greenhouse,alarmcom,408
933974,"Azenta, Inc.",workday,azenta,17
1169770,"Banc Of California, Inc.",icims,bancofcalifornia,22
1280058,Blackbaud,workday,blackbaud,274
9092,"Badger Meter, Inc.",workday,badgermeter,67
885550,Credit Acceptance,workday,creditacceptance,143
23217,Conagra Brands,workday,conagrabrands,256
1406666,Calix,workday,calix,635
1494259,CarGurus,greenhouse,cargurus,38
1067294,Cracker Barrel,icims,crackerbarrel,4772
1627223,Chemours,workday,chemours,55
1827090,"Certara, Inc.",icims,certara,1
827876,"CleanSpark, Inc.",lever,cleanspark,15
1385280,"Cinemark Holdings, Inc.",workday,cinemark,1354
816956,CONMED Corporation,workday,conmed,1
1060822,"Carter's, Inc.",workday,carters,817
730464,Covista Inc.,smartrecruiters,covista,2
1569345,"Sprinklr, Inc.",greenhouse,sprinklr,6
1569345,"Sprinklr, Inc.",workday,sprinklr,1282
1841408,"Dave, Inc.",lever,dave,7
1841408,"Dave, Inc.",ashby,dave,59
27996,Deluxe Corporation,workday,deluxe,12
1819928,DoubleVerify Holdings Inc.,greenhouse,doubleverify,276
1688568,DXC Technology,workday,dxctechnology,903
1420800,Enovis,workday,enovis,24
1590714,Element Solutions,lever,elementsolutions,1
1370637,Etsy,workday,etsy,116
1078271,"Extreme Networks, Inc.",lever,extremenetworks,273
876523,"EZCORP, Inc.",workday,ezcorp,14
1210677,First Advantage Corporation,workday,firstadvantage,1
37785,FMC Corporation,workday,fmc,1
1039399,"FormFactor, Inc.",workday,formfactor,11
1965040,Fortrea,workday,fortrea,86
39368,H.B. Fuller Company,workday,hbfuller,18
1999001,Six Flags,icims,sixflags,65
1373670,"Green Brick Partners, Inc.",icims,greenbrickpartners,28
1834622,"Hayward Holdings, Inc.",icims,hayward,37
851310,Harmonic Inc.,greenhouse,harmonic,89
851310,Harmonic Inc.,ashby,harmonic,55
1625297,Indivior,workday,indivior,9
1114483,Integer Holdings Corporation,workday,integer,43
1114483,Integer Holdings Corporation,icims,integer,11
780571,"Itron, Inc.",workday,itron,303
785956,J&J Snack Foods Corp.,greenhouse,jjsnackfoods,52
860748,Kemper Corporation,workday,kemper,57
1170010,"CarMax, Inc.",workday,carmax,836
1692787,"Kinetik Holdings, Inc.",greenhouse,kinetik,6
1315257,"Koppers Holdings, Inc.",workday,koppers,4
885639,Kohl's Corp.,workday,kohls,30
1581760,Life360,greenhouse,life360,322
1235468,"Liquidity Services, Inc.",icims,liquidityservices,10
1869198,"Life Time Group Holdings, Inc.",workday,lifetime,1
1679273,Lamb Weston,workday,lambweston,189
57131,"La-Z-Boy, Inc.",workday,lazboy,11
1507605,"MARA Holdings, Inc.",greenhouse,mara,16
1596967,Moelis & Company,workday,moelis,33
66382,"MillerKnoll, Inc.",workday,millerknoll,149
1578732,"Marcus & Millichap, Inc.",lever,marcusmillichap,819
833079,Meritage Homes Corporation,icims,meritagehomes,1
1104657,Materion Corp.,workday,materion,9
1350593,Mueller Water Products,workday,muellerwaterproducts,78
1974138,NCR Atleos,workday,ncratleos,79
790359,"NBT Bancorp, Inc.",workday,nbtbancorp,61
1895262,Noble Corporation,greenhouse,noble,33
1895262,Noble Corporation,icims,noble,3
711377,Neogen,workday,neogen,20
1547903,"NMI Holdings, Inc.",greenhouse,nmi,41
1000753,Insperity,workday,insperity,94
1821825,Organon & Co.,workday,organon,16
1579877,Outfront Media,workday,outfrontmedia,41
78814,"Pitney Bowes, Inc.",workday,pitneybowes,13
1551306,"Progyny, Inc.",workday,progyny,257
1968915,"PHINIA, Inc.",workday,phinia,7
1626115,"PJT Partners, Inc.",workday,pjtpartners,9
785786,Plexus Corp.,workday,plexus,47
1443669,Protolabs,lever,protolabs,35
1759655,"Privia Health Group, Inc.",smartrecruiters,priviahealth,18
733269,"LiveRamp Holdings, Inc.",greenhouse,liveramp,18
733269,"LiveRamp Holdings, Inc.",workday,liveramp,161
1782170,Remitly,workday,remitly,1410
1786431,Reynolds Consumer Products,icims,reynoldsconsumerproducts,157
315213,Robert Half,workday,roberthalf,284
1384905,"RingCentral, Inc.",workday,ringcentral,706
1793659,"Rush Street Interactive, Inc.",greenhouse,rushstreetinteractive,226
1469367,Sunrun,workday,sunrun,97
1929561,"RXO, Inc.",workday,rxo,1
1597033,Sabre,workday,sabre,122
1043509,"Sonic Automotive, Inc.",smartrecruiters,sonicautomotive,28
866729,Scholastic Corporation,workday,scholastic,96
1490978,"Schrödinger, Inc.",greenhouse,schrdinger,265
1662991,Sezzle,greenhouse,sezzle,455
1620533,"Shake Shack, Inc.",workday,shakeshack,127
832988,Signet Jewelers,workday,signetjewelers,314
913760,StoneX Group Inc.,icims,stonex,33
1314727,"Sonos, Inc.",workday,sonos,116
1092699,"SPS Commerce, Inc.",workday,spscommerce,9
1092699,"SPS Commerce, Inc.",icims,spscommerce,80
719220,"S&T Bancorp, Inc.",workday,stbancorp,2
715787,"Interface, Inc.",ashby,interface,1
715787,"Interface, Inc.",workday,interface,47
1756262,"TransMedics Group, Inc.",workday,transmedics,1
77543,Tutor Perini Corporation,workday,tutorperini,2
1526520,TripAdvisor,greenhouse,tripadvisor,1006
36146,Trustmark Corp.,workday,trustmark,11
36146,Trustmark Corp.,icims,trustmark,16
2020795,Uniti Group,ashby,uniti,11
933036,"Upbound Group, Inc.",greenhouse,upbound,42
1627475,"Upwork, Inc.",greenhouse,upwork,252
1627475,"Upwork, Inc.",smartrecruiters,upwork,2
1682745,Verra Mobility Corporation,greenhouse,verramobility,190
1525221,Bristow Group Inc.,workday,bristow,150
936528,"WaFd, Inc.",icims,wafd,2
1497770,"Walker & Dunlop, Inc.",workday,walkerdunlop,46
1504776,Warby Parker,greenhouse,warbyparker,2482
1365135,Western Union,workday,westernunion,46
1345016,"Yelp, Inc.",lever,yelp,6
1345016,"Yelp, Inc.",icims,yelp,193
