cik,name,sic,assets_base
2969,"Air Products & Chemicals, Inc.",2810,27192600000.0
5272,"AMERICAN INTERNATIONAL GROUP, INC.",6331,522228000000.0
5513,Unum Group,6321,61148500000.0
6281,ANALOG DEVICES INC,3674,50302350000.0
7789,ASSOCIATED BANC-CORP,6022,39405727000.0
8818,Avery Dennison Corp,2670,7950500000.0
8858,AVNET INC,5065,10388500000.0
9092,BADGER METER INC,3824,603047000.0
12927,BOEING CO,3721,137100000000.0
14272,BRISTOL MYERS SQUIBB CO,2834,96820000000.0
14930,BRUNSWICK CORP,3510,6321300000.0
15615,MASTEC INC,1623,9293300000.0
23217,CONAGRA BRANDS INC.,2000,22435100000.0
26324,CURTISS WRIGHT CORP,3590,4448303000.0
27419,TARGET CORP,5331,53811000000.0
27996,DELUXE CORP,2780,3076520000.0
29644,DONALDSON Co INC,3564,2600300000.0
30625,FLOWSERVE CORP,3561,4790634000.0
31462,ECOLAB INC.,2840,21464300000.0
31791,"REVVITY, INC.",3826,15000554000.0
33185,EQUIFAX INC,7320,11547900000.0
36146,TRUSTMARK CORP,6021,18015478000.0
36377,"FIRST HAWAIIAN, INC.",6022,24577223000.0
37785,FMC CORP,2800,11171300000.0
39263,"CULLEN/FROST BANKERS, INC.",6021,52892376000.0
39368,FULLER H B CO,2891,4463629000.0
40545,GENERAL ELECTRIC CO,3600,188851000000.0
42888,GRACO INC,3561,2438900000.0
43920,"GREIF, INC",3412,
46080,"HASBRO, INC.",3944,9295900000.0
47217,HP INC,3570,38494000000.0
49071,HUMANA INC,6324,
50863,INTEL CORP,3674,182103000000.0
51143,INTERNATIONAL BUSINESS MACHINES CORP,3570,127243000000.0
52827,RAYONIER INC,6798,3789371000.0
55785,KIMBERLY CLARK CORP,2670,17970000000.0
57131,LA-Z-BOY INC,2510,1932089000.0
59478,ELI LILLY & Co,2834,49489800000.0
60667,LOWES COMPANIES INC,5211,44640000000.0
62996,MASCO CORP /DE/,3430,
64463,"Soluna Holdings, Inc",6199,84961000.0
64803,CVS HEALTH Corp,5912,228275000000.0
66382,"MILLERKNOLL, INC.",2520,4514000000.0
66740,3M CO,3841,46455000000.0
67887,MOOG INC.,3590,3431840000.0
68505,"Motorola Solutions, Inc.",3663,12814000000.0
72903,XCEL ENERGY INC,4931,61188000000.0
77360,PENTAIR plc,3550,
77476,PEPSICO INC,2080,92187000000.0
77543,TUTOR PERINI CORP,1540,4542800000.0
78003,PFIZER INC,2834,197205000000.0
78239,PVH CORP. /DE/,2320,12396800000.0
78814,PITNEY BOWES INC /DE/,3579,4741355000.0
78890,BRINKS CO,4731,6366000000.0
82811,REGAL REXNORD CORP,3569,10268900000.0
85961,RYDER SYSTEM INC,7510,14395000000.0
88941,SEMTECH CORP,3674,1130911000.0
91440,Snap-on Inc,3420,6972800000.0
91767,SONOCO PRODUCTS CO,2650,
93410,CHEVRON CORP,2911,257709000000.0
93751,STATE STREET CORP,6022,301450000000.0
96021,SYSCO CORP,5140,22086000000.0
97216,TEREX CORP,3537,3118100000.0
100493,"TYSON FOODS, INC.",2015,36821000000.0
104169,Walmart Inc.,5331,244860000000.0
106040,WESTERN DIGITAL CORP,3572,26259000000.0
107140,"JOHN WILEY & SONS, INC.",2731,3361695000.0
108312,"Woodward, Inc.",3620,3806446000.0
275880,PARSONS CORP,7373,
310764,STRYKER CORP,3841,36884000000.0
313143,HAEMONETICS CORP,3841,1859734000.0
313616,DANAHER CORP /DE/,3823,84350000000.0
313927,CHURCH & DWIGHT CO INC /DE/,2840,8345600000.0
315213,ROBERT HALF INC.,7363,2964488000.0
318154,AMGEN INC,2836,65121000000.0
319201,KLA CORP,3827,12597088000.0
320187,"NIKE, Inc.",3021,40321000000.0
320335,GLOBE LIFE INC.,6311,25986797000.0
350698,"AUTONATION, INC.",5500,10059700000.0
352541,ALLIANT ENERGY CORP,4931,20163000000.0
352915,UNIVERSAL HEALTH SERVICES INC,8062,13494188000.0
354950,"HOME DEPOT, INC.",5211,71876000000.0
355811,GENTEX CORP,3714,2327229924.0
356171,TRICO BANCSHARES /,6022,9930986000.0
711377,NEOGEN CORP,2835,992929000.0
712515,ELECTRONIC ARTS INC.,7372,13800000000.0
715787,INTERFACE INC,2273,1330057000.0
717605,HEXCEL CORP /DE/,2821,2837300000.0
719220,S&T BANCORP INC,6022,9110567000.0
720672,STIFEL FINANCIAL CORP,6211,37196124000.0
721371,CARDINAL HEALTH INC,5122,43878000000.0
723612,"AVIS BUDGET GROUP, INC.",7510,
728535,HUNT J B TRANSPORT SERVICES INC,4213,7787000000.0
730272,REPLIGEN CORP,2836,2531600000.0
730464,Covista Inc.,8200,2843887000.0
731802,ATMOS ENERGY CORP,4924,22192989000.0
732717,AT&T INC.,4813,402853000000.0
733269,"LiveRamp Holdings, Inc.",7374,1333736000.0
740260,"Ventas, Inc.",6798,24157840000.0
746838,UNISYS CORP,7373,2065600000.0
749251,GARTNER INC,8741,7299736000.0
750577,HANCOCK WHITNEY CORP,6022,35183825000.0
764038,SouthState Bank Corp,6022,43918696000.0
769397,"Autodesk, Inc.",7372,8607000000.0
780571,"ITRON, INC.",3825,2378078000.0
785786,PLEXUS CORP,3672,3393225000.0
785956,J&J SNACK FOODS CORP,2052,1216966000.0
789570,MGM Resorts International,7011,45692206000.0
790359,NBT BANCORP INC,6021,11739296000.0
795266,KB HOME,1531,6651930000.0
796343,ADOBE INC.,7372,27165000000.0
798354,FISERV INC,7389,83869000000.0
804328,QUALCOMM INC/DE,3663,49014000000.0
816761,TERADATA CORP /DE/,7372,2022000000.0
816956,CONMED Corp,3845,2297592000.0
817720,SYNAPTICS Inc,3674,2858100000.0
822416,PULTEGROUP INC/MI/,1531,14796515000.0
825542,SCOTTS MIRACLE-GRO CO,2870,4296800000.0
827876,"CLEANSPARK, INC.",6199,452625000.0
829323,"Inuvo, Inc.",7310,35557310.0
832988,SIGNET JEWELERS LTD,5944,6575100000.0
833079,Meritage Homes CORP,1531,5772101000.0
842023,BIO-TECHNE Corp,2836,2294805000.0
849399,Gen Digital Inc.,7372,6943000000.0
851205,COGNEX CORP,3823,1958140000.0
851310,HARMONIC INC.,3663,710018000.0
851520,EXPONENT INC,8742,586662000.0
857005,PTC INC.,7372,4687268000.0
858877,"CISCO SYSTEMS, INC.",3576,94002000000.0
860748,KEMPER Corp,6331,13313600000.0
864749,TRIMBLE INC.,3829,7269000000.0
866374,FLEX LTD.,3672,19325000000.0
866729,SCHOLASTIC CORP,2731,1940800000.0
874761,AES CORP,4991,38363000000.0
875045,BIOGEN INC.,2836,
876167,PROGRESS SOFTWARE CORP /MA,7372,1411479000.0
876523,EZCORP INC,5900,1347878000.0
879101,KIMCO REALTY CORP,6798,17826122000.0
885550,CREDIT ACCEPTANCE CORP,6141,6904700000.0
885639,KOHLS Corp,5311,15054000000.0
886982,GOLDMAN SACHS GROUP INC,6211,1441799000000.0
887936,"FTI CONSULTING, INC",8742,3241407000.0
889331,LITTELFUSE INC /DE,3613,
895417,EQUITY LIFESTYLE PROPERTIES INC,6798,
896878,INTUIT INC.,7372,27734000000.0
898293,JABIL INC,3672,19717000000.0
899051,ALLSTATE CORP,6331,97989000000.0
900075,COPART INC,5500,5308864000.0
903651,INNODATA INC,7374,48042000.0
906553,BOYD GAMING CORP,7011,6311127000.0
908255,BORGWARNER INC,3714,16994000000.0
908259,"Oncotelic Therapeutics, Inc.",2834,36116819.0
912093,VIAVI SOLUTIONS INC.,3674,1827900000.0
913760,StoneX Group Inc.,6200,19859600000.0
914208,Invesco Ltd.,6282,29756800000.0
915913,ALBEMARLE CORP,2821,15456522000.0
916365,TRACTOR SUPPLY CO /DE/,5200,8489990000.0
917273,RAMBUS INC,3674,
920148,LABCORP HOLDINGS INC.,8071,20155100000.0
920760,LENNAR CORP /NEW/,1520,37984295000.0
927066,DAVITA INC.,8090,16928252000.0
927628,CAPITAL ONE FINANCIAL CORP,6021,455249000000.0
927653,MCKESSON CORP,5122,63298000000.0
930245,Agassi Sports Entertainment Corp.,5900,38.0
931015,Polaris Inc.,3790,
933036,"UPBOUND GROUP, INC.",7359,2763619000.0
933974,"Azenta, Inc.",3559,3716122000.0
935703,"DOLLAR TREE, INC.",5331,21721800000.0
936395,CIENA CORP,3661,5069632000.0
936528,WAFD INC,6021,20772131000.0
939767,"EXELIXIS, INC.",2836,3071489000.0
943452,WESTINGHOUSE AIR BRAKE TECHNOLOGIES CORP,3743,18516000000.0
943819,RESMED INC,3841,5095853000.0
1000228,HENRY SCHEIN INC,5047,8607000000.0
1000697,WATERS CORP /DE/,3826,3281453000.0
1000753,"INSPERITY, INC.",7363,2039261000.0
1002047,"NetApp, Inc.",3572,10026000000.0
1002910,AMEREN CORP,4931,37904000000.0
1005210,SUBURBAN PROPANE PARTNERS LP,5900,2103726000.0
1013237,FACTSET RESEARCH SYSTEMS INC,7370,4014305000.0
1014473,VERISIGN INC/CA,7371,1733400000.0
1018724,AMAZON COM INC,5961,462675000000.0
1020569,IRON MOUNTAIN INC,6798,16140514000.0
1022671,STEEL DYNAMICS INC,3312,14159984000.0
1024478,"ROCKWELL AUTOMATION, INC",3829,10758700000.0
1035983,COMFORT SYSTEMS USA INC,1731,2597478000.0
1039399,FORMFACTOR INC,3674,1008228000.0
1039684,ONEOK INC /NEW/,4923,24379000000.0
1043277,"C. H. ROBINSON WORLDWIDE, INC.",4731,5954564000.0
1043337,STONERIDGE INC,3714,652105000.0
1043509,SONIC AUTOMOTIVE INC,5500,4978300000.0
1045609,"Prologis, Inc.",6798,87897448000.0
1045810,NVIDIA CORP,3674,44187000000.0
1046257,Ingredion Inc,2040,7561000000.0
1046311,CHOICE HOTELS INTERNATIONAL INC /DE,7011,2102175000.0
1048695,"F5, INC.",3576,5276194000.0
1048911,FEDEX CORP,4513,85994000000.0
1057352,"COSTAR GROUP, INC.",7389,8402500000.0
1057379,"HACKETT GROUP, INC.",8742,184993000.0
1058290,COGNIZANT TECHNOLOGY SOLUTIONS CORP,7371,
1060822,CARTERS INC,2300,2439715000.0
1061983,CYTOKINETICS INC,2834,1014775000.0
1065088,EBAY INC,7389,20850000000.0
1065280,NETFLIX INC,7841,48594768000.0
1067294,"CRACKER BARREL OLD COUNTRY STORE, INC",5812,2294911000.0
1071739,CENTENE CORP,6324,76870000000.0
1076930,NOVANTA INC,3690,1241212000.0
1078271,EXTREME NETWORKS INC,3576,1068510000.0
1082733,"VISIUM TECHNOLOGIES, INC.",7371,136990.0
1084048,"ZIFF DAVIS, INC.",4822,3533270000.0
1088856,CORCEPT THERAPEUTICS INC,2834,583430000.0
1089063,"DICK'S SPORTING GOODS, INC.",5940,9041676000.0
1092699,SPS COMMERCE INC,7372,672914000.0
1093557,DEXCOM INC,3841,5391700000.0
1095073,"EVEREST GROUP, LTD.",6331,39966000000.0
1099219,METLIFE INC,6311,663072000000.0
1101239,EQUINIX INC,6798,30310742000.0
1101302,ENTEGRIS INC,3089,10138857000.0
1104657,MATERION Corp,3460,1691979000.0
1107843,"QUALYS, INC.",7372,700941000.0
1108524,"Salesforce, Inc.",7372,95209000000.0
1109354,BRUKER CORP,3826,3611800000.0
1110803,"ILLUMINA, INC.",3826,15217000000.0
1111711,NISOURCE INC.,4931,26736600000.0
1113169,PRICE T ROWE GROUP INC,6282,11643300000.0
1114483,Integer Holdings Corp,3845,2794386000.0
1116132,"TAPESTRY, INC.",3100,7265300000.0
1116942,TTM TECHNOLOGIES INC,3672,3025547000.0
1117057,Planet Green Holdings Corp.,2030,60720386.0
1120193,"NASDAQ, INC.",6200,20868000000.0
1125376,"ENSIGN GROUP, INC",8051,3452022000.0
1126741,GSI TECHNOLOGY INC,3674,76422000.0
1130781,"BMP AI Technologies, Inc.",7812,
1141391,Mastercard Inc,7389,38724000000.0
1145197,INSULET CORP,3841,2251100000.0
1156039,"Elevance Health, Inc.",6324,102755000000.0
1163165,CONOCOPHILLIPS,2911,93829000000.0
1166691,COMCAST CORP,4841,257275000000.0
1169561,COMMVAULT SYSTEMS INC,7372,816080000.0
1169770,"BANC OF CALIFORNIA, INC.",6021,41228936000.0
1170010,CARMAX INC,5500,26338264000.0
1175454,"CORPAY, INC.",7389,14089260000.0
1177609,"FIVE BELOW, INC",5331,2880460000.0
1177702,SAIA INC,4213,2174710000.0
1210677,FIRST ADVANTAGE CORP,7374,1885825000.0
1235468,LIQUIDITY SERVICES INC,7389,288104000.0
1237831,GLOBUS MEDICAL INC,3841,2076126000.0
1261333,"DOCUSIGN, INC.",7372,2541265000.0
1262823,WESTLAKE CORP,2860,20550000000.0
1267238,"ASSURANT, INC.",6399,33117300000.0
1273813,ASSURED GUARANTY LTD,6351,16843000000.0
1278021,MARKETAXESS HOLDINGS INC,6211,1607775000.0
1280058,BLACKBAUD INC,7372,2992703000.0
1280263,AMBARELLA INC,3674,657545000.0
1282637,NEWMARKET CORP,2860,2406818000.0
1285785,MOSAIC CO,2870,23386000000.0
1286681,DOMINOS PIZZA INC,5140,1671816000.0
1289419,"Morningstar, Inc.",6282,3474800000.0
1297989,"ExlService Holdings, Inc.",7389,
1314727,Sonos Inc,3651,1188388000.0
1315257,Koppers Holdings Inc.,2400,1711400000.0
1324404,"CF Industries Holdings, Inc.",2870,13313000000.0
1324424,"Expedia Group, Inc.",4700,21561000000.0
1326160,Duke Energy CORP,4931,178086000000.0
1326380,GameStop Corp.,5734,3499300000.0
1327567,Palo Alto Networks Inc,3577,12253600000.0
1327811,"Workday, Inc.",7374,10498505000.0
1336920,"Leidos Holdings, Inc.",7373,13071000000.0
1337619,"ENVESTNET, INC.",7389,2112165000.0
1341439,ORACLE CORP,7372,109297000000.0
1345016,YELP INC,7200,1015922000.0
1350593,"Mueller Water Products, Inc.",3490,1498100000.0
1357615,"KBR, INC.",1600,5566000000.0
1364954,"CHEGG, INC",8200,2465416000.0
1365135,Western Union CO,7389,8496300000.0
1368365,"REMARK HOLDINGS, INC.",4899,14436000.0
1370637,ETSY INC,7389,2634961000.0
1373670,"Green Brick Partners, Inc.",1531,1655675000.0
1373715,"ServiceNow, Inc.",7372,13299000000.0
1378590,"Bridgeline Digital, Inc.",7372,27513000.0
1384101,"VERACYTE, INC.",8071,1156422000.0
1384905,"RingCentral, Inc.",7374,2073662000.0
1385280,"Cinemark Holdings, Inc.",7830,
1386301,"Research Solutions, Inc.",7389,17026276.0
1393311,Public Storage,6798,17552307000.0
1393818,Blackstone Inc.,6282,42524227000.0
1398659,Genpact LTD,8742,4588814000.0
1403161,VISA INC.,7389,
1405495,"InterDigital, Inc.",6794,1900105000.0
1406666,"CALIX, INC",4899,884835000.0
1408198,MSCI Inc.,7389,4997535000.0
1410428,"XWELL, Inc.",7200,70426000.0
1411207,Allison Transmission Holdings Inc,3714,4671000000.0
1414767,Netcapital Inc.,6199,31760524.0
1415404,EchoStar CORP,4899,58748281000.0
1417398,"Hillenbrand, Inc.",3990,3867500000.0
1420800,Enovis CORP,3842,4273248000.0
1428336,"HEALTHEQUITY, INC.",7389,3107102000.0
1433642,Hamilton Lane INC,6282,1294946000.0
1437071,Invesco Mortgage Capital Inc.,6798,5097395000.0
1437491,"RiskOn International, Inc.",7374,35977243.0
1438943,"RANGE IMPACT, INC.",1600,8230465.0
1441816,"MongoDB, Inc.",7372,2449588000.0
1443669,Proto Labs Inc,3440,802168000.0
1446159,Axe Compute Inc.,6199,25734644.0
1447669,TWILIO INC,7372,12564304000.0
1459200,"Alarm.com Holdings, Inc.",7372,1329375000.0
1462056,"Backblaze, Inc.",7372,152458000.0
1466258,Trane Technologies plc,3822,18081600000.0
1467373,Accenture plc,7389,47263390000.0
1467858,General Motors Co,3711,264037000000.0
1468174,Hyatt Hotels Corp,7011,12312000000.0
1469367,Sunrun Inc.,1700,19268805000.0
1471781,GBT Technologies Inc.,8742,370625.0
1473334,XMax Inc.,2510,11533496.0
1473490,"Global AI, Inc.",5960,16470.0
1474735,GENERAC HOLDINGS INC.,3621,5169462000.0
1475922,"Primerica, Inc.",6311,14641423000.0
1477960,LataMed AI Corp.,7370,
1478242,IQVIA HOLDINGS INC.,8731,
1479419,"KALA BIO, Inc.",2834,86820000.0
1482512,"Hudson Pacific Properties, Inc.",6500,9319140000.0
1486159,Chord Energy Corp,1311,6631081000.0
1490978,"Schrodinger, Inc.",2834,688587000.0
1494259,"CarGurus, Inc.",7374,927102000.0
1496264,"Hudson Pacific Properties, L.P.",6500,
1497230,Fyntechnical Innovations Inc,7374,308350.0
1497770,"Walker & Dunlop, Inc.",6199,4045359000.0
1499275,"GROOVY COMPANY, INC.",7372,
1504776,Warby Parker Inc.,3851,568707000.0
1505155,"Upland Software, Inc.",7372,1113459000.0
1507605,"MARA Holdings, Inc.",6199,1195244000.0
1516513,"Doximity, Inc.",7371,991357000.0
1520697,"Acadia Healthcare Company, Inc.",8093,
1521332,Aptiv PLC,3714,21884000000.0
1524472,Xylem Inc.,3561,7952000000.0
1525221,Bristow Group Inc.,4522,1812001000.0
1526520,"TripAdvisor, Inc.",7370,2569000000.0
1527613,CIMG Inc.,5900,11711374.0
1527728,Lunai Bioworks Inc.,2834,84632663.0
1530950,"Post Holdings, Inc.",2040,11308000000.0
1531152,"BJ's Wholesale Club Holdings, Inc.",5331,5668894000.0
1533998,DarioHealth Corp.,3841,119191000.0
1534504,PBF Energy Inc.,2911,13549100000.0
1535527,"CrowdStrike Holdings, Inc.",7372,3618381000.0
1547903,"NMI Holdings, Inc.",6351,2516030000.0
1551152,AbbVie Inc.,2834,138805000000.0
1551306,"Progyny, Inc.",8090,542986000.0
1552033,TransUnion,7320,
1555280,Zoetis Inc.,2834,14925000000.0
1562088,"Duolingo, Inc.",7372,747347000.0
1564408,Snap Inc,7370,8029538000.0
1569345,"Sprinklr, Inc.",7372,920046000.0
1571949,"Intercontinental Exchange, Inc.",6200,194338000000.0
1571996,Dell Technologies Inc.,3571,92735000000.0
1576427,Criteo S.A.,7311,2348894000.0
1577526,"C3.ai, Inc.",7372,1170882000.0
1578732,"Marcus & Millichap, Inc.",6531,1003708000.0
1579241,Allegion plc,7381,3991200000.0
1579877,OUTFRONT Media Inc.,6798,5990000000.0
1579878,"Figma, Inc.",7372,
1581760,"Life360, Inc.",7374,339630000.0
1582961,"DigitalOcean Holdings, Inc.",7370,1815631000.0
1584509,Aramark,5812,15082436000.0
1585521,"Zoom Communications, Inc.",7370,7551318000.0
1590714,Element Solutions Inc,2890,
1593001,"NightFood Holdings, Inc.",3590,843879.0
1594805,SHOPIFY INC.,7372,
1596532,"Arista Networks, Inc.",3576,6775410000.0
1596967,Moelis & Co,6282,1216869000.0
1597033,Sabre Corp,7370,4962875000.0
1600033,"e.l.f. Beauty, Inc.",2844,494632000.0
1600641,"1stdibs.com, Inc.",5961,195796000.0
1601712,Synchrony Financial,6199,104564000000.0
1601830,"RECURSION PHARMACEUTICALS, INC.",2836,701288000.0
1613103,Medtronic plc,3845,90981000000.0
1615165,"Veritone, Inc.",7374,424752000.0
1616862,Axalta Coating Systems Ltd.,2851,
1618732,"Nutanix, Inc.",7372,2365749000.0
1620533,Shake Shack Inc.,5810,1511950000.0
1622536,Talen Energy Corp,4911,
1625297,"Indivior Pharmaceuticals, Inc.",2834,
1626115,PJT Partners Inc.,6282,1050652000.0
1627223,Chemours Co,2800,7640000000.0
1627475,"UPWORK, INC",7374,1080245000.0
1631282,DATASEA INC.,7372,3755677.0
1633917,"PayPal Holdings, Inc.",7389,
1633978,Lumentum Holdings Inc.,3669,4162200000.0
1635088,Roivant Sciences Ltd.,2834,2585129000.0
1639691,LivaNova PLC,3845,2294773000.0
1640147,Snowflake Inc.,7372,6649698000.0
1642896,Samsara Inc.,7373,1567929000.0
1645590,Hewlett Packard Enterprise Co,3570,57123000000.0
1650164,"Toast, Inc.",7374,1761000000.0
1652044,Alphabet Inc.,7370,365264000000.0
1653558,"Priority Technology Holdings, Inc.",7389,1373363000.0
1662991,Sezzle Inc.,7389,172576538.0
1664703,Bloom Energy Corp,3620,
1665918,US Foods Holding Corp.,5140,12773000000.0
1666700,"DuPont de Nemours, Inc.",2821,41355000000.0
1667313,"Zedge, Inc.",7372,54626000.0
1668397,"Medpace Holdings, Inc.",8731,1352495000.0
1670541,Adient plc,3714,9158000000.0
1674440,AIRWA INC.,7370,74862946.0
1674910,VALVOLINE INC,2990,3416800000.0
1675149,Alcoa Corp,3334,14756000000.0
1677703,CONDUENT Inc,7389,3571000000.0
1679273,"Lamb Weston Holdings, Inc.",2030,4139800000.0
1682745,VERRA MOBILITY Corp,4700,1756269000.0
1687229,Invitation Homes Inc.,6510,18536708000.0
1688568,DXC Technology Co,7374,20139000000.0
1692787,Kinetik Holdings Inc.,4922,5919711000.0
1701605,Baker Hughes Co,3533,34181000000.0
1705110,Angi Inc.,7310,1907778000.0
1707753,Elastic N.V.,7372,1642931000.0
1713445,"Reddit, Inc.",7374,
1720424,HIVE Digital Technologies Ltd.,6199,
1725057,"Dayforce, Inc.",7372,8463500000.0
1730168,Broadcom Inc.,3674,73249000000.0
1734722,"UiPath, Inc.",7372,2572450000.0
1739104,Elanco Animal Health Inc,2834,15491000000.0
1739940,Cigna Group,6324,143885000000.0
1740797,"AVAI BIO, INC.",7374,454664.0
1741489,"Elvictor Group, Inc.",8742,1479331.0
1748790,Amcor plc,3990,17426000000.0
1751008,AppLovin Corp,7370,5847846000.0
1751788,DOW INC.,2821,60603000000.0
1754301,Fox Corp,4833,22185000000.0
1755672,"Corteva, Inc.",100,42618000000.0
1756064,"Our Bond, Inc.",4899,
1756262,"TransMedics Group, Inc.",3845,277147000.0
1756761,Invesco Real Estate Income Trust Inc.,6798,1039158000.0
1757073,Envista Holdings Corp,3843,6587000000.0
1759655,"Privia Health Group, Inc.",8000,792813000.0
1764046,CLARIVATE PLC,7374,
1768267,Cerence Inc.,7372,1318493000.0
1769624,Triller Group Inc.,6282,101221333.0
1769759,Monogram Technologies Inc.,3841,13690063.0
1774170,"Powerfleet, Inc.",3669,218056000.0
1781174,"Acrivon Therapeutics, Inc.",2834,181226000.0
1782107,"Onconetix, Inc.",2834,26310447.0
1782170,"Remitly Global, Inc.",7389,695953000.0
1784970,Next Technology Holding Inc.,7374,46523026.0
1785279,"Metagenomi Therapeutics, Inc.",2836,
1786431,Reynolds Consumer Products Inc.,2673,
1792044,Viatris Inc,2834,50022200000.0
1792580,Ovintiv Inc.,1311,15056000000.0
1792789,"DoorDash, Inc.",7389,9789000000.0
1793659,"Rush Street Interactive, Inc.",7990,350346000.0
1794669,"Shift4 Payments, Inc.",7389,2554000000.0
1801170,"CLOVER HEALTH INVESTMENTS, CORP. /DE",6324,808620000.0
1805284,"Rocket Companies, Inc.",6162,20082212000.0
1805387,"Cerevel Therapeutics Holdings, Inc.",2834,1017822000.0
1807166,Amesite Inc.,7372,8883860.0
1819928,"DoubleVerify Holdings, Inc.",7370,1037028000.0
1821825,Organon & Co.,2834,10955000000.0
1822479,Sotera Health Co,8090,3117705000.0
1827090,"Certara, Inc.",7372,1572922000.0
1829864,"TaskUs, Inc.",7374,902015000.0
1830214,"Ginkgo Bioworks Holdings, Inc.",2836,2539321000.0
1832161,"VIP Play, Inc.",5900,77819.0
1832466,"Alignment Healthcare, Inc.",6324,633863000.0
1834622,"Hayward Holdings, Inc.",3580,
1838163,Brand Engagement Network Inc.,7373,314188855.0
1840317,VEEA INC.,7373,324041674.0
1841408,Dave Inc./DE,6199,321492000.0
1843714,"Zapata Quantum, Inc.",7372,240381208.0
1845022,"Couchbase, Inc.",7372,276742000.0
1848672,Glidelogic Corp.,7371,38408.0
1853044,"Aeries Technology, Inc.",8742,235076820.0
1860514,Roth CH Acquisition Co.,6770,238448139.0
1866581,Dutch Bros Inc.,5810,1186360000.0
1867072,"Kyndryl Holdings, Inc.",7373,13442000000.0
1868778,Informatica Inc.,7372,4970899000.0
1869198,"Life Time Group Holdings, Inc.",7997,6625363000.0
1871638,"Blaize Holdings, Inc.",3674,296011458.0
1873722,Bubblr Inc.,7370,1416368.0
1877322,ESAB Corp,3569,3754015000.0
1889539,"Corebridge Financial, Inc.",6311,360322000000.0
1895262,Noble Corp plc,1381,5234864000.0
1898496,"Getty Images Holdings, Inc.",7389,2468183000.0
1907982,D-Wave Quantum Inc.,7374,26947000.0
1929561,"RXO, Inc.",4700,2031000000.0
1943896,"Rubrik, Inc.",7372,
1944048,Kenvue Inc.,2844,
1945619,Kinetic Seas Inc.,6770,1376.0
1957132,"SharkNinja, Inc.",3630,
1964979,"ALLURION TECHNOLOGIES, INC.",3841,51370000.0
1965040,Fortrea Holdings Inc.,8071,4287900000.0
1967680,Veralto Corp,3825,
1968915,PHINIA INC.,3714,4074000000.0
1974138,NCR Atleos Corp,3578,5772000000.0
1976663,"Nexscient, Inc.",7372,
1976927,"Invesco Commercial Real Estate Finance Trust, Inc.",6798,30000.0
1996810,GE Vernova Inc.,3600,
1997350,Accelerant Holdings,6411,
1999001,Six Flags Entertainment Corporation/NEW,7900,
2012383,"BlackRock, Inc.",6211,
2020795,Uniti Group Inc.,4813,
2021728,Cerebras Systems Inc.,3674,
2023554,Sandisk Corp,3572,
2026448,Principal Credit Real Estate Income Trust,6798,
2033383,Fusemachines Inc.,7373,
2065779,D. Boral ARC Acquisition I Corp.,7372,
2067592,McKinley Acquisition Corp,7372,
2068385,SharonAI Holdings Inc.,7374,
2069785,"Gloo Holdings, Inc.",7374,
2076163,"Silvia, Inc.",6199,
2081532,Bluerock Acquisition Corp.,6770,
2109869,Exascale Labs Holdings Inc.,7372,
