cik,gw_years,signal_years,delay_years,lam,cio_tmt,cio_evp,cio_reports_ceo,theta,cio_title,mdna_words,lam_text,tenk_2022,proxy_2022
2969,8,0,0,,0,0,0,0.0,,16284,1.7104714226115978,True,True
5513,8,6,6,1.0,1,1,0,0.6666666666666666,"enefits and President, Colonial Life Puneet Bhasin 59 Executive Vice President, Chief Information and Digital Officer",35110,2.219982995874925,True,True
6281,8,0,0,,0,0,0,0.0,,7829,1.074676219344172,True,True
7789,8,4,4,1.0,1,1,0,0.6666666666666666,l O. Meinolf - Age: 47 Michael O. Meinolf has been Executive Vice President and Chief Information Officer,18562,1.3641133263378804,True,True
8818,7,1,1,1.0,1,0,0,0.3333333333333333,olisto 55 September 2020 2012-2018 Senior Vice President and Vice President and Chief Information Officer,37,0.0,True,True
8858,8,5,3,0.6,0,0,0,0.0,,5754,1.2716281008963937,True,True
9092,8,0,0,,0,0,0,0.0,,4372,0.8849557522123894,True,True
12927,8,2,2,1.0,1,1,0,0.6666666666666666,"er, Boeing Global Services since October 2019. Mr. Colbert previously served as Chief Information Officer",17112,1.9709999372293014,True,True
14272,8,1,1,1.0,1,1,0,0.6666666666666666,"Executive Vice President, General Counsel Greg Meyers Executive Vice President, Chief Digital and Technology Officer",4007,3.317652884377321,True,True
14930,8,1,1,1.0,1,1,0,0.6666666666666666,es was named Chief Executive Officer of Brunswick in January 2019. He served as Chief Technology Officer,7973,1.3671318712617488,True,True
15615,8,2,1,0.5,0,0,0,0.0,,13435,1.1200389578767957,True,True
23217,8,0,0,,0,0,0,0.0,,10588,1.8547907161277524,True,True
26324,8,1,0,0.0,0,0,0,0.0,,8433,1.2585077693591884,True,True
27419,8,2,2,1.0,1,1,0,0.6666666666666666,ust 2016 to September 2017. 60 Michael E. McNamara Executive Vice President and Chief Information Officer,6049,1.1386593204775024,True,True
27996,8,3,1,0.3333333333333333,1,1,0,0.6666666666666666,"dent, Division President, Checks 2012 Michael Mathews 49 Senior Vice President, Chief Information Officer",15934,1.7775346961099336,True,True
29644,8,1,1,1.0,0,0,0,0.0,,6833,1.0612638687891944,True,True
30625,8,3,3,1.0,0,0,0,0.0,,5479,1.150321700136479,True,True
31462,8,1,1,1.0,0,0,0,0.0,,17985,1.4693437956765905,True,True
31791,6,0,0,,0,0,0,0.0,,7923,1.1312525555404116,True,True
33185,8,1,1,1.0,1,1,0,0.6666666666666666,"hnology, Product and D&A Officer since December 2021. Prior thereto, he was our Chief Technology Officer",25733,2.8937713838163157,True,True
36146,8,8,8,1.0,0,0,0,0.0,,23774,1.2172376558358693,True,True
37785,8,1,0,0.0,1,1,0,0.6666666666666666,"ri Academy, Inc. (18-present) Dr. Kathleen Shelton 60 Executive Vice President, Chief Technology Officer",15508,1.4755335941253174,True,True
39263,8,1,1,1.0,0,0,0,0.0,,3595,2.668938103350369,True,True
39368,8,0,0,,0,0,0,0.0,,9393,1.0326214503637643,True,True
40545,8,4,1,0.25,0,0,0,0.0,,8,0.0,True,True
42888,8,1,1,1.0,0,0,0,0.0,,4070,1.5054362977418456,True,True
43920,8,0,0,,0,0,0,0.0,,7536,1.2952605239917574,True,True
46080,8,1,1,1.0,0,0,0,0.0,,53,0.0,True,False
47217,8,2,2,1.0,1,0,0,0.3333333333333333,1. She served as Chief Transformation Officer from June 2020 to May 2021 and as Chief Digital Officer,11190,1.2788201250816764,True,True
49071,8,0,0,,1,0,0,0.3333333333333333,x 51 Chief Digital Health and Analytics Officer 08/18 (3) Samir M. Deshpande 57 Chief Information Officer,13178,1.5940308631507547,True,True
50863,8,1,1,1.0,1,1,0,0.6666666666666666,"he Digital Enterprise Group from 2005 to September 2009, Senior Vice President, Chief Technology Officer",49,4.545454545454546,True,True
52827,8,2,2,1.0,0,0,0,0.0,,26033,1.4375980662397694,True,True
55785,8,0,0,,0,0,0,0.0,,7630,1.6117630425561997,True,True
57131,8,2,2,1.0,0,0,0,0.0,,6340,0.642081000987817,True,True
59478,8,0,0,,1,0,0,0.3333333333333333,ey has four years of service with Lilly. Diogo Rau 47 Senior Vice President and Chief Information and Digital Officer,10508,1.8282988871224166,True,True
60667,8,0,0,,1,1,0,0.6666666666666666,"state, Sam’s Club, 2012 – 2014. Seemantini Godbole 52 Executive Vice President, Chief Information Officer",6428,1.6126294347309456,True,True
62996,8,1,0,0.0,0,0,0,0.0,,6923,1.460549293538657,True,True
64803,8,0,0,,0,0,0,0.0,,18986,1.4709275496077527,True,True
66382,8,2,1,0.5,1,1,0,0.6666666666666666,"MillerKnoll Age 49, elected as an executive officer in 2021 Benjamin P.T. Groom Chief Digital Officer",11245,1.1202108632213121,True,True
66740,8,1,0,0.0,1,1,0,0.6666666666666666,"ustrial Business Group, 2014-2017 John P. Banovetz 54 Executive Vice President, Chief Technology Officer",13314,1.4005374155199088,True,True
67887,8,2,1,0.5,0,0,0,0.0,,9562,1.3129352665829432,True,True
68505,8,1,1,1.0,1,1,0,0.6666666666666666,016 to September 2018. Mahesh Saptharishi; age 44; Executive Vice President and Chief Technology Officer,16062,3.0728709394205445,True,True
72903,0,0,0,,0,0,0,0.0,,18064,0.7481446013885564,True,True
77360,8,2,2,1.0,1,1,0,0.6666666666666666,istrict of Iowa 1998 - 2000. Philip M. Rolchigo 60 Executive Vice President and Chief Technology Officer,8682,1.3020833333333333,True,True
77476,8,0,0,,0,0,0,0.0,,55290,1.963361371724361,True,True
77543,8,8,7,0.875,0,0,0,0.0,,7620,1.9796458943259445,True,True
78003,8,1,1,1.0,1,1,0,0.6666666666666666,mian Group AB. Pfizer Inc. 2021 Form 10-K 23 Name Age Position Lidia Fonseca 53 Chief Digital and Technology Officer,16955,1.5499031310543092,True,True
78239,8,3,3,1.0,0,0,0,0.0,,24183,1.9429371608611938,True,True
78814,8,6,4,0.6666666666666666,1,1,0,0.6666666666666666,"Innovation Officer in May 2021. Prior to this, he was Senior Vice President and Chief Technology Officer",5983,1.4110657259561827,True,True
78890,8,2,2,1.0,1,1,0,0.6666666666666666,"President LATAM and Global Security 2014 Rohan Pal 56 Executive Vice President, Chief Information Officer",18093,1.6274522172459471,True,True
82811,7,1,1,1.0,1,0,0,0.3333333333333333,"eterson and Frauen in Milwaukee, Wisconsin. John M. Avampato 61 Vice President, Chief Information Officer",7816,1.3462347496844762,True,True
85961,8,2,2,1.0,1,0,0,0.3333333333333333,ent and Chief Procurement Officer Rajeev Ravindran 56 Senior Vice President and Chief Information Officer,17030,1.522875816993464,True,True
88941,8,1,1,1.0,0,0,0,0.0,,8079,1.0749834107498342,True,True
91440,7,0,0,,1,1,0,0.6666666666666666, Commercial Group from 2015 to 2019. June C. Lemerand (59) – Vice President and Chief Information Officer,14113,1.0912940793224204,True,True
91767,8,1,1,1.0,1,0,0,0.3333333333333333,".A., 2000-2005. Joined Sonoco in 1985. Richard K. Johnson 54 Vice President and Chief Information Officer",31279,2.6764793241147156,True,True
93410,8,2,2,1.0,1,1,0,0.6666666666666666," and Lubricants; Chemicals Eimear P. Bonner 47 Vice President (since Aug 2021), Chief Technology Officer",26,0.0,True,True
93751,8,4,4,1.0,0,0,0,0.0,,46903,1.335073044572334,True,True
96021,8,0,0,,0,0,0,0.0,,18733,1.504489201650085,True,True
97216,8,4,4,1.0,0,0,0,0.0,,9975,1.4965259219668627,True,True
100493,8,0,0,,1,1,0,0.6666666666666666,nt and Chief People Officer 51 2020 Scott Spradley Executive Vice President and Chief Technology and Automation Officer,12585,1.6377649325626205,True,True
104169,8,0,0,,1,1,0,0.6666666666666666,"ng Officer of Sam's Club. 2019 47 Suresh Kumar Executive Vice President, Global Chief Technology Officer",8703,0.8849557522123894,True,True
106040,8,2,2,1.0,0,0,0,0.0,,7844,1.1881735285990604,True,True
108312,8,2,1,0.5,0,0,0,0.0,,5706,1.2972148035101105,True,True
275880,6,0,0,,0,0,0,0.0,,14696,1.3781098135925147,True,True
310764,8,1,0,0.0,0,0,0,0.0,,7228,1.627946413430558,True,True
313143,8,1,1,1.0,0,0,0,0.0,,9080,1.644895984518626,True,True
313616,8,0,0,,0,0,0,0.0,,30046,3.131771397616468,True,True
313927,8,0,0,,0,0,0,0.0,,0,,True,True
315213,8,1,1,1.0,0,0,0,0.0,,6376,0.5510131532172058,True,True
318154,8,0,0,,0,0,0,0.0,,48368,2.297558181471031,True,True
319201,8,0,0,,0,0,0,0.0,,8,0.0,True,True
320187,8,2,2,1.0,0,0,0,0.0,,11754,1.0477869173521348,True,True
320335,8,1,1,1.0,0,0,0,0.0,,16059,1.2438530517789992,True,True
350698,8,4,3,0.75,0,0,0,0.0,,13232,1.9458544839255498,True,True
352541,0,0,0,,0,0,0,0.0,,13024,0.9474377986488713,True,True
352915,8,2,2,1.0,0,0,0,0.0,,56887,2.1047569727010433,True,True
354950,8,0,0,,1,1,0,0.6666666666666666,"oftware vendor. MATTHEW A. CAREY, age 57, has been Executive Vice President and Chief Information Officer",4482,0.7146377525874815,True,True
355811,8,1,1,1.0,1,1,0,0.6666666666666666,eve Downing 44 President and Chief Executive Officer January 2018 Neil Boehm 50 Chief Technology Officer,3839,0.8120649651972158,True,True
711377,8,0,0,,0,0,0,0.0,,8434,1.1188627089640648,True,True
715787,6,2,2,1.0,0,0,0,0.0,,9997,1.8303909888443626,True,True
717605,8,2,2,1.0,0,0,0,0.0,,8,0.0,True,True
719220,8,4,4,1.0,0,0,0,0.0,,10874,1.3644524236983842,True,True
720672,8,2,2,1.0,0,0,0,0.0,,21013,1.2963790791238265,True,True
721371,8,2,1,0.5,1,1,0,0.6666666666666666,"3 Chief Legal and Compliance Officer Brian S. Rice 59 Executive Vice President, Chief Information Officer",0,,True,True
723612,8,4,4,1.0,0,0,0,0.0,,5370,1.4129995962858297,True,True
728535,5,1,1,1.0,0,0,0,0.0,,8,0.0,True,True
730272,8,1,1,1.0,0,0,0,0.0,,11053,0.9030231645072635,True,True
730464,8,2,2,1.0,0,0,0,0.0,,19673,1.8977921111386753,True,True
731802,8,0,0,,0,0,0,0.0,,7456,0.729818290140006,True,True
732717,8,1,0,0.0,0,0,0,0.0,,14494,1.3022457891453525,True,True
733269,8,2,2,1.0,1,1,0,0.6666666666666666,"oth from the University of Arkansas. Mohsin Hussain , age 49, has served as the Chief Technology Officer",33,0.0,True,True
740260,8,1,1,1.0,0,0,0,0.0,,15185,1.0525556917309495,True,False
749251,8,1,1,1.0,0,0,0,0.0,,7342,1.0011954572624029,True,True
750577,8,2,2,1.0,0,0,0,0.0,,24516,1.8710918710918711,True,True
764038,8,2,2,1.0,0,0,0,0.0,,71323,2.468961181832469,True,True
769397,8,1,1,1.0,0,0,0,0.0,,13347,1.1128134827836464,True,True
780571,8,1,0,0.0,1,0,0,0.3333333333333333,"8 as part of Itron's acquisition of SSNI, and, from 2016 to 2018, he was SSNI's Chief Technology Officer",33,0.0,True,True
785786,0,0,0,,0,0,0,0.0,,6752,0.6446414182111201,True,True
785956,8,1,1,1.0,0,0,0,0.0,,453,0.0,True,False
789570,8,2,2,1.0,1,1,0,0.6666666666666666,"e Company, Mr. Mandadi served as Executive Vice President of Digital and Global Chief Technology Officer",39138,2.231382978723404,True,True
790359,8,0,0,,0,0,0,0.0,,14018,2.046882962459657,True,True
795266,0,0,0,,0,0,0,0.0,,31078,1.791044776119403,True,True
796343,8,0,0,,1,1,0,0.6666666666666666,"Lewnes is a board member of Mattel. Abhay Parasnis 47 Executive Vice President, Chief Technology Officer",8285,0.5906286914293214,True,True
798354,8,1,1,1.0,1,0,0,0.3333333333333333,man 56 Chief Administrative Officer and Chief Legal Officer Byron C. Vielehr 58 Chief Digital and Data Officer,12740,0.8708029808255882,True,True
804328,8,1,0,0.0,1,0,0,0.3333333333333333,"from Georgetown University Law Center. James H. Thompson, age 58, has served as Chief Technology Officer",23582,3.3871653208669783,True,True
816956,8,2,2,1.0,0,0,0,0.0,,16493,2.195659012268009,True,True
817720,8,2,2,1.0,0,0,0,0.0,,8512,1.1801632140615193,True,True
822416,1,1,1,1.0,0,0,0,0.0,,8719,2.3855827823155713,True,True
825542,8,1,0,0.0,0,0,0,0.0,,32750,2.4904336734693877,True,True
827876,6,4,4,1.0,0,0,0,0.0,,4411,1.8751542067604243,True,True
832988,8,4,2,0.5,0,0,0,0.0,,13286,1.6538305634373733,True,True
833079,8,4,4,1.0,0,0,0,0.0,,8427,2.0564458941994044,True,True
842023,8,1,0,0.0,0,0,0,0.0,,8184,1.3443072702331962,True,True
849399,8,1,1,1.0,0,0,0,0.0,,6787,1.9024780175859313,True,True
851205,8,1,1,1.0,0,0,0,0.0,,7748,1.341741580571582,True,True
851310,8,5,5,1.0,0,0,0,0.0,,5548,1.4627111660486196,True,True
851520,7,0,0,,0,0,0,0.0,,4692,0.9050823857043397,True,True
857005,8,2,2,1.0,0,0,0,0.0,,8709,0.8028098344204716,True,True
858877,8,0,0,,0,0,0,0.0,,15578,2.2561708748850697,True,True
860748,8,3,3,1.0,0,0,0,0.0,,17544,4.6879063719115734,True,True
864749,7,2,2,1.0,0,0,0,0.0,,6502,1.2269938650306749,True,True
866374,8,2,2,1.0,0,0,0,0.0,,11253,1.2377415976387698,True,True
866729,8,5,5,1.0,0,0,0,0.0,,8,0.0,True,True
874761,8,0,0,,0,0,0,0.0,,23808,2.153972527723269,True,True
875045,8,3,3,1.0,0,0,0,0.0,,40562,2.154094800373747,True,True
876523,8,6,3,0.5,1,0,0,0.3333333333333333,"al Officer John Blair Powell, Jr. 54 Chief Operating Officer Keith Robertson 58 Chief Information Officer",1042,0.6369426751592356,True,False
879101,0,0,0,,0,0,0,0.0,,26603,2.08744376923684,True,True
885550,0,0,0,,0,0,0,0.0,,8898,1.5710291572360537,True,True
885639,0,0,0,,1,1,0,0.6666666666666666,"rience. Paul Gaffney Mr. Gaffney has served as Senior Executive Vice President, Chief Technology Officer",6033,1.4338821030270845,True,False
886982,8,5,5,1.0,0,0,0,0.0,,41619,1.4382709650668601,True,True
887936,8,1,1,1.0,0,0,0,0.0,,10219,1.2078076135015636,True,True
889331,6,0,0,,0,0,0,0.0,,12442,1.5246558633908347,True,True
895417,8,0,0,,0,0,0,0.0,,8398,0.47104461069548353,True,True
898293,8,0,0,,1,0,0,0.3333333333333333,"om Edinburgh Business School. May Yap (age 52) was named Senior Vice President, Chief Information Officer",8074,0.9356393535582648,True,True
899051,8,1,1,1.0,0,0,0,0.0,,48270,3.415866369304993,True,True
900075,8,0,0,,0,0,0,0.0,,8489,1.1026073420677132,True,True
906553,8,2,1,0.5,0,0,0,0.0,,14340,1.4245014245014245,True,True
908255,8,2,2,1.0,0,0,0,0.0,,11832,1.585575790522787,True,True
912093,8,2,2,1.0,0,0,0,0.0,,7244,1.0043942247332078,True,True
913760,8,5,5,1.0,0,0,0,0.0,,21470,1.1350737797956867,True,True
914208,8,6,6,1.0,0,0,0,0.0,,10713,0.939022940687032,True,True
915913,8,1,1,1.0,0,0,0,0.0,,45387,1.9185752971955754,True,True
916365,8,1,1,1.0,1,0,0,0.3333333333333333," August 2018, prior to which he served as the Company's Senior Vice President – Chief Information Officer",3812,2.1698365925529064,True,True
917273,8,2,2,1.0,0,0,0,0.0,,10494,0.9671381031613977,True,True
920148,8,0,0,,0,0,0,0.0,,6742,1.1198738170347002,True,True
920760,2,2,2,1.0,0,0,0,0.0,,12766,0.8758868354208637,True,True
927066,8,3,1,0.3333333333333333,0,0,0,0.0,,13665,1.681200408515987,True,True
927628,8,6,6,1.0,0,0,0,0.0,,59586,2.5036605867785027,True,True
927653,8,0,0,,1,1,0,0.6666666666666666," Service with the Company - 11 years. Nancy Flores 55 Executive Vice President, Chief Information Officer",17520,2.110135866297944,True,True
931015,8,3,3,1.0,0,0,0,0.0,,6351,1.6067882289221882,True,True
933036,8,3,2,0.6666666666666666,0,0,0,0.0,,30626,2.9221212930804166,True,True
933974,8,0,0,,0,0,0,0.0,,10571,1.3903251752269332,True,True
935703,8,1,1,1.0,1,0,0,0.3333333333333333,Chief Merchandising Officer; Chief Logistics Officer; Chief People Officer; and Chief Information Officer,15485,3.701758991861381,True,True
936395,8,0,0,,1,1,0,0.6666666666666666,xecutive Officer and Director Stephen B. Alexander 63 Senior Vice President and Chief Technology Officer,12077,1.3769670958512161,True,True
936528,8,3,3,1.0,0,0,0,0.0,,24,0.0,True,True
939767,7,1,1,1.0,0,0,0,0.0,,13063,0.5937302089930335,True,True
943452,8,1,1,1.0,1,1,0,0.6666666666666666,and Chief Human Resources Officer Eric Gebhardt 53 Executive Vice President and Chief Technology Officer,7749,1.9534497090606817,True,True
943819,8,1,1,1.0,0,0,0,0.0,,7904,1.125312586829675,True,True
1000228,8,2,2,1.0,1,0,0,0.3333333333333333,esident and General Counsel Christopher Pendergast 59 Senior Vice President and Chief Technology Officer,8763,1.3154718802799903,True,True
1000697,8,1,1,1.0,0,0,0,0.0,,0,,True,True
1000753,6,1,1,1.0,0,0,0,0.0,,9398,1.3322231473771857,True,True
1002910,8,0,0,,1,0,0,0.3333333333333333,r Experience; Ameren Illinois February 2019 – Present Senior Vice President and Chief Information Officer,25364,0.7760532150776053,True,True
1013237,8,0,0,,1,1,0,0.6666666666666666,"ent, Chief Content Officer 2022 Katherine M. Stepp 37 Executive Vice President, Chief Technology Officer",17989,2.1609117580681563,True,True
1014473,8,1,1,1.0,0,0,0,0.0,,5173,0.6381620931716656,True,True
1020569,8,0,0,,0,0,0,0.0,,32151,1.8865331088278754,True,True
1022671,8,3,3,1.0,0,0,0,0.0,,6871,1.268911664226452,True,True
1024478,8,0,0,,1,1,0,0.6666666666666666," President, North America 46 Christopher Nardecchia — Senior Vice President and Chief Information Officer",12012,0.8174887480481308,True,True
1035983,8,1,1,1.0,0,0,0,0.0,,10689,1.1500207210940738,True,True
1039399,8,2,2,1.0,0,0,0,0.0,,19067,2.5607136956880887,True,True
1039684,8,2,2,1.0,0,0,0,0.0,,9408,1.2310170271514036,True,True
1043277,8,0,0,,1,1,0,0.6666666666666666,ESG Officer Jordan T. Kass 49 President of Managed Services Michael W. Neill 51 Chief Technology Officer,7145,1.021385253750399,True,True
1043509,8,5,3,0.6,1,0,0,0.3333333333333333, Officer since April 2013. Mr. Byrd was previously a Vice President and Sonic’s Chief Information Officer,37729,2.144355974589669,True,True
1045609,0,0,0,,0,0,0,0.0,,10236,0.7957844929562319,True,True
1045810,8,1,1,1.0,0,0,0,0.0,,6428,0.9522245936627811,True,True
1046257,8,1,1,1.0,0,0,0,0.0,,10775,2.762539184952978,True,True
1046311,8,0,0,,0,0,0,0.0,,41068,1.6695777252645638,True,True
1048911,8,2,2,1.0,1,1,0,0.6666666666666666,42 - Robert B. Carter Executive Vice President — FedEx Information Services and Chief Information Officer,22523,1.2585267833536038,True,True
1057352,8,0,0,,0,0,0,0.0,,27784,2.2109406614428133,True,True
1060822,7,3,3,1.0,0,0,0,0.0,,26940,2.527296327403222,True,True
1061983,0,0,0,,0,0,0,0.0,,4753,0.9839816933638444,True,True
1065088,8,2,2,1.0,0,0,0,0.0,,25193,3.162120773146807,True,True
1065280,0,0,0,,0,0,0,0.0,,5508,0.6190672719768882,True,True
1067294,3,0,0,,1,0,0,0.3333333333333333,"esident, Chief Marketing Officer Bruce A. Hoffmeister 61 Senior Vice President, Chief Information Officer",10347,1.523109243697479,True,True
1071739,8,0,0,,1,1,0,0.6666666666666666,"esident, Chief Financial Officer Mark J. Brooks 52 Executive Vice President and Chief Information Officer",10831,1.49895073448586,True,True
1076930,8,0,0,,0,0,0,0.0,,10696,1.5021247158810158,True,True
1078271,8,1,1,1.0,0,0,0,0.0,,8164,0.818421417672354,True,True
1088856,0,0,0,,0,0,0,0.0,,3867,1.45748987854251,True,True
1089063,8,2,2,1.0,1,1,0,0.6666666666666666,ano 58 Executive Vice President - Stores Vlad Rak 45 Executive Vice President - Chief Technology Officer,17788,3.015863792201755,True,True
1092699,8,0,0,,0,0,0,0.0,,4299,0.5032712632108707,True,True
1093557,8,1,1,1.0,0,0,0,0.0,,6152,0.8752359704822379,True,True
1095073,0,0,0,,0,0,0,0.0,,14526,3.277528884697005,True,True
1099219,8,7,6,0.8571428571428571,0,0,0,0.0,,46373,1.7003112913876048,True,True
1101239,8,0,0,,0,0,0,0.0,,13240,0.9914668833807395,True,True
1101302,8,1,1,1.0,1,0,0,0.3333333333333333,"ce President, General Counsel & Secretary Jim O’Neill 57 Senior Vice President, Chief Technology Officer",8934,0.6564029120420097,True,True
1104657,8,1,1,1.0,0,0,0,0.0,,8637,0.9786917740336968,True,True
1107843,8,0,0,,0,0,0,0.0,,6398,0.9051290646999665,True,True
1108524,8,0,0,,1,1,0,0.6666666666666666,"Benioff 57 Chair of the Board, Co-CEO and co-Founder Parker Harris 55 Director, Chief Technology Officer",8769,0.7040543821315853,True,True
1109354,8,1,0,0.0,0,0,0,0.0,,8,0.0,True,True
1110803,6,2,2,1.0,0,0,0,0.0,,8,0.0,True,True
1111711,8,1,1,1.0,0,0,0,0.0,,12283,0.9244444444444444,True,True
1113169,8,1,1,1.0,0,0,0,0.0,,9371,0.6368615462998344,True,True
1114483,8,2,2,1.0,0,0,0,0.0,,8311,1.774827259178973,True,True
1116132,8,2,2,1.0,0,0,0,0.0,,11683,1.4897227984159909,True,True
1120193,8,0,0,,0,0,0,0.0,,27732,2.3499167209790714,True,True
1125376,8,2,2,1.0,0,0,0,0.0,,59076,2.6570217535993272,True,True
1141391,8,0,0,,1,1,0,0.6666666666666666,"ations Edward McLaughlin President, Operations and Technology since May 2017 56 Chief Information Officer",8074,0.9357903829542182,True,True
1145197,8,0,0,,0,0,0,0.0,,5788,0.9354365370506236,True,True
1156039,8,0,0,,0,0,0,0.0,,16994,1.55160500031409,True,True
1163165,0,0,0,,0,0,0,0.0,,18926,2.098176718092567,True,True
1166691,8,1,0,0.0,0,0,0,0.0,,37751,1.38692799601362,True,True
1169770,8,8,7,0.875,0,0,0,0.0,,17401,1.8221471788377657,True,True
1170010,3,1,1,1.0,0,0,0,0.0,,22887,1.9686841864298141,True,True
1175454,8,1,1,1.0,0,0,0,0.0,,12890,0.9004329004329005,True,True
1177609,0,0,0,,0,0,0,0.0,,7229,0.9657594381035997,True,True
1177702,8,1,1,1.0,0,0,0,0.0,,6470,1.6101979201610197,True,True
1210677,3,2,2,1.0,0,0,0,0.0,,8,0.0,True,True
1235468,8,2,1,0.5,0,0,0,0.0,,9534,0.749524555319387,True,True
1237831,8,1,1,1.0,0,0,0,0.0,,2022,1.2272950417280315,True,True
1261333,6,1,1,1.0,0,0,0,0.0,,8094,0.8117981328642944,True,True
1262823,8,8,8,1.0,0,0,0,0.0,,14931,1.1158611694804725,True,True
1267238,8,1,1,1.0,0,0,0,0.0,,22236,2.990198292605809,True,True
1273813,4,4,4,1.0,1,0,0,0.3333333333333333,s and project financings. David A. Buzen has been the Chief Investment Officer (CIO,756,0.7905138339920948,True,True
1280058,8,1,1,1.0,1,0,0,0.3333333333333333,"sident of Global Product Development. Prior to joining us, Mr. McDearis was the Chief Information Officer",15932,0.8272244266594929,True,True
1282637,1,0,0,,0,0,0,0.0,,7474,0.903316866619619,True,True
1285785,8,3,3,1.0,0,0,0,0.0,,35,0.0,True,True
1286681,6,0,0,,1,1,0,0.6666666666666666,"President, Chief Marketing Officer Kelly E. Garcia 46 Executive Vice President, Chief Technology Officer",8,0.0,True,True
1289419,8,0,0,,0,0,0,0.0,,12419,0.9242618741976893,True,True
1297989,8,0,0,,0,0,0,0.0,,14751,0.9919493962047153,True,True
1314727,5,2,2,1.0,0,0,0,0.0,,8652,0.9463722397476341,True,True
1315257,8,4,3,0.75,0,0,0,0.0,,8608,1.342534504391468,True,True
1324404,8,2,2,1.0,0,0,0,0.0,,21544,1.5938575589091872,True,True
1324424,8,3,1,0.3333333333333333,0,0,0,0.0,,12689,1.5074092999489013,True,True
1326160,8,1,1,1.0,0,0,0,0.0,,39237,1.6024357022674465,True,True
1326380,5,4,3,0.75,0,0,0,0.0,,4612,1.0071942446043165,True,True
1327567,8,0,0,,0,0,0,0.0,,9087,1.2342661615544421,True,True
1327811,8,1,1,1.0,0,0,0,0.0,,7560,0.7566204287515763,True,True
1336920,7,0,0,,0,0,0,0.0,,7467,1.1783077796706416,True,True
1345016,8,5,5,1.0,0,0,0,0.0,,11543,1.4476818764889132,True,True
1350593,8,1,1,1.0,1,0,0,0.3333333333333333,"er at Georgia Tech, Georgia’s technology incubator. Prior to that, he served as Chief Technology Officer",17318,3.150792216398578,True,True
1357615,8,2,2,1.0,0,0,0,0.0,,31819,2.6124113819559094,True,True
1365135,8,1,1,1.0,0,0,0,0.0,,12261,1.3850174216027875,True,True
1370637,8,1,0,0.0,0,0,0,0.0,,10727,0.8055354745430136,True,True
1373670,5,5,5,1.0,0,0,0,0.0,,6008,0.9873323397913562,True,True
1373715,8,0,0,,0,0,0,0.0,,29503,1.0297526313789567,True,True
1384905,8,1,1,1.0,0,0,0,0.0,,7678,0.6603502727533735,True,True
1385280,8,2,1,0.5,0,0,0,0.0,,12774,0.948880150453069,True,True
1393311,8,0,0,,0,0,0,0.0,,13167,0.8706094265986191,True,True
1393818,8,1,1,1.0,0,0,0,0.0,,22248,1.6616044309451492,True,False
1398659,8,0,0,,0,0,0,0.0,,14525,1.0005800464037122,True,True
1403161,8,0,0,,0,0,0,0.0,,10099,1.1062163485070975,True,True
1405495,7,2,2,1.0,0,0,0,0.0,,26739,2.292330406402984,True,True
1406666,8,2,2,1.0,0,0,0,0.0,,5621,1.598044745252867,True,True
1408198,8,1,1,1.0,0,0,0,0.0,,14252,0.8862876254180602,True,True
1411207,8,1,1,1.0,0,0,0,0.0,,7021,1.1676140728222462,True,True
1415404,8,8,8,1.0,0,0,0,0.0,,24458,2.234468506479528,True,True
1420800,8,6,6,1.0,0,0,0,0.0,,11571,1.8176810795923988,True,True
1428336,8,2,2,1.0,0,0,0,0.0,,10236,0.7771755803251866,True,True
1433642,6,1,1,1.0,0,0,0,0.0,,12199,0.61778135911899,True,True
1443669,8,1,0,0.0,1,0,0,0.3333333333333333,cas Daniel Schumacher 47 Interim Chief Financial Officer Arthur R. Baker III 54 Chief Technology Officer,7787,0.625177607274794,True,True
1447669,8,1,1,1.0,0,0,0,0.0,,8946,0.9308510638297872,True,True
1459200,8,2,2,1.0,0,0,0,0.0,,16425,0.8157894736842105,True,True
1466258,8,2,2,1.0,1,1,0,0.6666666666666666,2015 to January 2018) Paul A. Camuti (60) 8/1/2011 Executive Vice President and Chief Technology and Strategy Officer,10432,1.1369404121408995,True,True
1467373,8,0,0,,0,0,0,0.0,,6411,0.9899300221880867,True,True
1467858,7,2,2,1.0,0,0,0,0.0,,30555,2.109806629834254,True,True
1469367,8,5,5,1.0,0,0,0,0.0,,9998,0.9670976558393777,True,True
1474735,8,1,1,1.0,0,0,0,0.0,,19059,2.2173794606374284,True,True
1475922,2,1,0,0.0,0,0,0,0.0,,29499,2.4310963635132388,True,True
1478242,8,2,1,0.5,0,0,0,0.0,,7477,0.9989563142984941,True,True
1486159,1,1,1,1.0,0,0,0,0.0,,38560,2.6072240731926595,True,True
1490978,1,1,1,1.0,0,0,0,0.0,,12806,0.8570418801908465,True,True
1494259,4,0,0,,0,0,0,0.0,,16597,0.9654114187072438,True,True
1497770,8,3,3,1.0,0,0,0,0.0,,18985,1.2400193563997097,True,True
1504776,0,0,0,,0,0,0,0.0,,8370,1.142930525234365,True,True
1507605,2,0,0,,0,0,0,0.0,,4289,2.3336909871244633,True,True
1516513,2,1,1,1.0,0,0,0,0.0,,6468,0.4312489633438381,True,True
1520697,8,1,1,1.0,0,0,0,0.0,,37273,3.308647537521471,True,True
1521332,8,2,2,1.0,0,0,0,0.0,,19433,2.9221456898351077,True,True
1524472,8,1,1,1.0,1,1,0,0.6666666666666666,"utive Officer, Kennametal, Inc. Lila Tretikov Corporate Vice President & Deputy Chief Technology Officer",12359,1.5551408513285345,True,True
1525221,0,0,0,,0,0,0,0.0,,7760,1.525563496426608,True,True
1526520,8,4,3,0.75,0,0,0,0.0,,31153,1.2563337266606511,True,True
1530950,8,4,3,0.75,0,0,0,0.0,,14613,1.1930667066856757,True,True
1531152,5,0,0,,1,1,0,0.6666666666666666,"ity. Scott Kessler 55 Scott Kessler has served as our Executive Vice President, Chief Information Officer",23228,2.699126753109288,True,True
1534504,0,0,0,,0,0,0,0.0,,26313,1.0904134484325307,True,True
1535527,4,0,0,,1,1,0,0.6666666666666666,"ecurity technology company, including as Executive Vice President and Worldwide Chief Technology Officer",8918,0.7520621057738962,True,True
1547903,8,4,4,1.0,0,0,0,0.0,,23679,2.861156637789745,True,True
1551152,8,1,1,1.0,0,0,0,0.0,,9465,1.0296934865900382,True,True
1551306,5,1,1,1.0,0,0,0,0.0,,8479,0.6198074640643545,True,True
1552033,8,2,2,1.0,1,1,0,0.6666666666666666,"rkets and Consumer Interactive Abhinav (Abhi) Dhar 50 Executive Vice President, Chief Information & Technology Officer",14556,1.2751829774390704,True,True
1555280,8,0,0,,1,1,0,0.6666666666666666,er Worldwide Human Resources. Wafaa Mamilli Age 54 Executive Vice President and Chief Information and Digital Officer,65,0.0,True,True
1562088,1,0,0,,1,0,0,0.3333333333333333,"a Clemens /s/ Bing Gordon Director March 4, 2022 Bing Gordon /s/ Severin Hacker Chief Technology Officer",8741,0.620815581253804,True,True
1569345,3,0,0,,0,0,0,0.0,,8455,1.1800583399628746,True,True
1578732,5,0,0,,0,0,0,0.0,,9373,1.234707748074309,True,True
1579241,8,1,1,1.0,1,1,0,0.6666666666666666,"2013 to 2017. Tracy L. Kemp , age 53, has served as our Senior Vice President – Chief Information and Digital Officer",22714,3.0231287561464213,True,True
1579877,8,2,2,1.0,0,0,0,0.0,,12945,0.915735528858271,True,True
1581760,2,0,0,,0,0,0,0.0,,0,,False,False
1584509,8,2,1,0.5,0,0,0,0.0,,10663,1.7893043827905106,True,True
1590714,8,4,3,0.75,0,0,0,0.0,,6648,0.85667215815486,True,True
1596532,5,0,0,,0,0,0,0.0,,7194,0.8225437928408226,True,True
1596967,0,0,0,,0,0,0,0.0,,6191,1.1736689913250553,True,True
1597033,8,2,2,1.0,1,1,0,0.6666666666666666,sident and Chief Commercial Officer David Moore 59 Executive Vice President and Chief Technology Officer,20313,2.2255590711642625,True,True
1600033,8,2,2,1.0,0,0,0,0.0,,5239,1.1532125205930808,True,True
1601712,8,3,3,1.0,0,0,0,0.0,,13,0.0,True,True
1613103,8,1,1,1.0,0,0,0,0.0,,179,0.0,True,True
1616862,8,2,2,1.0,0,0,0,0.0,,10300,1.0193574958813838,True,True
1620533,0,0,0,,0,0,0,0.0,,13024,1.2882979601948963,True,True
1622536,0,0,0,,0,0,0,0.0,,0,,False,False
1625297,0,0,0,,0,0,0,0.0,,0,,False,False
1626115,8,1,1,1.0,0,0,0,0.0,,2699,1.1841567986933441,True,True
1627223,7,3,2,0.6666666666666666,0,0,0,0.0,,36348,2.0029395659817286,True,True
1627475,6,1,1,1.0,0,0,0,0.0,,10749,0.769610261470153,True,True
1633917,8,2,2,1.0,0,0,0,0.0,,12581,1.8734177215189873,True,True
1633978,8,0,0,,0,0,0,0.0,,11767,0.9582603888325808,True,True
1635088,0,0,0,,0,0,0,0.0,,9247,0.9996592070884925,True,True
1639691,8,3,0,0.0,0,0,0,0.0,,33266,2.8729281767955803,True,True
1650164,4,1,1,1.0,0,0,0,0.0,,9934,0.7021063189568706,True,True
1662991,0,0,0,,0,0,0,0.0,,40535,3.2143124112326515,True,True
1664703,1,0,0,,0,0,0,0.0,,13547,1.0683268003996618,True,True
1665918,6,1,1,1.0,1,1,0,0.6666666666666666,", Insights and Financial Planning John A. Tonnison 53 Executive Vice President, Chief Information and Digital Officer",7427,1.2327560904021133,True,False
1666700,8,3,2,0.6666666666666666,0,0,1,0.3333333333333333,,16445,1.672593177927038,True,True
1668397,8,3,3,1.0,0,0,0,0.0,,6687,1.022977651872836,True,True
1670541,8,2,2,1.0,0,0,0,0.0,,13566,2.873060087544767,True,True
1674910,8,2,2,1.0,0,0,0,0.0,,10261,1.1061946902654867,True,True
1675149,8,3,3,1.0,0,0,0,0.0,,15810,2.212890755182297,True,True
1679273,7,1,1,1.0,0,0,0,0.0,,1483,1.5267175572519085,True,True
1682745,7,0,0,,0,0,0,0.0,,11933,1.2928985645023292,True,True
1687229,6,2,2,1.0,0,0,0,0.0,,13763,1.4288007705891796,True,True
1688568,7,3,2,0.6666666666666666,1,1,0,0.6666666666666666,cer of DXC in August 2021. He previously served as Executive Vice President and Chief Information Officer,10079,1.8741042883915775,True,True
1692787,1,0,0,,0,0,0,0.0,,27597,2.157187557518866,True,True
1701605,8,3,2,0.6666666666666666,0,0,1,0.3333333333333333,,31,0.0,True,True
1713445,0,0,0,,0,0,0,0.0,,0,,False,False
1730168,7,0,0,,0,0,0,0.0,,7308,1.2940330697340043,True,True
1734722,3,1,1,1.0,0,0,0,0.0,,10217,0.4258412962193602,True,True
1739104,6,3,3,1.0,0,0,0,0.0,,7900,1.866337313023192,True,True
1739940,7,0,0,,1,1,0,0.6666666666666666," 2008 until December 2009. NOELLE K. EDER, 52, Executive Vice President, Global Chief Information Officer",51557,2.2175924998497565,True,True
1748790,6,0,0,,0,0,0,0.0,,9872,3.2537739698082415,True,True
1751008,4,1,1,1.0,0,0,0,0.0,,14270,0.7656508031827053,True,True
1751788,6,1,1,1.0,1,0,0,0.3333333333333333,"ril 2019. A. N. Sreeram, 54 Senior Vice President of Research & Development and Chief Technology Officer",31086,1.7509459924320605,True,True
1754301,5,3,3,1.0,0,0,0,0.0,,11560,1.480154614876968,True,True
1755672,6,3,3,1.0,1,0,0,0.3333333333333333,"ton , age 53, joined Corteva in November 2020 and became Senior Vice President, Chief Technology Officer",22219,1.5053656597774245,True,True
1756262,0,0,0,,0,0,0,0.0,,33231,3.829644738043776,True,True
1757073,6,1,1,1.0,0,0,0,0.0,,42327,3.1293009779065555,True,True
1759655,3,0,0,,0,0,0,0.0,,12693,0.5228978662393523,True,True
1782170,0,0,0,,0,0,0,0.0,,10292,1.0488058151609554,True,True
1786431,5,2,2,1.0,0,0,0,0.0,,7325,0.944386149003148,True,True
1792044,5,2,1,0.5,0,0,0,0.0,,14444,1.5468409586056644,True,True
1792580,5,2,2,1.0,0,0,0,0.0,,13255,1.5236369626091253,True,True
1792789,4,1,1,1.0,0,0,0,0.0,,9819,1.3590033975084939,True,True
1793659,0,0,0,,0,0,0,0.0,,13660,0.9137892292712156,True,True
1794669,5,1,1,1.0,0,0,0,0.0,,14816,1.10907087770841,True,True
1819928,3,1,1,1.0,0,0,0,0.0,,11515,0.9278870398386283,True,True
1821825,3,0,0,,0,0,0,0.0,,10589,1.6913105124569576,True,True
1822479,4,0,0,,0,0,0,0.0,,21403,1.7819552552993587,True,True
1827090,4,0,0,,0,0,0,0.0,,13078,0.7518796992481203,True,True
1832466,3,1,1,1.0,0,0,0,0.0,,8,0.0,True,True
1834622,4,2,2,1.0,0,0,0,0.0,,9486,0.9552307515249165,True,True
1841408,0,0,0,,1,0,0,0.3333333333333333,"ering usage-based insurance policies, since 2014, where he previously served as Chief Technology Officer",42,0.0,True,True
1866581,4,1,1,1.0,0,0,0,0.0,,6747,0.83166999334664,True,True
1867072,4,1,1,1.0,0,0,0,0.0,,9446,1.5488867376573088,True,True
1869198,3,1,1,1.0,0,0,0,0.0,,11431,1.099734546833523,True,True
1877322,3,0,0,,0,0,0,0.0,,0,,False,False
1889539,4,1,1,1.0,0,0,0,0.0,,0,,False,False
1895262,1,1,1,1.0,0,0,0,0.0,,0,,False,False
1929561,2,1,1,1.0,0,0,0,0.0,,0,,False,False
1944048,1,0,0,,0,0,0,0.0,,0,,False,False
1957132,0,0,0,,0,0,0,0.0,,0,,False,False
1965040,2,0,0,,0,0,0,0.0,,0,,False,False
1967680,2,0,0,,0,0,0,0.0,,0,,False,False
1968915,1,0,0,,0,0,0,0.0,,0,,False,False
1974138,2,0,0,,0,0,0,0.0,,0,,False,False
1996810,1,0,0,,0,0,0,0.0,,0,,False,False
1999001,1,0,0,,0,0,0,0.0,,0,,False,False
2012383,1,0,0,,0,0,0,0.0,,0,,False,False
2020795,0,0,0,,0,0,0,0.0,,0,,False,False
2023554,0,0,0,,0,0,0,0.0,,0,,False,False
