ticker,name,gics_sector,index,cik
MMM,3M,Industrials,S&P 500,66740.0
AOS,A. O. Smith,Industrials,S&P 500,91142.0
ABT,Abbott Laboratories,Health Care,S&P 500,1800.0
ABBV,AbbVie,Health Care,S&P 500,1551152.0
ACN,Accenture,Information Technology,S&P 500,1467373.0
ADBE,Adobe Inc.,Information Technology,S&P 500,796343.0
AMD,Advanced Micro Devices,Information Technology,S&P 500,2488.0
AES,AES Corporation,Utilities,S&P 500,874761.0
AFL,Aflac,Financials,S&P 500,4977.0
A,Agilent Technologies,Health Care,S&P 500,1090872.0
APD,Air Products,Materials,S&P 500,2969.0
ABNB,Airbnb,Consumer Discretionary,S&P 500,1559720.0
AKAM,Akamai Technologies,Information Technology,S&P 500,1086222.0
ALB,Albemarle Corporation,Materials,S&P 500,915913.0
ARE,Alexandria Real Estate Equities,Real Estate,S&P 500,1035443.0
ALGN,Align Technology,Health Care,S&P 500,1097149.0
ALLE,Allegion,Industrials,S&P 500,1579241.0
LNT,Alliant Energy,Utilities,S&P 500,352541.0
ALL,Allstate,Financials,S&P 500,899051.0
GOOGL,Alphabet Inc. (Class A),Communication Services,S&P 500,1652044.0
GOOG,Alphabet Inc. (Class C),Communication Services,S&P 500,1652044.0
MO,Altria,Consumer Staples,S&P 500,764180.0
AMZN,Amazon,Consumer Discretionary,S&P 500,1018724.0
AMCR,Amcor,Materials,S&P 500,1748790.0
AEE,Ameren,Utilities,S&P 500,1002910.0
AEP,American Electric Power,Utilities,S&P 500,4904.0
AXP,American Express,Financials,S&P 500,4962.0
AIG,American International Group,Financials,S&P 500,5272.0
AMT,American Tower,Real Estate,S&P 500,1053507.0
AWK,American Water Works,Utilities,S&P 500,1410636.0
AMP,Ameriprise Financial,Financials,S&P 500,820027.0
AME,Ametek,Industrials,S&P 500,1037868.0
AMGN,Amgen,Health Care,S&P 500,318154.0
APH,Amphenol,Information Technology,S&P 500,820313.0
ADI,Analog Devices,Information Technology,S&P 500,6281.0
AON,Aon plc,Financials,S&P 500,315293.0
APA,APA Corporation,Energy,S&P 500,1841666.0
APO,Apollo Global Management,Financials,S&P 500,1858681.0
AAPL,Apple Inc.,Information Technology,S&P 500,320193.0
AMAT,Applied Materials,Information Technology,S&P 500,6951.0
APP,AppLovin,Communication Services,S&P 500,1751008.0
APTV,Aptiv,Consumer Discretionary,S&P 500,1521332.0
ACGL,Arch Capital Group,Financials,S&P 500,947484.0
ADM,Archer Daniels Midland,Consumer Staples,S&P 500,7084.0
ARES,Ares Management,Financials,S&P 500,1176948.0
ANET,Arista Networks,Information Technology,S&P 500,1596532.0
AJG,Arthur J. Gallagher & Co.,Financials,S&P 500,354190.0
AIZ,Assurant,Financials,S&P 500,1267238.0
T,AT&T,Communication Services,S&P 500,732717.0
ATO,Atmos Energy,Utilities,S&P 500,731802.0
ADSK,Autodesk,Information Technology,S&P 500,769397.0
ADP,Automatic Data Processing,Industrials,S&P 500,8670.0
AZO,AutoZone,Consumer Discretionary,S&P 500,866787.0
AVY,Avery Dennison,Materials,S&P 500,8818.0
AXON,Axon Enterprise,Industrials,S&P 500,1069183.0
BKR,Baker Hughes,Energy,S&P 500,1701605.0
BALL,Ball Corporation,Materials,S&P 500,9389.0
BAC,Bank of America,Financials,S&P 500,70858.0
BAX,Baxter International,Health Care,S&P 500,10456.0
BDX,Becton Dickinson,Health Care,S&P 500,10795.0
BRK-B,Berkshire Hathaway,Financials,S&P 500,1067983.0
BBY,Best Buy,Consumer Discretionary,S&P 500,764478.0
TECH,Bio-Techne,Health Care,S&P 500,842023.0
BIIB,Biogen,Health Care,S&P 500,875045.0
BLK,BlackRock,Financials,S&P 500,2012383.0
BX,Blackstone Inc.,Financials,S&P 500,1393818.0
XYZ,"Block, Inc.",Financials,S&P 500,1512673.0
BE,Bloom Energy,Industrials,S&P 500,1664703.0
BNY,BNY Mellon,Financials,S&P 500,1390777.0
BA,Boeing,Industrials,S&P 500,12927.0
BKNG,Booking Holdings,Consumer Discretionary,S&P 500,1075531.0
BSX,Boston Scientific,Health Care,S&P 500,885725.0
BMY,Bristol Myers Squibb,Health Care,S&P 500,14272.0
AVGO,Broadcom,Information Technology,S&P 500,1730168.0
BR,Broadridge Financial Solutions,Industrials,S&P 500,1383312.0
BRO,Brown & Brown,Financials,S&P 500,79282.0
BF-B,Brown–Forman,Consumer Staples,S&P 500,14693.0
BG,Bunge Global,Consumer Staples,S&P 500,1996862.0
BXP,"BXP, Inc.",Real Estate,S&P 500,1037540.0
CHRW,C.H. Robinson,Industrials,S&P 500,1043277.0
CDNS,Cadence Design Systems,Information Technology,S&P 500,813672.0
CPT,Camden Property Trust,Real Estate,S&P 500,906345.0
COF,Capital One,Financials,S&P 500,927628.0
CAH,Cardinal Health,Health Care,S&P 500,721371.0
CCL,Carnival Corporation,Consumer Discretionary,S&P 500,815097.0
CARR,Carrier Global,Industrials,S&P 500,1783180.0
CVNA,Carvana,Consumer Discretionary,S&P 500,1690820.0
CASY,Casey's,Consumer Staples,S&P 500,726958.0
CAT,Caterpillar Inc.,Industrials,S&P 500,18230.0
CBOE,Cboe Global Markets,Financials,S&P 500,1374310.0
CBRE,CBRE Group,Real Estate,S&P 500,1138118.0
CDW,CDW Corporation,Information Technology,S&P 500,1402057.0
COR,Cencora,Health Care,S&P 500,1140859.0
CNC,Centene Corporation,Health Care,S&P 500,1071739.0
CNP,CenterPoint Energy,Utilities,S&P 500,1130310.0
CF,CF Industries,Materials,S&P 500,1324404.0
CRL,Charles River Laboratories,Health Care,S&P 500,1100682.0
SCHW,Charles Schwab Corporation,Financials,S&P 500,316709.0
CHTR,Charter Communications,Communication Services,S&P 500,1091667.0
CVX,Chevron Corporation,Energy,S&P 500,93410.0
CMG,Chipotle Mexican Grill,Consumer Discretionary,S&P 500,1058090.0
CB,Chubb Limited,Financials,S&P 500,896159.0
CHD,Church & Dwight,Consumer Staples,S&P 500,313927.0
CIEN,Ciena,Information Technology,S&P 500,936395.0
CI,Cigna,Health Care,S&P 500,1739940.0
CINF,Cincinnati Financial,Financials,S&P 500,20286.0
CTAS,Cintas,Industrials,S&P 500,723254.0
CSCO,Cisco,Information Technology,S&P 500,858877.0
C,Citigroup,Financials,S&P 500,831001.0
CFG,Citizens Financial Group,Financials,S&P 500,759944.0
CLX,Clorox,Consumer Staples,S&P 500,21076.0
CME,CME Group,Financials,S&P 500,1156375.0
CMS,CMS Energy,Utilities,S&P 500,811156.0
KO,Coca-Cola Company (The),Consumer Staples,S&P 500,21344.0
CTSH,Cognizant,Information Technology,S&P 500,1058290.0
COHR,Coherent Corp.,Information Technology,S&P 500,820318.0
COIN,Coinbase,Financials,S&P 500,1679788.0
CL,Colgate-Palmolive,Consumer Staples,S&P 500,21665.0
CMCSA,Comcast,Communication Services,S&P 500,1166691.0
FIX,Comfort Systems USA,Industrials,S&P 500,1035983.0
COP,ConocoPhillips,Energy,S&P 500,1163165.0
ED,Consolidated Edison,Utilities,S&P 500,1047862.0
STZ,Constellation Brands,Consumer Staples,S&P 500,16918.0
CEG,Constellation Energy,Utilities,S&P 500,1868275.0
COO,Cooper Companies (The),Health Care,S&P 500,711404.0
CPRT,Copart,Industrials,S&P 500,900075.0
GLW,Corning Inc.,Information Technology,S&P 500,24741.0
CPAY,Corpay,Financials,S&P 500,1175454.0
CTVA,Corteva,Materials,S&P 500,1755672.0
CSGP,CoStar Group,Real Estate,S&P 500,1057352.0
COST,Costco,Consumer Staples,S&P 500,909832.0
CRH,CRH plc,Materials,S&P 500,849395.0
CRWD,CrowdStrike,Information Technology,S&P 500,1535527.0
CCI,Crown Castle,Real Estate,S&P 500,1051470.0
CSX,CSX Corporation,Industrials,S&P 500,277948.0
CMI,Cummins,Industrials,S&P 500,26172.0
CVS,CVS Health,Health Care,S&P 500,64803.0
DHR,Danaher Corporation,Health Care,S&P 500,313616.0
DRI,Darden Restaurants,Consumer Discretionary,S&P 500,940944.0
DDOG,Datadog,Information Technology,S&P 500,1561550.0
DVA,DaVita,Health Care,S&P 500,927066.0
DECK,Deckers Brands,Consumer Discretionary,S&P 500,910521.0
DE,Deere & Company,Industrials,S&P 500,315189.0
DELL,Dell Technologies,Information Technology,S&P 500,1571996.0
DAL,Delta Air Lines,Industrials,S&P 500,27904.0
DVN,Devon Energy,Energy,S&P 500,1090012.0
DXCM,Dexcom,Health Care,S&P 500,1093557.0
FANG,Diamondback Energy,Energy,S&P 500,1539838.0
DLR,Digital Realty,Real Estate,S&P 500,1297996.0
DG,Dollar General,Consumer Staples,S&P 500,29534.0
DLTR,Dollar Tree,Consumer Staples,S&P 500,935703.0
D,Dominion Energy,Utilities,S&P 500,715957.0
DPZ,Domino's,Consumer Discretionary,S&P 500,1286681.0
DASH,DoorDash,Consumer Discretionary,S&P 500,1792789.0
DOV,Dover Corporation,Industrials,S&P 500,29905.0
DOW,Dow Inc.,Materials,S&P 500,1751788.0
DHI,D. R. Horton,Consumer Discretionary,S&P 500,882184.0
DTE,DTE Energy,Utilities,S&P 500,936340.0
DUK,Duke Energy,Utilities,S&P 500,1326160.0
DD,DuPont,Industrials,S&P 500,1666700.0
ETN,Eaton Corporation,Industrials,S&P 500,1551182.0
EBAY,eBay Inc.,Consumer Discretionary,S&P 500,1065088.0
ECHO,EchoStar,Communication Services,S&P 500,1415404.0
ECL,Ecolab,Materials,S&P 500,31462.0
EIX,Edison International,Utilities,S&P 500,827052.0
EW,Edwards Lifesciences,Health Care,S&P 500,1099800.0
ELV,Elevance Health,Health Care,S&P 500,1156039.0
EME,Emcor,Industrials,S&P 500,105634.0
EMR,Emerson Electric,Industrials,S&P 500,32604.0
ETR,Entergy,Utilities,S&P 500,65984.0
EOG,EOG Resources,Energy,S&P 500,821189.0
EQT,EQT Corporation,Energy,S&P 500,33213.0
EFX,Equifax,Industrials,S&P 500,33185.0
EQIX,Equinix,Real Estate,S&P 500,1101239.0
ERIE,Erie Indemnity,Financials,S&P 500,922621.0
ESS,Essex Property Trust,Real Estate,S&P 500,920522.0
EL,Estée Lauder Companies (The),Consumer Staples,S&P 500,1001250.0
EG,Everest Group,Financials,S&P 500,1095073.0
EVRG,Evergy,Utilities,S&P 500,1711269.0
P,Everpure,Information Technology,S&P 500,1474432.0
ES,Eversource Energy,Utilities,S&P 500,72741.0
EXC,Exelon,Utilities,S&P 500,1109357.0
EXE,Expand Energy,Energy,S&P 500,895126.0
EXPE,Expedia Group,Consumer Discretionary,S&P 500,1324424.0
EXPD,Expeditors International,Industrials,S&P 500,746515.0
EXR,Extra Space Storage,Real Estate,S&P 500,1289490.0
XOM,ExxonMobil,Energy,S&P 500,2115436.0
FFIV,"F5, Inc.",Information Technology,S&P 500,1048695.0
FDS,FactSet,Financials,S&P 500,1013237.0
FICO,Fair Isaac,Information Technology,S&P 500,814547.0
FAST,Fastenal,Industrials,S&P 500,815556.0
FRT,Federal Realty Investment Trust,Real Estate,S&P 500,34903.0
FDX,FedEx,Industrials,S&P 500,1048911.0
FDXF,FedEx Freight,Industrials,S&P 500,2082247.0
FERG,Ferguson Enterprises,Industrials,S&P 500,2011641.0
FIS,Fidelity National Information Services,Financials,S&P 500,1136893.0
FITB,Fifth Third Bancorp,Financials,S&P 500,35527.0
FSLR,First Solar,Information Technology,S&P 500,1274494.0
FE,FirstEnergy,Utilities,S&P 500,1031296.0
FISV,Fiserv,Financials,S&P 500,798354.0
FLEX,Flex Ltd.,Information Technology,S&P 500,866374.0
F,Ford Motor Company,Consumer Discretionary,S&P 500,37996.0
FTNT,Fortinet,Information Technology,S&P 500,1262039.0
FTV,Fortive,Industrials,S&P 500,1659166.0
FOXA,Fox Corporation (Class A),Communication Services,S&P 500,1754301.0
FOX,Fox Corporation (Class B),Communication Services,S&P 500,1754301.0
BEN,Franklin Resources,Financials,S&P 500,38777.0
FCX,Freeport-McMoRan,Materials,S&P 500,831259.0
GRMN,Garmin,Consumer Discretionary,S&P 500,1121788.0
IT,Gartner,Information Technology,S&P 500,749251.0
GE,GE Aerospace,Industrials,S&P 500,40545.0
GEHC,GE HealthCare,Health Care,S&P 500,1932393.0
GEV,GE Vernova,Industrials,S&P 500,1996810.0
GEN,Gen Digital,Information Technology,S&P 500,849399.0
GNRC,Generac,Industrials,S&P 500,1474735.0
GD,General Dynamics,Industrials,S&P 500,40533.0
GIS,General Mills,Consumer Staples,S&P 500,40704.0
GM,General Motors,Consumer Discretionary,S&P 500,1467858.0
GPC,Genuine Parts Company,Consumer Discretionary,S&P 500,40987.0
GILD,Gilead Sciences,Health Care,S&P 500,882095.0
GPN,Global Payments,Financials,S&P 500,1123360.0
GL,Globe Life,Financials,S&P 500,320335.0
GDDY,GoDaddy,Information Technology,S&P 500,1609711.0
GS,Goldman Sachs,Financials,S&P 500,886982.0
HAL,Halliburton,Energy,S&P 500,45012.0
HIG,Hartford (The),Financials,S&P 500,874766.0
HAS,Hasbro,Consumer Discretionary,S&P 500,46080.0
HCA,HCA Healthcare,Health Care,S&P 500,860730.0
DOC,Healthpeak Properties,Real Estate,S&P 500,765880.0
HSIC,Henry Schein,Health Care,S&P 500,1000228.0
HSY,Hershey Company (The),Consumer Staples,S&P 500,47111.0
HPE,Hewlett Packard Enterprise,Information Technology,S&P 500,1645590.0
HLT,Hilton Worldwide,Consumer Discretionary,S&P 500,1585689.0
HD,Home Depot (The),Consumer Discretionary,S&P 500,354950.0
HONA,Honeywell Aerospace,Industrials,S&P 500,2089271.0
HON,Honeywell Technologies,Industrials,S&P 500,773840.0
HRL,Hormel Foods,Consumer Staples,S&P 500,48465.0
HST,Host Hotels & Resorts,Real Estate,S&P 500,1070750.0
HWM,Howmet Aerospace,Industrials,S&P 500,4281.0
HPQ,HP Inc.,Information Technology,S&P 500,47217.0
HUBB,Hubbell Incorporated,Industrials,S&P 500,48898.0
HUM,Humana,Health Care,S&P 500,49071.0
HBAN,Huntington Bancshares,Financials,S&P 500,49196.0
HII,Huntington Ingalls Industries,Industrials,S&P 500,1501585.0
IBM,IBM,Information Technology,S&P 500,51143.0
IEX,IDEX Corporation,Industrials,S&P 500,832101.0
IDXX,Idexx Laboratories,Health Care,S&P 500,874716.0
ITW,Illinois Tool Works,Industrials,S&P 500,49826.0
ILMN,"Illumina, Inc.",Health Care,S&P 500,1110803.0
INCY,Incyte,Health Care,S&P 500,879169.0
IR,Ingersoll Rand,Industrials,S&P 500,1699150.0
PODD,Insulet Corporation,Health Care,S&P 500,1145197.0
INTC,Intel,Information Technology,S&P 500,50863.0
IBKR,Interactive Brokers,Financials,S&P 500,1381197.0
ICE,Intercontinental Exchange,Financials,S&P 500,1571949.0
IFF,International Flavors & Fragrances,Materials,S&P 500,51253.0
IP,International Paper,Materials,S&P 500,51434.0
INTU,Intuit,Information Technology,S&P 500,896878.0
ISRG,Intuitive Surgical,Health Care,S&P 500,1035267.0
IVZ,Invesco,Financials,S&P 500,914208.0
INVH,Invitation Homes,Real Estate,S&P 500,1687229.0
IQV,IQVIA,Health Care,S&P 500,1478242.0
IRM,Iron Mountain,Real Estate,S&P 500,1020569.0
JBHT,J.B. Hunt,Industrials,S&P 500,728535.0
JBL,Jabil,Information Technology,S&P 500,898293.0
JKHY,Jack Henry & Associates,Financials,S&P 500,779152.0
J,Jacobs Solutions,Industrials,S&P 500,52988.0
JNJ,Johnson & Johnson,Health Care,S&P 500,200406.0
JCI,Johnson Controls,Industrials,S&P 500,833444.0
JPM,JPMorgan Chase,Financials,S&P 500,19617.0
KVUE,Kenvue,Consumer Staples,S&P 500,1944048.0
KDP,Keurig Dr Pepper,Consumer Staples,S&P 500,1418135.0
KEY,KeyCorp,Financials,S&P 500,91576.0
KEYS,Keysight Technologies,Information Technology,S&P 500,1601046.0
KMB,Kimberly-Clark,Consumer Staples,S&P 500,55785.0
KIM,Kimco Realty,Real Estate,S&P 500,879101.0
KMI,Kinder Morgan,Energy,S&P 500,1506307.0
KKR,KKR & Co.,Financials,S&P 500,1404912.0
KLAC,KLA Corporation,Information Technology,S&P 500,319201.0
KHC,Kraft Heinz,Consumer Staples,S&P 500,1637459.0
KR,Kroger,Consumer Staples,S&P 500,56873.0
LHX,L3Harris,Industrials,S&P 500,202058.0
LH,Labcorp,Health Care,S&P 500,920148.0
LRCX,Lam Research,Information Technology,S&P 500,707549.0
LVS,Las Vegas Sands,Consumer Discretionary,S&P 500,1300514.0
LDOS,Leidos,Industrials,S&P 500,1336920.0
LEN,Lennar,Consumer Discretionary,S&P 500,920760.0
LII,Lennox International,Industrials,S&P 500,1069202.0
LLY,Lilly (Eli),Health Care,S&P 500,59478.0
LIN,Linde plc,Materials,S&P 500,1707925.0
LYV,Live Nation Entertainment,Communication Services,S&P 500,1335258.0
LMT,Lockheed Martin,Industrials,S&P 500,936468.0
L,Loews Corporation,Financials,S&P 500,60086.0
LOW,Lowe's,Consumer Discretionary,S&P 500,60667.0
LULU,Lululemon Athletica,Consumer Discretionary,S&P 500,1397187.0
LITE,Lumentum,Information Technology,S&P 500,1633978.0
LYB,LyondellBasell,Materials,S&P 500,1489393.0
MTB,M&T Bank,Financials,S&P 500,36270.0
MPC,Marathon Petroleum,Energy,S&P 500,1510295.0
MAR,Marriott International,Consumer Discretionary,S&P 500,1048286.0
MRSH,Marsh McLennan,Financials,S&P 500,62709.0
MLM,Martin Marietta Materials,Materials,S&P 500,916076.0
MRVL,Marvell Technology,Information Technology,S&P 500,1835632.0
MAS,Masco,Industrials,S&P 500,62996.0
MA,Mastercard,Financials,S&P 500,1141391.0
MKC,McCormick & Company,Consumer Staples,S&P 500,63754.0
MCD,McDonald's,Consumer Discretionary,S&P 500,63908.0
MCK,McKesson Corporation,Health Care,S&P 500,927653.0
MDT,Medtronic,Health Care,S&P 500,1613103.0
MRK,Merck & Co.,Health Care,S&P 500,310158.0
META,Meta Platforms,Communication Services,S&P 500,1326801.0
MET,MetLife,Financials,S&P 500,1099219.0
MTD,Mettler Toledo,Health Care,S&P 500,1037646.0
MGM,MGM Resorts,Consumer Discretionary,S&P 500,789570.0
MCHP,Microchip Technology,Information Technology,S&P 500,827054.0
MU,Micron Technology,Information Technology,S&P 500,723125.0
MSFT,Microsoft,Information Technology,S&P 500,789019.0
MAA,Mid-America Apartment Communities,Real Estate,S&P 500,912595.0
MRNA,Moderna,Health Care,S&P 500,1682852.0
MDLZ,Mondelez International,Consumer Staples,S&P 500,1103982.0
MPWR,Monolithic Power Systems,Information Technology,S&P 500,1280452.0
MNST,Monster Beverage,Consumer Staples,S&P 500,865752.0
MCO,Moody's Corporation,Financials,S&P 500,1059556.0
MS,Morgan Stanley,Financials,S&P 500,895421.0
MOS,Mosaic Company (The),Materials,S&P 500,1285785.0
MSI,Motorola Solutions,Information Technology,S&P 500,68505.0
MSCI,MSCI,Financials,S&P 500,1408198.0
NDAQ,"Nasdaq, Inc.",Financials,S&P 500,1120193.0
NTAP,NetApp,Information Technology,S&P 500,1002047.0
NFLX,Netflix,Communication Services,S&P 500,1065280.0
NEM,Newmont,Materials,S&P 500,1164727.0
NWSA,News Corp (Class A),Communication Services,S&P 500,1564708.0
NWS,News Corp (Class B),Communication Services,S&P 500,1564708.0
NEE,NextEra Energy,Utilities,S&P 500,753308.0
NKE,"Nike, Inc.",Consumer Discretionary,S&P 500,320187.0
NI,NiSource,Utilities,S&P 500,1111711.0
NDSN,Nordson Corporation,Industrials,S&P 500,72331.0
NSC,Norfolk Southern,Industrials,S&P 500,702165.0
NTRS,Northern Trust,Financials,S&P 500,73124.0
NOC,Northrop Grumman,Industrials,S&P 500,1133421.0
NCLH,Norwegian Cruise Line Holdings,Consumer Discretionary,S&P 500,1513761.0
NRG,NRG Energy,Utilities,S&P 500,1013871.0
NUE,Nucor,Materials,S&P 500,73309.0
NVDA,Nvidia,Information Technology,S&P 500,1045810.0
NVR,"NVR, Inc.",Consumer Discretionary,S&P 500,906163.0
NXPI,NXP Semiconductors,Information Technology,S&P 500,1413447.0
ORLY,O'Reilly Automotive,Consumer Discretionary,S&P 500,898173.0
OXY,Occidental Petroleum,Energy,S&P 500,797468.0
ODFL,Old Dominion,Industrials,S&P 500,878927.0
OMC,Omnicom Group,Communication Services,S&P 500,29989.0
ON,ON Semiconductor,Information Technology,S&P 500,1097864.0
OKE,Oneok,Energy,S&P 500,1039684.0
ORCL,Oracle Corporation,Information Technology,S&P 500,1341439.0
OTIS,Otis Worldwide,Industrials,S&P 500,1781335.0
PCAR,Paccar,Industrials,S&P 500,75362.0
PKG,Packaging Corporation of America,Materials,S&P 500,75677.0
PLTR,Palantir Technologies,Information Technology,S&P 500,1321655.0
PANW,Palo Alto Networks,Information Technology,S&P 500,1327567.0
PSKY,Paramount Skydance Corporation,Communication Services,S&P 500,2041610.0
PH,Parker Hannifin,Industrials,S&P 500,76334.0
PAYX,Paychex,Industrials,S&P 500,723531.0
PYPL,PayPal,Financials,S&P 500,1633917.0
PNR,Pentair,Industrials,S&P 500,77360.0
PEP,PepsiCo,Consumer Staples,S&P 500,77476.0
PFE,Pfizer,Health Care,S&P 500,78003.0
PCG,PG&E Corporation,Utilities,S&P 500,1004980.0
PM,Philip Morris International,Consumer Staples,S&P 500,1413329.0
PSX,Phillips 66,Energy,S&P 500,1534701.0
PNW,Pinnacle West Capital,Utilities,S&P 500,764622.0
PNC,PNC Financial Services,Financials,S&P 500,713676.0
PPG,PPG Industries,Materials,S&P 500,79879.0
PPL,PPL Corporation,Utilities,S&P 500,922224.0
PFG,Principal Financial Group,Financials,S&P 500,1126328.0
PG,Procter & Gamble,Consumer Staples,S&P 500,80424.0
PGR,Progressive Corporation,Financials,S&P 500,80661.0
PLD,Prologis,Real Estate,S&P 500,1045609.0
PRU,Prudential Financial,Financials,S&P 500,1137774.0
PEG,Public Service Enterprise Group,Utilities,S&P 500,788784.0
PTC,PTC Inc.,Information Technology,S&P 500,857005.0
PSA,Public Storage,Real Estate,S&P 500,1393311.0
PHM,PulteGroup,Consumer Discretionary,S&P 500,822416.0
PWR,Quanta Services,Industrials,S&P 500,1050915.0
QCOM,Qualcomm,Information Technology,S&P 500,804328.0
DGX,Quest Diagnostics,Health Care,S&P 500,1022079.0
Q,Qnity Electronics,Information Technology,S&P 500,2058873.0
RL,Ralph Lauren Corporation,Consumer Discretionary,S&P 500,1037038.0
RJF,Raymond James Financial,Financials,S&P 500,720005.0
RDDT,Reddit,Communication Services,S&P 500,1713445.0
RTX,RTX Corporation,Industrials,S&P 500,101829.0
O,Realty Income,Real Estate,S&P 500,726728.0
REG,Regency Centers,Real Estate,S&P 500,910606.0
REGN,Regeneron Pharmaceuticals,Health Care,S&P 500,872589.0
RF,Regions Financial Corporation,Financials,S&P 500,1281761.0
RSG,Republic Services,Industrials,S&P 500,1060391.0
RMD,ResMed|,Health Care,S&P 500,943819.0
RVTY,Revvity,Health Care,S&P 500,31791.0
HOOD,Robinhood Markets,Financials,S&P 500,1783879.0
ROK,Rockwell Automation,Industrials,S&P 500,1024478.0
ROL,"Rollins, Inc.",Industrials,S&P 500,84839.0
ROP,Roper Technologies,Information Technology,S&P 500,882835.0
ROST,Ross Stores,Consumer Discretionary,S&P 500,745732.0
RCL,Royal Caribbean Group,Consumer Discretionary,S&P 500,884887.0
SPGI,S&P Global,Financials,S&P 500,64040.0
CRM,Salesforce,Information Technology,S&P 500,1108524.0
SNDK,Sandisk,Information Technology,S&P 500,2023554.0
SBAC,SBA Communications,Real Estate,S&P 500,1034054.0
SLB,Schlumberger,Energy,S&P 500,87347.0
STX,Seagate Technology,Information Technology,S&P 500,1137789.0
SRE,Sempra,Utilities,S&P 500,1032208.0
NOW,ServiceNow,Information Technology,S&P 500,1373715.0
SHW,Sherwin-Williams,Materials,S&P 500,89800.0
SPG,Simon Property Group,Real Estate,S&P 500,1063761.0
SWKS,Skyworks Solutions,Information Technology,S&P 500,4127.0
SJM,J.M. Smucker Company (The),Consumer Staples,S&P 500,91419.0
SW,Smurfit Westrock,Materials,S&P 500,2005951.0
SNA,Snap-on,Industrials,S&P 500,91440.0
SOLV,Solventum,Health Care,S&P 500,1964738.0
SO,Southern Company,Utilities,S&P 500,92122.0
LUV,Southwest Airlines,Industrials,S&P 500,92380.0
SWK,Stanley Black & Decker,Industrials,S&P 500,93556.0
SBUX,Starbucks,Consumer Discretionary,S&P 500,829224.0
STT,State Street Corporation,Financials,S&P 500,93751.0
STLD,Steel Dynamics,Materials,S&P 500,1022671.0
STE,Steris,Health Care,S&P 500,1757898.0
SYK,Stryker Corporation,Health Care,S&P 500,310764.0
SMCI,Supermicro,Information Technology,S&P 500,1375365.0
SYF,Synchrony Financial,Financials,S&P 500,1601712.0
SNPS,Synopsys,Information Technology,S&P 500,883241.0
SYY,Sysco,Consumer Staples,S&P 500,96021.0
TMUS,T-Mobile US,Communication Services,S&P 500,1283699.0
TROW,T. Rowe Price,Financials,S&P 500,1113169.0
TTWO,Take-Two Interactive,Communication Services,S&P 500,946581.0
TPR,"Tapestry, Inc.",Consumer Discretionary,S&P 500,1116132.0
TRGP,Targa Resources,Energy,S&P 500,1389170.0
TGT,Target Corporation,Consumer Staples,S&P 500,27419.0
TEL,TE Connectivity,Information Technology,S&P 500,1385157.0
TDY,Teledyne Technologies,Information Technology,S&P 500,1094285.0
TER,Teradyne,Information Technology,S&P 500,97210.0
TSLA,"Tesla, Inc.",Consumer Discretionary,S&P 500,1318605.0
TXN,Texas Instruments,Information Technology,S&P 500,97476.0
TPL,Texas Pacific Land Corporation,Energy,S&P 500,1811074.0
TXT,Textron,Industrials,S&P 500,217346.0
TMO,Thermo Fisher Scientific,Health Care,S&P 500,97745.0
TJX,TJX Companies,Consumer Discretionary,S&P 500,109198.0
TKO,TKO Group Holdings,Communication Services,S&P 500,1973266.0
TSCO,Tractor Supply,Consumer Discretionary,S&P 500,916365.0
TT,Trane Technologies,Industrials,S&P 500,1466258.0
TDG,TransDigm Group,Industrials,S&P 500,1260221.0
TRV,Travelers Companies (The),Financials,S&P 500,86312.0
TRMB,Trimble Inc.,Information Technology,S&P 500,864749.0
TFC,Truist Financial,Financials,S&P 500,92230.0
TYL,Tyler Technologies,Information Technology,S&P 500,860731.0
TSN,Tyson Foods,Consumer Staples,S&P 500,100493.0
USB,U.S. Bancorp,Financials,S&P 500,36104.0
UBER,Uber,Industrials,S&P 500,1543151.0
UDR,"UDR, Inc.",Real Estate,S&P 500,74208.0
ULTA,Ulta Beauty,Consumer Discretionary,S&P 500,1403568.0
UNP,Union Pacific Corporation,Industrials,S&P 500,100885.0
UAL,United Airlines Holdings,Industrials,S&P 500,100517.0
UPS,United Parcel Service,Industrials,S&P 500,1090727.0
URI,United Rentals,Industrials,S&P 500,1067701.0
UNH,UnitedHealth Group,Health Care,S&P 500,731766.0
UHS,Universal Health Services,Health Care,S&P 500,352915.0
VLO,Valero Energy,Energy,S&P 500,1035002.0
VEEV,Veeva Systems,Health Care,S&P 500,1393052.0
VTR,Ventas,Real Estate,S&P 500,740260.0
VLTO,Veralto,Industrials,S&P 500,1967680.0
VRSN,Verisign,Information Technology,S&P 500,1014473.0
VRSK,Verisk Analytics,Industrials,S&P 500,1442145.0
VZ,Verizon,Communication Services,S&P 500,732712.0
VRTX,Vertex Pharmaceuticals,Health Care,S&P 500,875320.0
VRT,Vertiv,Industrials,S&P 500,1674101.0
VTRS,Viatris,Health Care,S&P 500,1792044.0
VICI,Vici Properties,Real Estate,S&P 500,1705696.0
V,Visa Inc.,Financials,S&P 500,1403161.0
VST,Vistra Corp.,Utilities,S&P 500,1692819.0
VMRK,Vivmark Residential,Real Estate,S&P 500,906107.0
VMC,Vulcan Materials Company,Materials,S&P 500,1396009.0
WRB,W. R. Berkley Corporation,Financials,S&P 500,11544.0
GWW,W. W. Grainger,Industrials,S&P 500,277135.0
WAB,Wabtec,Industrials,S&P 500,943452.0
WMT,Walmart,Consumer Staples,S&P 500,104169.0
DIS,Walt Disney Company (The),Communication Services,S&P 500,1744489.0
WBD,Warner Bros. Discovery,Communication Services,S&P 500,1437107.0
WM,Waste Management,Industrials,S&P 500,823768.0
WAT,Waters Corporation,Health Care,S&P 500,1000697.0
WEC,WEC Energy Group,Utilities,S&P 500,783325.0
WFC,Wells Fargo,Financials,S&P 500,72971.0
WELL,Welltower,Real Estate,S&P 500,766704.0
WST,West Pharmaceutical Services,Health Care,S&P 500,105770.0
WDC,Western Digital,Information Technology,S&P 500,106040.0
WY,Weyerhaeuser,Real Estate,S&P 500,106535.0
WSM,"Williams-Sonoma, Inc.",Consumer Discretionary,S&P 500,719955.0
WMB,Williams Companies,Energy,S&P 500,107263.0
WTW,Willis Towers Watson,Financials,S&P 500,1140536.0
WDAY,"Workday, Inc.",Information Technology,S&P 500,1327811.0
WYNN,Wynn Resorts,Consumer Discretionary,S&P 500,1174922.0
XEL,Xcel Energy,Utilities,S&P 500,72903.0
XYL,Xylem Inc.,Industrials,S&P 500,1524472.0
YUM,Yum! Brands,Consumer Discretionary,S&P 500,1041061.0
ZBRA,Zebra Technologies,Information Technology,S&P 500,877212.0
ZBH,Zimmer Biomet,Health Care,S&P 500,1136869.0
ZTS,Zoetis,Health Care,S&P 500,1555280.0
AA,Alcoa,Materials,S&P 400,1675149.0
AAL,American Airlines Group,Industrials,S&P 400,6201.0
AAON,AAON,Industrials,S&P 400,824142.0
ACI,Albertsons,Consumer Staples,S&P 400,1646972.0
ACM,AECOM,Industrials,S&P 400,868857.0
ADC,Agree Realty,Real Estate,S&P 400,917251.0
AEIS,Advanced Energy,Information Technology,S&P 400,927003.0
AFG,American Financial Group,Financials,S&P 400,1042046.0
AGCO,AGCO,Industrials,S&P 400,880266.0
AGNC,AGNC Investment,Financials,S&P 400,1423689.0
AHR,American Healthcare REIT,Real Estate,S&P 400,1632970.0
AIT,Applied Industrial Technologies,Industrials,S&P 400,109563.0
ALGM,Allegro MicroSystems,Information Technology,S&P 400,866291.0
ALK,Alaska Air Group,Industrials,S&P 400,766421.0
ALLY,Ally Financial,Financials,S&P 400,40729.0
ALSN,Allison Transmission,Industrials,S&P 400,1411207.0
ALV,Autoliv,Consumer Discretionary,S&P 400,1034670.0
AM,Antero Midstream,Energy,S&P 400,1623925.0
AMG,Affiliated Managers Group,Financials,S&P 400,1004434.0
AMH,American Homes 4 Rent,Real Estate,S&P 400,1562401.0
AMKR,Amkor Technology,Information Technology,S&P 400,1047127.0
AN,AutoNation,Consumer Discretionary,S&P 400,350698.0
ANF,Abercrombie & Fitch,Consumer Discretionary,S&P 400,1018840.0
APG,APi Group,Industrials,S&P 400,1796209.0
APPF,AppFolio,Information Technology,S&P 400,1433195.0
AR,Antero Resources,Energy,S&P 400,1433270.0
ARMK,Aramark,Consumer Discretionary,S&P 400,1584509.0
ARW,Arrow Electronics,Information Technology,S&P 400,7536.0
ARWR,Arrowhead Pharmaceuticals,Health Care,S&P 400,879407.0
ASB,Associated Bank,Financials,S&P 400,7789.0
ASH,Ashland Global,Materials,S&P 400,1674862.0
ATI,ATI Inc.,Industrials,S&P 400,1018963.0
ATR,AptarGroup,Materials,S&P 400,896622.0
AVAV,AeroVironment,Industrials,S&P 400,1368622.0
AVNT,Avient,Materials,S&P 400,1122976.0
AVT,Avnet,Information Technology,S&P 400,8858.0
AVTR,Avantor,Health Care,S&P 400,1722482.0
AXTA,Axalta,Materials,S&P 400,1616862.0
AYI,Acuity Brands,Industrials,S&P 400,1144215.0
BAH,Booz Allen Hamilton,Industrials,S&P 400,1443646.0
BBWI,"Bath & Body Works, Inc.",Consumer Discretionary,S&P 400,701985.0
BC,Brunswick,Consumer Discretionary,S&P 400,14930.0
BCO,Brink's,Industrials,S&P 400,78890.0
BDC,Belden Inc.,Information Technology,S&P 400,913142.0
BHF,Brighthouse Financial,Financials,S&P 400,1685040.0
BILL,Bill Holdings,Information Technology,S&P 400,1786352.0
BIO,Bio-Rad Laboratories,Health Care,S&P 400,12208.0
BJ,BJ's Wholesale Club,Consumer Staples,S&P 400,1531152.0
BKH,Black Hills Corporation,Utilities,S&P 400,1130464.0
BMRN,BioMarin Pharmaceutical,Health Care,S&P 400,1048477.0
BRKR,Bruker,Health Care,S&P 400,1109354.0
BROS,Dutch Bros Inc.,Consumer Discretionary,S&P 400,1866581.0
BRX,Brixmor Property Group,Real Estate,S&P 400,1581068.0
BSY,Bentley Systems,Information Technology,S&P 400,1031308.0
BTSG,BrightSpring Health Services,Health Care,S&P 400,1865782.0
BURL,Burlington Stores,Consumer Discretionary,S&P 400,1579298.0
BWA,BorgWarner,Consumer Discretionary,S&P 400,908255.0
BWXT,BWX Technologies,Industrials,S&P 400,1486957.0
BYD,Boyd Gaming,Consumer Discretionary,S&P 400,906553.0
CACI,CACI International,Industrials,S&P 400,16058.0
CAR,Avis Budget Group,Industrials,S&P 400,723612.0
CART,Maplebear Inc.,Consumer Staples,S&P 400,1579091.0
CAVA,Cava Group,Consumer Discretionary,S&P 400,1639438.0
CBSH,Commerce Bancshares,Financials,S&P 400,22356.0
CBT,Cabot Corp,Materials,S&P 400,16040.0
CCK,Crown Holdings,Materials,S&P 400,1219601.0
CDE,Coeur Mining,Materials,S&P 400,215466.0
CDP,COPT Defense Properties,Real Estate,S&P 400,860546.0
CELH,Celsius Holdings,Consumer Staples,S&P 400,1341766.0
CFR,Frost Bank,Financials,S&P 400,39263.0
CG,Carlyle Group (The),Financials,S&P 400,1527166.0
CGNX,Cognex,Information Technology,S&P 400,851205.0
CHDN,Churchill Downs Inc.,Consumer Discretionary,S&P 400,20212.0
CHE,Chemed Corp.,Health Care,S&P 400,19584.0
CHH,Choice Hotels,Consumer Discretionary,S&P 400,1046311.0
CHRD,Chord Energy,Energy,S&P 400,1486159.0
CHWY,Chewy,Consumer Discretionary,S&P 400,1766502.0
CLF,Cleveland-Cliffs,Materials,S&P 400,764065.0
CLH,Clean Harbors,Industrials,S&P 400,822818.0
CMC,Commercial Metals,Materials,S&P 400,22444.0
CNH,CNH Industrial,Industrials,S&P 400,1567094.0
CNM,Core & Main,Industrials,S&P 400,1856525.0
CNO,CNO Financial Group,Financials,S&P 400,1224608.0
CNX,CNX Resources,Energy,S&P 400,1070412.0
COKE,Coca-Cola Consolidated,Consumer Staples,S&P 400,317540.0
COLB,Columbia Banking System,Financials,S&P 400,887343.0
COLM,Columbia Sportswear,Consumer Discretionary,S&P 400,1050797.0
CORT,Corcept Therapeutics,Health Care,S&P 400,1088856.0
CR,Crane,Industrials,S&P 400,1944013.0
CRBG,Corebridge Financial,Financials,S&P 400,1889539.0
CROX,Crocs,Consumer Discretionary,S&P 400,1334036.0
CRS,Carpenter Technology,Industrials,S&P 400,17843.0
CRUS,Cirrus Logic,Information Technology,S&P 400,772406.0
CSL,Carlisle Companies,Industrials,S&P 400,790051.0
CTRE,CareTrust REIT,Real Estate,S&P 400,1590717.0
CUBE,CubeSmart,Real Estate,S&P 400,1298675.0
CUZ,Cousins Properties,Real Estate,S&P 400,25232.0
CVLT,CommVault Systems,Information Technology,S&P 400,1169561.0
CW,Curtiss-Wright,Industrials,S&P 400,26324.0
CXT,Crane NXT,Information Technology,S&P 400,25445.0
CYTK,Cytokinetics,Health Care,S&P 400,1061983.0
DAR,Darling Ingredients,Consumer Staples,S&P 400,916540.0
DBX,Dropbox,Information Technology,S&P 400,1467623.0
DCI,Donaldson Company,Industrials,S&P 400,29644.0
DINO,HF Sinclair,Energy,S&P 400,1915657.0
DKS,Dick's Sporting Goods,Consumer Discretionary,S&P 400,1089063.0
DLB,Dolby,Information Technology,S&P 400,1308547.0
DOCN,DigitalOcean,Information Technology,S&P 400,1582961.0
DOCS,Doximity,Health Care,S&P 400,1516513.0
DOCU,Docusign,Information Technology,S&P 400,1261333.0
DT,Dynatrace,Information Technology,S&P 400,1773383.0
DTM,DT Midstream,Energy,S&P 400,1842022.0
DUOL,Duolingo,Consumer Discretionary,S&P 400,1562088.0
DY,Dycom Industries,Industrials,S&P 400,67215.0
EAT,Brinker International,Consumer Discretionary,S&P 400,703351.0
EEFT,Euronet Worldwide,Financials,S&P 400,1029199.0
EGP,EastGroup Properties,Real Estate,S&P 400,49600.0
EHC,Encompass Health,Health Care,S&P 400,785161.0
ELAN,Elanco,Health Care,S&P 400,1739104.0
ELF,e.l.f. Beauty,Consumer Staples,S&P 400,1600033.0
ELS,Equity Lifestyle Properties,Real Estate,S&P 400,895417.0
ENS,EnerSys,Industrials,S&P 400,1289308.0
ENSG,Ensign Group,Health Care,S&P 400,1125376.0
ENTG,Entegris,Information Technology,S&P 400,1101302.0
EPR,EPR Properties,Real Estate,S&P 400,1045450.0
EQH,Equitable Holdings,Financials,S&P 400,1333986.0
ESAB,ESAB,Industrials,S&P 400,1877322.0
ESNT,Essent Group Ltd.,Financials,S&P 400,1448893.0
EVR,Evercore,Financials,S&P 400,1360901.0
EWBC,East West Bancorp,Financials,S&P 400,1069157.0
EXEL,Exelixis,Health Care,S&P 400,939767.0
EXLS,EXL Service,Industrials,S&P 400,1297989.0
EXP,Eagle Materials,Materials,S&P 400,918646.0
EXPO,"Exponent, Inc.",Industrials,S&P 400,851520.0
FAF,First American Financial Corporation,Financials,S&P 400,1472787.0
FBIN,Fortune Brands Innovations,Industrials,S&P 400,1519751.0
FCFS,FirstCash,Financials,S&P 400,840489.0
FCN,FTI Consulting,Industrials,S&P 400,887936.0
FFIN,First Financial Bankshares,Financials,S&P 400,36029.0
FHI,Federated Hermes,Financials,S&P 400,1056288.0
FHN,First Horizon,Financials,S&P 400,36966.0
FIVE,Five Below,Consumer Discretionary,S&P 400,1177609.0
FLG,Flagstar Bank,Financials,S&P 400,910073.0
FLR,Fluor,Industrials,S&P 400,1124198.0
FLS,Flowserve,Industrials,S&P 400,30625.0
FN,Fabrinet,Information Technology,S&P 400,1408710.0
FNB,FNB Corporation,Financials,S&P 400,37808.0
FND,Floor & Decor,Consumer Discretionary,S&P 400,1507079.0
FNF,Fidelity National Financial,Financials,S&P 400,1331875.0
FOUR,Shift4,Financials,S&P 400,1794669.0
FR,First Industrial Realty Trust,Real Estate,S&P 400,921825.0
FTI,TechnipFMC,Energy,S&P 400,1681459.0
G,Genpact,Industrials,S&P 400,1398659.0
GAP,Gap Inc.,Consumer Discretionary,S&P 400,39911.0
GATX,GATX,Industrials,S&P 400,40211.0
GBCI,Glacier Bancorp,Financials,S&P 400,868671.0
GEF,"Greif, Inc.",Materials,S&P 400,43920.0
GGG,Graco Inc.,Industrials,S&P 400,42888.0
GHC,Graham Holdings,Consumer Discretionary,S&P 400,104889.0
GLPI,Gaming and Leisure Properties,Real Estate,S&P 400,1575965.0
GME,GameStop,Consumer Discretionary,S&P 400,1326380.0
GMED,Globus Medical,Health Care,S&P 400,1237831.0
GNTX,Gentex,Consumer Discretionary,S&P 400,355811.0
GPK,Graphic Packaging,Materials,S&P 400,1408075.0
GWRE,Guidewire Software,Information Technology,S&P 400,1528396.0
GXO,GXO Logistics,Industrials,S&P 400,1852244.0
H,Hyatt,Consumer Discretionary,S&P 400,1468174.0
HAE,Haemonetics,Health Care,S&P 400,313143.0
HALO,Halozyme,Health Care,S&P 400,1159036.0
HGV,Hilton Grand Vacations,Consumer Discretionary,S&P 400,1674168.0
HIMS,Hims & Hers Health,Health Care,S&P 400,1773751.0
HL,Hecla Mining,Materials,S&P 400,719413.0
HLI,Houlihan Lokey,Financials,S&P 400,1302215.0
HLNE,Hamilton Lane,Financials,S&P 400,1433642.0
HOG,Harley-Davidson,Consumer Discretionary,S&P 400,793952.0
HOMB,Home BancShares,Financials,S&P 400,1331520.0
HQY,HealthEquity,Health Care,S&P 400,1428336.0
HR,Healthcare Realty Trust,Real Estate,S&P 400,1360604.0
HRB,H&R Block,Consumer Discretionary,S&P 400,12659.0
HUBS,HubSpot,Information Technology,S&P 400,1404655.0
HWC,Hancock Whitney,Financials,S&P 400,750577.0
HXL,Hexcel,Industrials,S&P 400,717605.0
IBOC,Intl Bancshares Corp,Financials,S&P 400,315709.0
IDA,Idacorp,Utilities,S&P 400,1057877.0
IDCC,InterDigital,Information Technology,S&P 400,1405495.0
IESC,IES Holdings,Industrials,S&P 400,1048268.0
INGR,Ingredion,Consumer Staples,S&P 400,1046257.0
IPGP,IPG Photonics,Information Technology,S&P 400,1111928.0
IRT,Independence Realty Trust,Real Estate,S&P 400,1466085.0
ITT,ITT Inc.,Industrials,S&P 400,216228.0
JAZZ,Jazz Pharmaceuticals,Health Care,S&P 400,1232524.0
JEF,Jefferies,Financials,S&P 400,96223.0
JLL,Jones Lang LaSalle,Real Estate,S&P 400,1037976.0
KBH,KB Home,Consumer Discretionary,S&P 400,795266.0
KBR,"KBR, Inc.",Industrials,S&P 400,1357615.0
KD,Kyndryl,Information Technology,S&P 400,1867072.0
KEX,Kirby Corporation,Industrials,S&P 400,56047.0
KNF,Knife River Corporation,Materials,S&P 400,1955520.0
KNSL,Kinsale Capital Group,Financials,S&P 400,1669162.0
KNX,Knight-Swift,Industrials,S&P 400,1492691.0
KRC,Kilroy Realty Corp,Real Estate,S&P 400,1025996.0
KRG,Kite Realty Group Trust,Real Estate,S&P 400,1286043.0
KRYS,Krystal Biotech,Health Care,S&P 400,1711279.0
KTOS,Kratos Defense & Security Solutions,Industrials,S&P 400,1069258.0
LAD,Lithia Motors,Consumer Discretionary,S&P 400,1023128.0
LAMR,Lamar Advertising Company,Real Estate,S&P 400,1090425.0
LEA,Lear,Consumer Discretionary,S&P 400,842162.0
LECO,Lincoln Electric,Industrials,S&P 400,59527.0
LFUS,Littelfuse,Information Technology,S&P 400,889331.0
LIVN,LivaNova,Health Care,S&P 400,1639691.0
LNTH,Lantheus Holdings,Health Care,S&P 400,1521036.0
LOPE,Grand Canyon Education,Consumer Discretionary,S&P 400,1434588.0
LPX,Louisiana-Pacific,Industrials,S&P 400,60519.0
LSCC,Lattice Semiconductor,Information Technology,S&P 400,855658.0
LSTR,Landstar System,Industrials,S&P 400,853816.0
M,Macy's,Consumer Discretionary,S&P 400,794367.0
MANH,Manhattan Associates,Information Technology,S&P 400,1056696.0
MAT,Mattel,Consumer Discretionary,S&P 400,63276.0
MEDP,Medpace,Health Care,S&P 400,1668397.0
MIDD,Middleby,Industrials,S&P 400,769520.0
MKSI,MKS Instruments,Information Technology,S&P 400,1049502.0
MLI,Mueller Industries,Industrials,S&P 400,89439.0
MMS,Maximus Inc.,Industrials,S&P 400,1032220.0
MOG-A,Moog Inc.,Industrials,S&P 400,67887.0
MOH,Molina Healthcare,Health Care,S&P 400,1179929.0
MORN,"Morningstar, Inc.",Financials,S&P 400,1289419.0
MP,MP Materials,Materials,S&P 400,1801368.0
MSA,MSA Safety,Industrials,S&P 400,66570.0
MSM,MSC Industrial Direct,Industrials,S&P 400,1003078.0
MTDR,Matador Resources,Energy,S&P 400,1520006.0
MTG,MGIC Investment Corporation,Financials,S&P 400,876437.0
MTN,Vail Resorts,Consumer Discretionary,S&P 400,812011.0
MTSI,MACOM Technology Solutions,Information Technology,S&P 400,1493594.0
MTZ,MasTec,Industrials,S&P 400,15615.0
MUR,Murphy Oil,Energy,S&P 400,717423.0
MUSA,Murphy USA,Consumer Discretionary,S&P 400,1573516.0
MZTI,The Marzetti Company,Consumer Staples,S&P 400,57515.0
NBIX,Neurocrine Biosciences,Health Care,S&P 400,914475.0
NEU,NewMarket Corporation,Materials,S&P 400,1282637.0
NFG,National Fuel Gas,Utilities,S&P 400,70145.0
NJR,New Jersey Resources,Utilities,S&P 400,356309.0
NLY,Annaly Capital Management,Financials,S&P 400,1043219.0
NNN,NNN Reit,Real Estate,S&P 400,751364.0
NOV,NOV Inc.,Energy,S&P 400,1021860.0
NOVT,Novanta,Information Technology,S&P 400,1076930.0
NTNX,Nutanix,Information Technology,S&P 400,1618732.0
NVST,Envista Holdings,Health Care,S&P 400,1757073.0
NVT,nVent Electric plc,Industrials,S&P 400,1720635.0
NWE,NorthWestern Energy,Utilities,S&P 400,1993004.0
NXST,Nexstar Media Group,Communication Services,S&P 400,1142417.0
NXT,Nextpower,Industrials,S&P 400,1852131.0
NYT,New York Times Company,Communication Services,S&P 400,71691.0
OC,Owens Corning,Industrials,S&P 400,1370946.0
OGE,OGE Energy,Utilities,S&P 400,1021635.0
OGS,One Gas,Utilities,S&P 400,1587732.0
OHI,Omega Healthcare Investors,Real Estate,S&P 400,888491.0
OKTA,"Okta, Inc.",Information Technology,S&P 400,1660134.0
OLED,Universal Display,Information Technology,S&P 400,1005284.0
OLLI,Ollie's Bargain Outlet,Consumer Discretionary,S&P 400,1639300.0
OLN,Olin Corporation,Materials,S&P 400,74303.0
ONB,Old National Bank,Financials,S&P 400,707179.0
ONTO,Onto Innovation,Information Technology,S&P 400,704532.0
OPCH,Option Care Health,Health Care,S&P 400,1014739.0
ORA,Ormat Technologies,Utilities,S&P 400,1296445.0
ORI,Old Republic International,Financials,S&P 400,74260.0
OSK,Oshkosh,Industrials,S&P 400,775158.0
OVV,Ovintiv,Energy,S&P 400,1792580.0
OZK,Bank OZK,Financials,S&P 400,1569650.0
PAG,Penske Automotive Group,Consumer Discretionary,S&P 400,1019849.0
PATH,UiPath,Information Technology,S&P 400,1734722.0
PB,Prosperity Bancshares,Financials,S&P 400,1068851.0
PBF,PBF Energy,Energy,S&P 400,1534504.0
PCTY,Paylocity,Industrials,S&P 400,1591698.0
PEGA,Pegasystems,Information Technology,S&P 400,1013857.0
PEN,"Penumbra, Inc.",Health Care,S&P 400,1321732.0
PFGC,Performance Food Group,Consumer Staples,S&P 400,1618673.0
PII,Polaris,Consumer Discretionary,S&P 400,931015.0
PINS,Pinterest,Communication Services,S&P 400,1506293.0
PK,Park Hotels & Resorts,Real Estate,S&P 400,1617406.0
PLNT,Planet Fitness,Consumer Discretionary,S&P 400,1637207.0
PNFP,Pinnacle Financial Partners,Financials,S&P 400,2082866.0
POR,Portland General Electric,Utilities,S&P 400,784977.0
POST,Post Holdings,Consumer Staples,S&P 400,1530950.0
PPC,Pilgrim's Pride,Consumer Staples,S&P 400,802481.0
PR,Permian Resources,Energy,S&P 400,1658566.0
PRI,Primerica,Financials,S&P 400,1475922.0
PSN,Parsons Corporation,Industrials,S&P 400,275880.0
PVH,PVH Corp.,Consumer Discretionary,S&P 400,78239.0
QLYS,Qualys,Information Technology,S&P 400,1107843.0
R,Ryder,Industrials,S&P 400,85961.0
RBA,RB Global,Industrials,S&P 400,1046102.0
RBC,RBC Bearings,Industrials,S&P 400,1324948.0
REXR,Rexford Industrial Realty,Real Estate,S&P 400,1571283.0
RGA,Reinsurance Group of America,Financials,S&P 400,898174.0
RGEN,Repligen,Health Care,S&P 400,730272.0
RGLD,Royal Gold,Materials,S&P 400,85535.0
RH,RH,Consumer Discretionary,S&P 400,1528849.0
RLI,RLI Corp.,Financials,S&P 400,84246.0
RMBS,Rambus,Information Technology,S&P 400,917273.0
RNR,RenaissanceRe,Financials,S&P 400,913144.0
ROIV,Roivant Sciences,Health Care,S&P 400,1635088.0
ROKU,"Roku, Inc.",Communication Services,S&P 400,1428439.0
RPM,RPM International,Materials,S&P 400,110621.0
RRC,Range Resources,Energy,S&P 400,315852.0
RRX,Regal Rexnord,Industrials,S&P 400,82811.0
RS,"Reliance, Inc.",Materials,S&P 400,861884.0
RYAN,Ryan Specialty,Financials,S&P 400,1849253.0
RYN,Rayonier,Real Estate,S&P 400,52827.0
SAIA,Saia,Industrials,S&P 400,1177702.0
SAIC,Science Applications Intl Corp,Industrials,S&P 400,1571123.0
SANM,Sanmina Corporation,Information Technology,S&P 400,897723.0
SARO,StandardAero,Industrials,S&P 400,2025410.0
SBRA,Sabra Health Care REIT,Real Estate,S&P 400,1492298.0
SCI,Service Corp Intl,Consumer Discretionary,S&P 400,89089.0
SEIC,SEI Investments Company,Financials,S&P 400,350894.0
SF,Stifel,Financials,S&P 400,720672.0
SFM,Sprouts Farmers Market,Consumer Staples,S&P 400,1575515.0
SGI,Somnigroup International,Consumer Discretionary,S&P 400,1206264.0
SHC,Sotera Health,Health Care,S&P 400,1822479.0
SIGI,Selective Insurance Group,Financials,S&P 400,230557.0
SIRI,SiriusXM,Communication Services,S&P 400,908937.0
SITM,SiTime,Information Technology,S&P 400,1451809.0
SLAB,Silicon Labs,Information Technology,S&P 400,1038074.0
SLGN,Silgan Holdings,Materials,S&P 400,849869.0
SLM,SLM Corp,Financials,S&P 400,1032033.0
SMG,Scotts Miracle-Gro Company,Materials,S&P 400,825542.0
SMTC,Semtech,Information Technology,S&P 400,88941.0
SN,SharkNinja,Consumer Discretionary,S&P 400,1957132.0
SNX,TD Synnex,Information Technology,S&P 400,1177394.0
SOLS,Solstice Advanced Materials,Materials,S&P 400,2064953.0
SON,Sonoco,Materials,S&P 400,91767.0
SPXC,SPX Technologies,Industrials,S&P 400,88205.0
SR,Spire,Utilities,S&P 400,1126956.0
SSB,South State Bank,Financials,S&P 400,764038.0
SSD,Simpson Manufacturing,Industrials,S&P 400,920371.0
ST,Sensata Technologies,Industrials,S&P 400,1477294.0
STAG,STAG Industrial,Real Estate,S&P 400,1479094.0
STRL,Sterling Infrastructure,Industrials,S&P 400,874238.0
STWD,Starwood Property Trust,Financials,S&P 400,1465128.0
SUI,Sun Communities,Real Estate,S&P 400,912593.0
SWX,Southwest Gas Corp,Utilities,S&P 400,1692115.0
SYNA,Synaptics,Information Technology,S&P 400,817720.0
TCBI,Texas Capital Bancshares,Financials,S&P 400,1077428.0
TEX,Terex,Industrials,S&P 400,97216.0
THC,Tenet Health,Health Care,S&P 400,70318.0
THG,Hanover Insurance,Financials,S&P 400,944695.0
THO,Thor Industries,Consumer Discretionary,S&P 400,730263.0
TKR,Timken,Industrials,S&P 400,98362.0
TLN,Talen Energy,Utilities,S&P 400,1622536.0
TNL,Travel + Leisure Co.,Consumer Discretionary,S&P 400,1361658.0
TOL,Toll Brothers,Consumer Discretionary,S&P 400,794170.0
TOST,"Toast, Inc.",Financials,S&P 400,1650164.0
TREX,Trex,Industrials,S&P 400,1069878.0
TRU,TransUnion,Industrials,S&P 400,1552033.0
TTC,Toro,Industrials,S&P 400,737758.0
TTEK,Tetra Tech,Industrials,S&P 400,831641.0
TTMI,TTM Technologies,Information Technology,S&P 400,1116942.0
TWLO,Twilio,Information Technology,S&P 400,1447669.0
TXNM,TXNM Energy,Utilities,S&P 400,1108426.0
TXRH,Texas Roadhouse,Consumer Discretionary,S&P 400,1289460.0
UBSI,United Bankshares,Financials,S&P 400,729986.0
UFPI,UFP Industries,Industrials,S&P 400,912767.0
UGI,UGI Corp,Utilities,S&P 400,884614.0
ULS,UL Solutions,Industrials,S&P 400,1901440.0
UMBF,UMB Financial Corp.,Financials,S&P 400,101382.0
UNM,Unum,Financials,S&P 400,5513.0
USFD,US Foods,Consumer Staples,S&P 400,1665918.0
UTHR,United Therapeutics,Health Care,S&P 400,1082554.0
VAL,Valaris,Energy,S&P 400,314808.0
VC,Visteon,Consumer Discretionary,S&P 400,1111335.0
VFC,VF Corporation,Consumer Discretionary,S&P 400,103379.0
VIAV,Viavi Solutions,Information Technology,S&P 400,912093.0
VICR,Vicor Corporation,Industrials,S&P 400,751978.0
VLY,Valley Bank,Financials,S&P 400,714310.0
VMI,Valmont Industries,Industrials,S&P 400,102729.0
VNO,Vornado Realty Trust,Real Estate,S&P 400,899689.0
VNOM,Viper Energy,Energy,S&P 400,2074176.0
VNT,Vontier,Information Technology,S&P 400,1786842.0
VOYA,Voya Financial,Financials,S&P 400,1535929.0
VVV,Valvoline,Consumer Discretionary,S&P 400,1674910.0
WAL,Western Alliance Bancorporation,Financials,S&P 400,1212545.0
WCC,WESCO International,Industrials,S&P 400,929008.0
WEX,WEX Inc.,Financials,S&P 400,1309108.0
WFRD,Weatherford International,Energy,S&P 400,1603923.0
WH,Wyndham Hotels & Resorts,Consumer Discretionary,S&P 400,1722684.0
WHR,Whirlpool Corporation,Consumer Discretionary,S&P 400,106640.0
WING,Wingstop,Consumer Discretionary,S&P 400,1636222.0
WLK,Westlake Corporation,Materials,S&P 400,1262823.0
WMG,Warner Music Group,Communication Services,S&P 400,1319161.0
WMS,Advanced Drainage Systems,Industrials,S&P 400,1604028.0
WPC,W. P. Carey,Real Estate,S&P 400,1025378.0
WSO,Watsco,Industrials,S&P 400,105016.0
WTFC,Wintrust Financial,Financials,S&P 400,1015328.0
WTRG,Essential Utilities,Utilities,S&P 400,78128.0
WTS,Watts Water Technologies,Industrials,S&P 400,795403.0
WWD,"Woodward, Inc.",Industrials,S&P 400,108312.0
XPO,"XPO, Inc.",Industrials,S&P 400,1166003.0
XRAY,Dentsply Sirona,Health Care,S&P 400,818479.0
YETI,Yeti Holdings,Consumer Discretionary,S&P 400,1670592.0
ZION,Zions Bancorporation,Financials,S&P 400,109380.0
AAMI,Acadian Asset Management Inc.,Financials,S&P 600,1748824.0
AAP,"Advance Auto Parts, Inc.",Consumer Discretionary,S&P 600,1158449.0
AAT,American Assets Trust,Real Estate,S&P 600,1500217.0
ABCB,Ameris Bancorp,Financials,S&P 600,351569.0
ABG,Asbury Automotive Group,Consumer Discretionary,S&P 600,1144980.0
ABM,"ABM Industries, Inc.",Industrials,S&P 600,771497.0
ABR,Arbor Realty Trust,Financials,S&P 600,1253986.0
ACA,"Arcosa, Inc.",Industrials,S&P 600,1739445.0
ACAD,Acadia Pharmaceuticals,Health Care,S&P 600,1070494.0
ACHC,Acadia Healthcare,Health Care,S&P 600,1520697.0
ACIW,ACI Worldwide,Information Technology,S&P 600,935036.0
ACLS,"Axcelis Technologies, Inc.",Information Technology,S&P 600,1113232.0
ACMR,"ACM Research, Inc.",Information Technology,S&P 600,1680062.0
ACT,"Enact Holdings, Inc.",Financials,S&P 600,1823529.0
ADAM,"Adamas Trust, Inc.",Real Estate,S&P 600,1273685.0
ADEA,"Adeia, Inc.",Information Technology,S&P 600,1803696.0
ADIG,ADI Global Distribution,Information Technology,S&P 600,2105139.0
ADMA,"ADMA Biologics, Inc.",Health Care,S&P 600,1368514.0
ADNT,Adient,Consumer Discretionary,S&P 600,1670541.0
ADT,ADT Inc.,Consumer Discretionary,S&P 600,1703056.0
ADUS,Addus HomeCare Corp.,Health Care,S&P 600,1468328.0
AEO,American Eagle Outfitters,Consumer Discretionary,S&P 600,919012.0
AESI,"Atlas Energy Solutions, Inc.",Energy,S&P 600,1984060.0
AGNT,"eXp World Holdings, Inc.",Real Estate,S&P 600,1495932.0
AGO,Assured Guaranty Ltd.,Financials,S&P 600,1273813.0
AGX,"Argan, Inc.",Industrials,S&P 600,100591.0
AGYS,"Agilysys, Inc.",Information Technology,S&P 600,78749.0
AHCO,AdaptHealth Corp.,Health Care,S&P 600,1725255.0
AIN,Albany International Corp.,Industrials,S&P 600,819793.0
AIR,AAR Corp.,Industrials,S&P 600,1750.0
AKR,Acadia Realty Trust,Real Estate,S&P 600,899629.0
ALG,Alamo Group,Industrials,S&P 600,897077.0
ALGT,Allegiant Travel Company,Industrials,S&P 600,1362468.0
ALHC,"Alignment Healthcare, Inc.",Health Care,S&P 600,1832466.0
ALKS,Alkermes plc,Health Care,S&P 600,1520262.0
ALRM,"Alarm.Com, Inc.",Financials,S&P 600,1459200.0
AMN,"Amn Healthcare Services, Inc.",Health Care,S&P 600,1142750.0
AMPH,"Amphstar Pharmaceuticals, Inc.",Health Care,S&P 600,1297184.0
AMR,"Alpha Metallurgical Resources, Inc.",Materials,S&P 600,1704715.0
AMRX,Amneal Pharmaceuticals,Health Care,S&P 600,1723128.0
AMSF,"Amerisafe, Inc.",Financials,S&P 600,1018979.0
AMTM,Amentum,Industrials,S&P 600,2011286.0
ANDE,"The Andersons, Inc.",Consumer Staples,S&P 600,821026.0
ANIP,"ANI Pharmaceuticals, Inc.",Health Care,S&P 600,1023024.0
AORT,Artivion,Health Care,S&P 600,784199.0
AOSL,"Alpha and Omega Semiconductor, Ltd.",Information Technology,S&P 600,1387467.0
APAM,"Artisan Partners Asset Management, Inc.",Financials,S&P 600,1517302.0
APLE,"Apple Hospitality REIT, Inc.",Real Estate,S&P 600,1418121.0
APOG,"Apogee Enterprises, Inc.",Industrials,S&P 600,6845.0
ARCB,ArcBest Corp.,Industrials,S&P 600,894405.0
ARLO,Arlo Technologies,Information Technology,S&P 600,1736946.0
AROC,"Archrock, Inc.",Energy,S&P 600,1389050.0
ARR,Armour Residential REIT,Real Estate,S&P 600,1428205.0
ASO,Academy Sports + Outdoors,Consumer Discretionary,S&P 600,1817358.0
ASTE,"Astec Industries, Inc.",Industrials,S&P 600,792987.0
ASTH,"Astrana Health, Inc.",Health Care,S&P 600,1083446.0
ATEN,"A10 Networks, Inc.",Information Technology,S&P 600,1580808.0
ATMU,Atmus Filtration Technologies Inc.,Industrials,S&P 600,1921963.0
AUB,"Atlantic Union Bankshares, Corp.",Financials,S&P 600,883948.0
AVA,Avista Corporation,Utilities,S&P 600,104918.0
AWI,"Armstrong World Industries, Inc.",Industrials,S&P 600,7431.0
AWR,American States Water Company,Utilities,S&P 600,1056903.0
AX,"Axos Financial, Inc.",Financials,S&P 600,1299709.0
AZTA,"Azenta, Inc.",Health Care,S&P 600,933974.0
AZZ,"AZZ, Inc.",Industrials,S&P 600,8947.0
BANC,"Banc Of California, Inc.",Financials,S&P 600,1169770.0
BANF,Bancfirst Corp,Financials,S&P 600,760498.0
BANR,Banner Corporation,Financials,S&P 600,946673.0
BBT,Beacon Financial Corp.,Financials,S&P 600,1108134.0
BCC,Boise Cascade,Industrials,S&P 600,1328581.0
BCPC,Balchem Corporation,Materials,S&P 600,9326.0
BFAM,Bright Horizons Family Solutions Inc.,Consumer Discretionary,S&P 600,1437578.0
BFH,"Bread Financial Holdings, Inc.",Financials,S&P 600,1101215.0
BFS,"Saul Centers, Inc.",Real Estate,S&P 600,907254.0
BGC,"BGC Group, Inc.",Financials,S&P 600,1094831.0
BHE,"Benchmark Electronics, Inc.",Information Technology,S&P 600,863436.0
BJRI,"BJ's Restaurants, Inc.",Consumer Discretionary,S&P 600,1013488.0
BKE,"The Buckle, Inc.",Consumer Discretionary,S&P 600,885245.0
BKU,"BankUnited, Inc.",Financials,S&P 600,1504008.0
BL,"BlackLine Systems, Inc.",Information Technology,S&P 600,1666134.0
BLFS,"BioLife Solutions, Inc.",Health Care,S&P 600,834365.0
BLKB,Blackbaud,Information Technology,S&P 600,1280058.0
BMI,"Badger Meter, Inc.",Information Technology,S&P 600,9092.0
BNL,"Broadstone Net Lease, Inc.",Real Estate,S&P 600,1424182.0
BOH,Bank of Hawaii,Financials,S&P 600,46195.0
BOOT,"Boot Barn Holdings, Inc.",Consumer Discretionary,S&P 600,1610250.0
BOX,"Box, Inc.",Information Technology,S&P 600,1372612.0
BRC,Brady Corporation,Industrials,S&P 600,746598.0
BTU,"Peabody Energy, Inc.",Energy,S&P 600,1064728.0
BXMT,"Blackstone Mortgage Trust, Inc.",Financials,S&P 600,1061630.0
CACC,Credit Acceptance,Financials,S&P 600,885550.0
CAG,Conagra Brands,Consumer Staples,S&P 600,23217.0
CAKE,"The Cheesecake Factory, Inc.",Consumer Discretionary,S&P 600,887596.0
CALM,"Cal-Maine Foods, Inc.",Consumer Staples,S&P 600,16160.0
CALX,Calix,Information Technology,S&P 600,1406666.0
CALY,Callaway Golf Company,Consumer Discretionary,S&P 600,837465.0
CARG,CarGurus,Communication Services,S&P 600,1494259.0
CASH,"Pathward Financial, Inc.",Financials,S&P 600,907471.0
CATY,Cathay General Bancorp,Financials,S&P 600,861842.0
CBRL,Cracker Barrel,Consumer Discretionary,S&P 600,1067294.0
CBU,"Community Bank System, Inc.",Financials,S&P 600,723188.0
CC,Chemours,Materials,S&P 600,1627223.0
CCOI,"Cogent Communications Holdings, Inc.",Communication Services,S&P 600,1158324.0
CCS,"Century Communities, Inc.",Consumer Discretionary,S&P 600,1576940.0
CE,Celanese,Materials,S&P 600,1306830.0
CENT,Central Garden & Pet Company,Consumer Staples,S&P 600,887733.0
CENTA,Central Garden & Pet Company (Class A),Consumer Staples,S&P 600,887733.0
CENX,Century Aluminum Company,Materials,S&P 600,949157.0
CERT,"Certara, Inc.",Health Care,S&P 600,1827090.0
CFFN,Capitol Federal Savings Bank,Financials,S&P 600,1490906.0
CHCO,City Holding Company,Financials,S&P 600,726854.0
CHEF,"Chefs' Warehouse, Inc.",Consumer Staples,S&P 600,1517175.0
CLSK,"CleanSpark, Inc.",Information Technology,S&P 600,827876.0
CNK,"Cinemark Holdings, Inc.",Communication Services,S&P 600,1385280.0
CNMD,CONMED Corporation,Health Care,S&P 600,816956.0
CNR,"Core Natural Resources, Inc.",Energy,S&P 600,1710366.0
CNS,"Cohen & Steers, Inc.",Financials,S&P 600,1284812.0
CNXC,Concentrix,Industrials,S&P 600,1803599.0
CNXN,"PC Connection, Inc.",Information Technology,S&P 600,1050377.0
COCO,The Vita Coco Company,Consumer Staples,S&P 600,1482981.0
COHU,"Cohu, Inc.",Information Technology,S&P 600,21535.0
COLL,"Collegium Pharmaceutical, Inc.",Health Care,S&P 600,1267565.0
CON,"Concentra Group Holdings Parent, Inc.",Health Care,S&P 600,2014596.0
CORT,Corcept Therapeutics Incorporated,Health Care,S&P 600,1088856.0
COTY,Coty,Consumer Staples,S&P 600,1024305.0
CPB,The Campbell's Company,Consumer Staples,S&P 600,16732.0
CPF,Central Pacific Financial Corp.,Financials,S&P 600,701347.0
CPK,Chesapeake Utilities Corp.,Utilities,S&P 600,19745.0
CRC,California Resources Corporation,Energy,S&P 600,1609253.0
CRGY,Crescent Energy Company,Energy,S&P 600,1866175.0
CRI,"Carter's, Inc.",Consumer Discretionary,S&P 600,1060822.0
CRK,"Comstock Resources, Inc.",Energy,S&P 600,23194.0
CRSR,Corsair Gaming,Information Technology,S&P 600,1743759.0
CRVL,CorVel Corporation,Health Care,S&P 600,874866.0
CSR,Centerspace Trust,Real Estate,S&P 600,798359.0
CSW,"CSW Industrials, Inc.",Industrials,S&P 600,1624794.0
CTS,CTS Corporation,Information Technology,S&P 600,26058.0
CUBI,"Customers Bancorp, Inc.",Financials,S&P 600,1488813.0
CURB,Curbline Properties Corp.,Real Estate,S&P 600,2027317.0
CVBF,CVB Financial Corp.,Financials,S&P 600,354647.0
CVCO,"Cavco Industries, Inc.",Consumer Discretionary,S&P 600,278166.0
CVI,"CVR Energy, Inc.",Energy,S&P 600,1376139.0
CVSA,Covista Inc.,Consumer Discretionary,S&P 600,730464.0
CWEN,"Clearway Energy, Inc. (Class C)",Utilities,S&P 600,1567683.0
CWEN-A,"Clearway Energy, Inc. (Class A)",Utilities,S&P 600,
CWK,Cushman & Wakefield plc,Real Estate,S&P 600,1628369.0
CWST,"Casella Waste Systems, Inc.",Industrials,S&P 600,911177.0
CWT,California Water Service Group,Utilities,S&P 600,1035201.0
CXM,"Sprinklr, Inc.",Information Technology,S&P 600,1569345.0
CXW,CoreCivic,Industrials,S&P 600,1070985.0
CZR,Caesars Entertainment,Consumer Discretionary,S&P 600,1590895.0
DAN,Dana Incorporated,Consumer Discretionary,S&P 600,26780.0
DAVE,"Dave, Inc.",Financials,S&P 600,1841408.0
DBD,Diebold Nixdorf,Information Technology,S&P 600,28823.0
DCH,Dauch Corporation,Consumer Discretionary,S&P 600,1062231.0
DCOM,"Dime Community Bancshares, Inc.",Financials,S&P 600,846617.0
DEA,"Easterly Government Properties, Inc.",Real Estate,S&P 600,1622194.0
DEI,Douglas Emmett,Real Estate,S&P 600,1364250.0
DFH,"Dream Finders Homes, Inc.",Consumer Discretionary,S&P 600,1825088.0
DFIN,"Donnelley Financial Solutions, Inc.",Financials,S&P 600,1669811.0
DGII,Digi International Inc.,Information Technology,S&P 600,854775.0
DIOD,Diodes Incorporated,Information Technology,S&P 600,29002.0
DLX,Deluxe Corporation,Industrials,S&P 600,27996.0
DMC,Del Monte Corporation,Consumer Staples,S&P 600,1047340.0
DNOW,NOW Inc,Industrials,S&P 600,1599617.0
DORM,"Dorman Products, Inc.",Consumer Discretionary,S&P 600,868780.0
DRH,DiamondRock Hospitality Company,Real Estate,S&P 600,1298946.0
DV,DoubleVerify Holdings Inc.,Communication Services,S&P 600,1819928.0
DXC,DXC Technology,Information Technology,S&P 600,1688568.0
DXPE,"DXP Enterprises, Inc.",Industrials,S&P 600,1020710.0
EAT,"Brinker International, Inc.",Consumer Discretionary,S&P 600,703351.0
EBC,"Eastern Bankshares, Inc.",Financials,S&P 600,1810546.0
ECG,"Everus Construction Group, Inc.",Industrials,S&P 600,2015845.0
ECPG,"Encore Capital Group, Inc.",Financials,S&P 600,1084961.0
EFC,"Ellington Financial, Inc.",Financials,S&P 600,1411342.0
EFOR,Everforth Inc.,Information Technology,S&P 600,890564.0
EGBN,Eagle Bancorp Inc,Financials,S&P 600,1050441.0
EIG,"Employers Holdings, Inc.",Financials,S&P 600,1379041.0
EMN,Eastman Chemical Company,Materials,S&P 600,915389.0
ENOV,Enovis,Health Care,S&P 600,1420800.0
ENPH,Enphase Energy,Information Technology,S&P 600,1463101.0
ENR,Energizer,Consumer Staples,S&P 600,1632790.0
ENVA,"Enova International, Inc.",Financials,S&P 600,1529864.0
EPAC,Enerpac Tool Group,Industrials,S&P 600,6955.0
EPAM,EPAM Systems,Information Technology,S&P 600,1352010.0
EPC,Edgewell Personal Care,Consumer Staples,S&P 600,1096752.0
EPRT,"Essential Properties Realty Trust, Inc.",Real Estate,S&P 600,1728951.0
ESE,ESCO Technologies Inc.,Industrials,S&P 600,866706.0
ESI,Element Solutions,Materials,S&P 600,1590714.0
ETSY,Etsy,Consumer Discretionary,S&P 600,1370637.0
EVTC,"EVERTEC, Inc.",Financials,S&P 600,1559865.0
EXTR,"Extreme Networks, Inc.",Information Technology,S&P 600,1078271.0
EYE,National Vision Holdings,Consumer Discretionary,S&P 600,1710155.0
EZPW,"EZCORP, Inc.",Financials,S&P 600,876523.0
FA,First Advantage Corporation,Industrials,S&P 600,1210677.0
FBK,FB Financial Corp.,Financials,S&P 600,1649749.0
FBNC,First Bancorp (Southern Pines NC),Financials,S&P 600,811589.0
FBP,First BanCorp (Puerto Rico),Financials,S&P 600,1057706.0
FBRT,"Franklin BSP Realty Trust, Inc.",Real Estate,S&P 600,1562528.0
FCF,"First Commonwealth Financial, Corp.",Financials,S&P 600,712537.0
FCPT,"Four Corners Property Trust, Inc.",Real Estate,S&P 600,1650132.0
FELE,Franklin Electric,Industrials,S&P 600,38725.0
FFBC,First Financial Bancorp,Financials,S&P 600,708955.0
FG,"F&G Annuities & Life, Inc.",Financials,S&P 600,1934850.0
FHB,"First Hawaiian, Inc.",Financials,S&P 600,36377.0
FIBK,"First Interstate BancSystem, Inc.",Financials,S&P 600,860413.0
FIVN,"Five9, Inc.",Information Technology,S&P 600,1288847.0
FIZZ,National Beverage Corp.,Consumer Staples,S&P 600,69891.0
FLO,Flowers Foods,Consumer Staples,S&P 600,1128928.0
FMC,FMC Corporation,Materials,S&P 600,37785.0
FORM,"FormFactor, Inc.",Information Technology,S&P 600,1039399.0
FOXF,Fox Factory,Consumer Discretionary,S&P 600,1424929.0
FRPT,Freshpet,Consumer Staples,S&P 600,1611647.0
FSS,Federal Signal Corporation,Industrials,S&P 600,277509.0
FTDR,"Frontdoor, Inc.",Consumer Discretionary,S&P 600,1727263.0
FTRE,Fortrea,Health Care,S&P 600,1965040.0
FUL,H.B. Fuller Company,Materials,S&P 600,39368.0
FULT,Fulton Financial Corporation,Financials,S&P 600,700564.0
FUN,Six Flags,Consumer Discretionary,S&P 600,1999001.0
GBX,"The Greenbrier Companies, Inc.",Industrials,S&P 600,923120.0
GEO,"GEO Group, Inc.",Industrials,S&P 600,923796.0
GFF,Griffon Corporation,Industrials,S&P 600,50725.0
GIII,"G-III Apparel Group, Ltd.",Consumer Discretionary,S&P 600,821002.0
GKOS,Glaukos Corp.,Health Care,S&P 600,1192448.0
GNL,"Global Net Lease, Inc.",Real Estate,S&P 600,1526113.0
GNW,"Genworth Financial, Inc.",Financials,S&P 600,1276520.0
GO,Grocery Outlet,Consumer Staples,S&P 600,1771515.0
GOLF,Acushnet Company,Consumer Discretionary,S&P 600,1672013.0
GPI,"Group 1 Automotive, Inc.",Consumer Discretionary,S&P 600,1031203.0
GPOR,Gulfport Energy Corporation,Energy,S&P 600,874499.0
GRBK,"Green Brick Partners, Inc.",Consumer Discretionary,S&P 600,1373670.0
GSHD,"Goosehead Insurance, Inc.",Financials,S&P 600,1726978.0
GT,Goodyear Tire and Rubber Company,Consumer Discretionary,S&P 600,42582.0
GTES,Gates Corporation,Industrials,S&P 600,1718512.0
GTM,ZoomInfo,Communication Services,S&P 600,1794515.0
GTY,Getty Realty Corp.,Real Estate,S&P 600,1052752.0
GVA,"Granite Construction, Inc.",Industrials,S&P 600,861459.0
HAFC,Hanmi Financial Corporation,Financials,S&P 600,1109242.0
HASI,"Hannon Armstrong Sustainable Infrastructure Capital, Inc.",Financials,S&P 600,1561894.0
HAYW,"Hayward Holdings, Inc.",Industrials,S&P 600,1834622.0
HCC,"Warrior Met Coal, Inc.",Materials,S&P 600,1691303.0
HCI,"HCI Group, Inc.",Financials,S&P 600,1400810.0
HCSG,"Healthcare Services Group, Inc.",Industrials,S&P 600,731012.0
HE,"Hawaiian Electric Industries, Inc.",Utilities,S&P 600,354707.0
HFWA,Heritage Financial Corporation,Financials,S&P 600,1046025.0
HIW,Highwoods Properties,Real Estate,S&P 600,921082.0
HLIT,Harmonic Inc.,Information Technology,S&P 600,851310.0
HLX,"Helix Energy Solutions Group, Inc.",Energy,S&P 600,
HMN,Horace Mann Educators Corporation,Financials,S&P 600,850141.0
HNI,HNI Corporation,Industrials,S&P 600,48287.0
HOPE,"Hope Bancorp, Inc.",Financials,S&P 600,1128361.0
HP,"Helmerich & Payne, Inc.",Energy,S&P 600,46765.0
HRMY,"Harmony Biosciences Holdings, Inc.",Health Care,S&P 600,1802665.0
HSTM,"HealthStream, Inc.",Health Care,S&P 600,1095565.0
HTH,Hilltop Holdings Inc.,Financials,S&P 600,1265131.0
HTLD,"Heartland Express, Inc.",Industrials,S&P 600,799233.0
HTO,H2O America,Utilities,S&P 600,766829.0
HUBG,"Hub Group, Inc.",Industrials,S&P 600,940942.0
HWKN,"Hawkins, Inc.",Materials,S&P 600,46250.0
HZO,"MarineMax, Inc.",Consumer Discretionary,S&P 600,1057060.0
IART,Integra Lifesciences Holdings,Health Care,S&P 600,917520.0
IBP,"Installed Building Products, Inc.",Consumer Discretionary,S&P 600,1580905.0
ICHR,"Ichor Holdings, Ltd.",Information Technology,S&P 600,1652535.0
ICUI,ICU Medical,Health Care,S&P 600,883984.0
IIPR,"Innovative Industrial Properties, Inc.",Real Estate,S&P 600,1677576.0
INDB,Independent Bank Corp.,Financials,S&P 600,776901.0
INDV,Indivior,Health Care,S&P 600,1625297.0
INSP,"Inspire Medical Systems, Inc.",Health Care,S&P 600,1609550.0
INSW,"International Seaways, Inc.",Energy,S&P 600,1679049.0
INVA,"Innoviva, Inc.",Health Care,S&P 600,1080014.0
INVX,"Innovex International, Inc.",Energy,S&P 600,1042893.0
IOSP,"Innospec, Inc.",Materials,S&P 600,1054905.0
IPAR,"Inter Parfums, Inc.",Consumer Staples,S&P 600,822663.0
IRDM,Iridium Communications,Communication Services,S&P 600,1418819.0
ITGR,Integer Holdings Corporation,Health Care,S&P 600,1114483.0
ITRI,"Itron, Inc.",Information Technology,S&P 600,780571.0
IVT,InvenTrust Properties,Real Estate,S&P 600,1307748.0
JBGS,JBG Smith,Real Estate,S&P 600,1689796.0
JBLU,JetBlue,Industrials,S&P 600,1158463.0
JBSS,"John B. Sanfilippo & Son, Inc.",Consumer Staples,S&P 600,880117.0
JBTM,JBT Marel Corporation,Industrials,S&P 600,1433660.0
JJSF,J&J Snack Foods Corp.,Consumer Staples,S&P 600,785956.0
JOE,St. Joe Company,Real Estate,S&P 600,745308.0
JXN,"Jackson Financial, Inc.",Financials,S&P 600,1822993.0
KAI,Kadant Inc.,Industrials,S&P 600,886346.0
KALU,Kaiser Aluminum Corporation,Materials,S&P 600,811596.0
KFY,Korn/Ferry International,Industrials,S&P 600,56679.0
KGS,"Kodiak Gas Services, Inc.",Energy,S&P 600,1767042.0
KLIC,"Kulicke and Soffa Industries, Inc.",Information Technology,S&P 600,56978.0
KMPR,Kemper Corporation,Financials,S&P 600,860748.0
KMT,Kennametal,Industrials,S&P 600,55242.0
KMX,"CarMax, Inc.",Consumer Discretionary,S&P 600,1170010.0
KN,Knowles Corporation,Information Technology,S&P 600,1587523.0
KNTK,"Kinetik Holdings, Inc.",Energy,S&P 600,1692787.0
KOP,"Koppers Holdings, Inc.",Materials,S&P 600,1315257.0
KRMN,Karman Holdings,Industrials,S&P 600,2040127.0
KSS,Kohl's Corp.,Consumer Discretionary,S&P 600,885639.0
KTB,Kontoor Brands,Consumer Discretionary,S&P 600,1760965.0
KWR,Quaker Chemical Corporation,Materials,S&P 600,81362.0
LAUR,"Laureate Education, Inc.",Consumer Discretionary,S&P 600,912766.0
LAZ,Lazard,Financials,S&P 600,1311370.0
LBRT,"Liberty Energy, Inc.",Energy,S&P 600,1694028.0
LCII,LCI Industries,Consumer Discretionary,S&P 600,763744.0
LEG,Leggett & Platt,Consumer Discretionary,S&P 600,
LEU,Centrus Energy Corp.,Energy,S&P 600,1065059.0
LFST,Lifestance Health,Health Care,S&P 600,1845257.0
LGIH,LGI Homes,Consumer Discretionary,S&P 600,1580670.0
LIF,Life360,Information Technology,S&P 600,1581760.0
LGND,"Ligand Pharmaceuticals, Inc.",Health Care,S&P 600,886163.0
LKFN,Lakeland Financial,Financials,S&P 600,721994.0
LKQ,LKQ Corporation,Consumer Discretionary,S&P 600,1065696.0
LMAT,LeMaitre Vascular,Health Care,S&P 600,1158895.0
LNC,Lincoln Financial,Financials,S&P 600,59558.0
LNN,Lindsay Corporation,Materials,S&P 600,836157.0
LPG,Dorian LPG Ltd.,Energy,S&P 600,1596993.0
LQDA,Liquidia Corporation,Health Care,S&P 600,1819576.0
LQDT,"Liquidity Services, Inc.",Industrials,S&P 600,1235468.0
LRN,"Stride, Inc.",Consumer Discretionary,S&P 600,1157408.0
LTC,"LTC Properties, Inc.",Real Estate,S&P 600,887905.0
LTH,"Life Time Group Holdings, Inc.",Consumer Discretionary,S&P 600,1869198.0
LUMN,Lumen Technologies,Communication Services,S&P 600,18926.0
LW,Lamb Weston,Consumer Staples,S&P 600,1679273.0
LXP,Lexington Realty Trust,Real Estate,S&P 600,910108.0
LYFT,"Lyft, Inc.",Industrials,S&P 600,1759509.0
LZ,"LegalZoom.com, Inc.",Industrials,S&P 600,1286139.0
LZB,"La-Z-Boy, Inc.",Consumer Discretionary,S&P 600,57131.0
MAC,Macerich,Real Estate,S&P 600,912242.0
MAN,ManpowerGroup,Industrials,S&P 600,871763.0
MARA,"MARA Holdings, Inc.",Information Technology,S&P 600,1507605.0
MATW,Matthews International Corporation,Consumer Discretionary,S&P 600,63296.0
MATX,"Matson, Inc.",Industrials,S&P 600,3453.0
MBC,"MasterBrand, Inc.",Industrials,S&P 600,1941365.0
MBGL,"Mobility Global, Inc.",Industrials,S&P 600,2090312.0
MBIN,Merchants Bancorp,Financials,S&P 600,1629019.0
MC,Moelis & Company,Financials,S&P 600,1596967.0
MCRI,"Monarch Casino & Resort, Inc.",Consumer Discretionary,S&P 600,907242.0
MCY,Mercury General,Financials,S&P 600,64996.0
MD,Pediatrix Medical Group,Health Care,S&P 600,893949.0
MDU,"MDU Resources Group, Inc.",Utilities,S&P 600,67716.0
MFP,"Midera Food Processing, Inc.",Industrials,S&P 600,2088281.0
MGEE,"MGE Energy, Inc.",Utilities,S&P 600,1161728.0
MGY,"Magnolia Oil & Gas, Corp.",Energy,S&P 600,1698990.0
MHK,Mohawk Industries,Consumer Discretionary,S&P 600,851968.0
MHO,"M/I Homes, Inc.",Consumer Discretionary,S&P 600,799292.0
MIR,"Mirion Technologies, Inc.",Information Technology,S&P 600,1809987.0
MKTX,MarketAxess,Financials,S&P 600,1278021.0
MLKN,"MillerKnoll, Inc.",Industrials,S&P 600,66382.0
MMI,"Marcus & Millichap, Inc.",Real Estate,S&P 600,1578732.0
MMSI,"Merit Medical Systems, Inc.",Health Care,S&P 600,856982.0
MPT,Medical Properties Trust,Real Estate,S&P 600,1287865.0
MRCY,Mercury Systems,Industrials,S&P 600,1049521.0
MRP,"Millrose Properties, Inc.",Real Estate,S&P 600,2017206.0
MRTN,"Marten Transport, Ltd.",Industrials,S&P 600,799167.0
MSEX,Middlesex Water Company,Utilities,S&P 600,66004.0
MSGS,Madison Square Garden Sports Corp.,Communication Services,S&P 600,1636519.0
MTCH,Match Group,Communication Services,S&P 600,891103.0
MTH,Meritage Homes Corporation,Consumer Discretionary,S&P 600,833079.0
MTRN,Materion Corp.,Materials,S&P 600,1104657.0
MTUS,Metallus Inc,Materials,S&P 600,1598428.0
MTX,Minerals Technologies,Materials,S&P 600,891014.0
MWA,Mueller Water Products,Industrials,S&P 600,1350593.0
MXL,"MaxLinear, Inc.",Information Technology,S&P 600,1288469.0
MYRG,"MYR Group, Inc.",Industrials,S&P 600,700923.0
NABL,"N-able, Inc.",Information Technology,S&P 600,1834488.0
NATL,NCR Atleos,Financials,S&P 600,1974138.0
NAVI,Navient,Financials,S&P 600,1593538.0
NBHC,National Bank Holdings Corporation,Financials,S&P 600,1475841.0
NBTB,"NBT Bancorp, Inc.",Financials,S&P 600,790359.0
NE,Noble Corporation,Energy,S&P 600,1895262.0
NEO,"NeoGenomics Laboratories, Inc.",Health Care,S&P 600,1077183.0
NEOG,Neogen,Health Care,S&P 600,711377.0
NGVT,"Ingevity, Corp.",Materials,S&P 600,1653477.0
NHC,"National Healthcare, Corp.",Health Care,S&P 600,1047335.0
NHI,"National Health Investors, Inc.",Real Estate,S&P 600,877860.0
NIC,Nicolet Bankshares,Financials,S&P 600,1174850.0
NMIH,"NMI Holdings, Inc.",Financials,S&P 600,1547903.0
NOG,"Northern Oil and Gas, Inc.",Energy,S&P 600,1104485.0
NPK,"National Presto Industries, Inc.",Industrials,S&P 600,80172.0
NPO,"EnPro Industries, Inc.",Industrials,S&P 600,1164863.0
NSIT,"Insight Enterprises, Inc.",Industrials,S&P 600,932696.0
NSP,Insperity,Industrials,S&P 600,1000753.0
NSSC,Napco Security Technologies,Information Technology,S&P 600,69633.0
NTCT,"NETSCOUT Systems, Inc.",Information Technology,S&P 600,1078075.0
NTST,NETSTREIT Corp.,Real Estate,S&P 600,1798100.0
NWBI,"Northwest Bancshares, Inc.",Financials,S&P 600,1471265.0
NWL,Newell Brands,Consumer Discretionary,S&P 600,814453.0
NWN,NW Natural,Utilities,S&P 600,1733998.0
NX,Quanex Building Products Corporation,Industrials,S&P 600,1423221.0
NXRT,"NexPoint Residential Trust, Inc.",Real Estate,S&P 600,1620393.0
OFG,OFG Bancorp,Financials,S&P 600,1030469.0
OGN,Organon & Co.,Health Care,S&P 600,1821825.0
OI,"O-I Glass, Inc.",Materials,S&P 600,812074.0
OII,"Oceaneering International, Inc.",Energy,S&P 600,73756.0
OMCL,Omnicell,Health Care,S&P 600,926326.0
OPLN,"OPENLANE, Inc.",Industrials,S&P 600,1395942.0
OSIS,"OSI Systems, Inc.",Information Technology,S&P 600,1039065.0
OSW,OneSpaWorld Holdings Limited,Consumer Discretionary,S&P 600,1758488.0
OTTR,Otter Tail Corporation,Utilities,S&P 600,1466593.0
OUT,Outfront Media,Real Estate,S&P 600,1579877.0
PAHC,Phibro Animal Health,Health Care,S&P 600,1069899.0
PARR,"Par Pacific Holdings, Inc.",Energy,S&P 600,821483.0
PAYC,Paycom,Industrials,S&P 600,1590955.0
PAYO,Payoneer Global Inc.,Financials,S&P 600,1845815.0
PATK,"Patrick Industries, Inc.",Consumer Discretionary,S&P 600,76605.0
PBH,Prestige Consumer Healthcare,Health Care,S&P 600,1295947.0
PBI,"Pitney Bowes, Inc.",Industrials,S&P 600,78814.0
PCRX,"Pacira BioSciences, Inc.",Health Care,S&P 600,1396814.0
PDFS,"PDF Solutions, Inc.",Information Technology,S&P 600,1120914.0
PEB,Pebblebrook Hotel Trust,Real Estate,S&P 600,1474098.0
PECO,Phillips Edison & Company,Real Estate,S&P 600,1476204.0
PENG,"Penguin Solutions, Inc.",Information Technology,S&P 600,1616533.0
PENN,Penn Entertainment,Consumer Discretionary,S&P 600,921738.0
PFBC,Preferred Bank,Financials,S&P 600,1492165.0
PFS,"Provident Financial Services, Inc.",Financials,S&P 600,1178970.0
PGNY,"Progyny, Inc.",Health Care,S&P 600,1551306.0
PHIN,"PHINIA, Inc.",Consumer Discretionary,S&P 600,1968915.0
PI,"Impinj, Inc.",Information Technology,S&P 600,1114995.0
PIPR,Piper Sandler Companies,Financials,S&P 600,1230245.0
PJT,"PJT Partners, Inc.",Financials,S&P 600,1626115.0
PLAB,"Photronics, Inc.",Information Technology,S&P 600,810136.0
PLMR,"Palomar Holdings, Inc.",Financials,S&P 600,1761312.0
PLUS,"ePlus, Inc.",Information Technology,S&P 600,1022408.0
PLXS,Plexus Corp.,Information Technology,S&P 600,785786.0
PMT,PennyMac Mortgage Investment Trust,Real Estate,S&P 600,1464423.0
POOL,Pool Corporation,Consumer Discretionary,S&P 600,945841.0
POWI,Power Integrations,Information Technology,S&P 600,833640.0
POWL,"Powell Industries, Inc.",Industrials,S&P 600,80420.0
PPLI,People Inc.,Communication Services,S&P 600,1800227.0
PRDO,Perdoceo Education Corp.,Consumer Discretionary,S&P 600,1046568.0
PRG,"PROG Holdings, Inc.",Financials,S&P 600,1808834.0
PRGO,Perrigo,Health Care,S&P 600,1585364.0
PRGS,Progress Software Corporation,Information Technology,S&P 600,876167.0
PRIM,Primoris Services Corporation,Industrials,S&P 600,1361538.0
PRK,Park National Corp.,Financials,S&P 600,805676.0
PRKS,United Parks & Resorts,Consumer Discretionary,S&P 600,1564902.0
PRLB,Protolabs,Industrials,S&P 600,1443669.0
PRSU,"Pursuit Attractions & Hospitality, Inc.",Consumer Discretionary,S&P 600,884219.0
PRVA,"Privia Health Group, Inc.",Health Care,S&P 600,1759655.0
PSMT,PriceSmart,Consumer Staples,S&P 600,1041803.0
PTCT,"PTC Therapeutics, Inc.",Health Care,S&P 600,1070081.0
PTEN,"Patterson-UTI Energy, Inc.",Energy,S&P 600,889900.0
PTGX,"Protagonist Therapeutics, Inc.",Health Care,S&P 600,1377121.0
PTON,"Peloton Interactive, Inc.",Consumer Discretionary,S&P 600,1639825.0
PZZA,Papa John's Pizza,Consumer Discretionary,S&P 600,901491.0
QDEL,QuidelOrtho,Health Care,S&P 600,1906324.0
QNST,"QuinStreet, Inc.",Communication Services,S&P 600,1117297.0
QRVO,Qorvo,Information Technology,S&P 600,1604778.0
QTWO,"Q2 Holdings, Inc.",Information Technology,S&P 600,1410384.0
RAMP,"LiveRamp Holdings, Inc.",Information Technology,S&P 600,733269.0
RAL,Ralliant Corp,Information Technology,S&P 600,2041385.0
RCUS,"Arcus Biosciences, Inc.",Health Care,S&P 600,1724521.0
RDN,"Radian Group, Inc.",Financials,S&P 600,890926.0
RDNT,"RadNet, Inc.",Health Care,S&P 600,790526.0
RELY,Remitly,Financials,S&P 600,1782170.0
RES,"RPC, Inc.",Energy,S&P 600,742278.0
REYN,Reynolds Consumer Products,Consumer Staples,S&P 600,1786431.0
REX,REX American Resources Corporation,Energy,S&P 600,744187.0
REZI,"Resideo Technologies, Inc.",Industrials,S&P 600,1740332.0
RHI,Robert Half,Industrials,S&P 600,315213.0
RHP,Ryman Hospitality Properties,Real Estate,S&P 600,1040829.0
RITM,Rithm Capital,Financials,S&P 600,1556593.0
RNG,"RingCentral, Inc.",Information Technology,S&P 600,1384905.0
RNST,Renasant Corp.,Financials,S&P 600,715072.0
ROAD,"Construction Partners, Inc.",Industrials,S&P 600,1718227.0
ROCK,"Gibraltar Industries, Inc.",Industrials,S&P 600,912562.0
ROG,Rogers Corporation,Information Technology,S&P 600,84748.0
RRR,"Red Rock Resorts, Inc.",Consumer Discretionary,S&P 600,1653653.0
RSI,"Rush Street Interactive, Inc.",Consumer Discretionary,S&P 600,1793659.0
RUN,Sunrun,Industrials,S&P 600,1469367.0
RUSHA,Rush Enterprises,Industrials,S&P 600,1012019.0
RXO,"RXO, Inc.",Industrials,S&P 600,1929561.0
SAFE,"Safehold, Inc.",Real Estate,S&P 600,1095651.0
SABR,Sabre,Consumer Discretionary,S&P 600,1597033.0
SAFT,"Safety Insurance Group, Inc.",Financials,S&P 600,1172052.0
SAH,"Sonic Automotive, Inc.",Consumer Discretionary,S&P 600,1043509.0
SBCF,Seacoast Banking Corporation of Florida,Financials,S&P 600,730708.0
SBH,"Sally Beauty Holdings, Inc.",Consumer Discretionary,S&P 600,1368458.0
SBSI,"Southside Bancshares, Inc.",Financials,S&P 600,705432.0
SCHL,Scholastic Corporation,Consumer Discretionary,S&P 600,866729.0
SCL,Stepan Company,Materials,S&P 600,94049.0
SCSC,"ScanSource, Inc.",Information Technology,S&P 600,918965.0
SDGR,"Schrödinger, Inc.",Health Care,S&P 600,1490978.0
SEDG,SolarEdge,Information Technology,S&P 600,1419612.0
SEI,"Solaris Energy Infrastructure, Inc.",Energy,S&P 600,1697500.0
SEZL,Sezzle,Financials,S&P 600,1662991.0
SFBS,"ServisFirst Bancshares, Inc.",Financials,S&P 600,1430723.0
SFNC,Simmons First National Corporation,Financials,S&P 600,90498.0
SHAK,"Shake Shack, Inc.",Consumer Discretionary,S&P 600,1620533.0
SHEN,Shenandoah Telecommunications Co,Communication Services,S&P 600,354963.0
SHO,"Sunstone Hotel Investors, Inc.",Real Estate,S&P 600,1295810.0
SHOO,"Steven Madden, Ltd.",Consumer Discretionary,S&P 600,913241.0
SIG,Signet Jewelers,Consumer Discretionary,S&P 600,832988.0
SKT,"Tanger Factory Outlet Centers, Inc.",Real Estate,S&P 600,899715.0
SKY,"Champion Homes, Inc.",Consumer Discretionary,S&P 600,90896.0
SKYW,"SkyWest, Inc.",Industrials,S&P 600,793733.0
SLG,SL Green Realty,Real Estate,S&P 600,1040971.0
SLVM,Sylvamo Corp.,Materials,S&P 600,1856485.0
SM,SM Energy Company,Energy,S&P 600,893538.0
SMP,"Standard Motor Products, Inc.",Consumer Discretionary,S&P 600,93389.0
SMPL,Simply Good Foods Company,Consumer Staples,S&P 600,1702744.0
SNDR,Schneider National,Industrials,S&P 600,1692063.0
SNEX,StoneX Group Inc.,Financials,S&P 600,913760.0
SONO,"Sonos, Inc.",Consumer Discretionary,S&P 600,1314727.0
SPHR,Sphere Entertainment,Communication Services,S&P 600,1795250.0
SPNT,SiriusPoint Ltd.,Financials,S&P 600,1576018.0
SPSC,"SPS Commerce, Inc.",Information Technology,S&P 600,1092699.0
SRPT,Sarepta Therapeutics,Health Care,S&P 600,873303.0
STAA,STAAR Surgical Company,Health Care,S&P 600,718937.0
STBA,"S&T Bancorp, Inc.",Financials,S&P 600,719220.0
STC,Stewart Information Services Corporation,Financials,S&P 600,94344.0
STEP,StepStone Group,Financials,S&P 600,1796022.0
STRA,"Strategic Education, Inc.",Consumer Discretionary,S&P 600,1013934.0
SUPN,"Supernus Pharmaceuticals, Inc.",Health Care,S&P 600,1356576.0
SXI,Standex International Corporation,Industrials,S&P 600,310354.0
SXT,Sensient Technologies,Materials,S&P 600,310142.0
TALO,"Talos Energy, Inc.",Energy,S&P 600,1724965.0
TBBK,"The Bancorp, Inc.",Financials,S&P 600,1295401.0
TDC,Teradata,Information Technology,S&P 600,816761.0
TDS,"Telephone and Data Systems, Inc.",Communication Services,S&P 600,1051512.0
TDW,"Tidewater, Inc.",Energy,S&P 600,98222.0
TFIN,"Triumph Bancorp, Inc.",Financials,S&P 600,1539638.0
TFX,Teleflex,Health Care,S&P 600,96943.0
TGTX,"TG Therapeutics, Inc.",Health Care,S&P 600,1001316.0
THRM,Gentherm Incorporated,Consumer Discretionary,S&P 600,903129.0
TILE,"Interface, Inc.",Industrials,S&P 600,715787.0
TMDX,"TransMedics Group, Inc.",Health Care,S&P 600,1756262.0
TMP,Tompkins Financial Corporation,Financials,S&P 600,1005817.0
TNC,Tennant Company,Industrials,S&P 600,97134.0
TNDM,Tandem Diabetes Care,Health Care,S&P 600,1438133.0
TPC,Tutor Perini Corporation,Industrials,S&P 600,77543.0
TR,"Tootsie Roll Industries, Inc.",Consumer Staples,S&P 600,98677.0
TRIP,TripAdvisor,Communication Services,S&P 600,1526520.0
TRMK,Trustmark Corp.,Financials,S&P 600,36146.0
TRN,"Trinity Industries, Inc.",Industrials,S&P 600,99780.0
TRNO,Terreno Realty Corporation,Real Estate,S&P 600,1476150.0
TRST,TrustCo Bank Corp NY,Financials,S&P 600,357301.0
TRUP,Trupanion,Financials,S&P 600,1371285.0
UA,Under Armour (Class C),Consumer Discretionary,S&P 600,1336917.0
UAA,Under Armour (Class A),Consumer Discretionary,S&P 600,1336917.0
UCB,"United Community Banks, Inc.",Financials,S&P 600,857855.0
UCTT,"Ultra Clean Holdings, Inc.",Information Technology,S&P 600,1275014.0
UE,Urban Edge Properties,Real Estate,S&P 600,1611547.0
UFCS,"United Fire Group, Inc.",Financials,S&P 600,101199.0
UFPT,"UFP Technologies, Inc.",Health Care,S&P 600,914156.0
UNF,UniFirst Corporation,Industrials,S&P 600,717954.0
UNFI,United Natural Foods Inc,Consumer Staples,S&P 600,1020859.0
UNIT,Uniti Group,Communication Services,S&P 600,2020795.0
UPBD,"Upbound Group, Inc.",Consumer Discretionary,S&P 600,933036.0
UPWK,"Upwork, Inc.",Industrials,S&P 600,1627475.0
URBN,"Urban Outfitters, Inc.",Consumer Discretionary,S&P 600,912615.0
USLM,"United States Lime & Minerals, Inc.",Materials,S&P 600,82020.0
USPH,"U.S. Physical Therapy, Inc.",Health Care,S&P 600,885978.0
UTI,Universal Technical Institute,Consumer Discretionary,S&P 600,1261654.0
UTL,Unitil Corporation,Utilities,S&P 600,755001.0
UVV,Universal Corporation,Consumer Staples,S&P 600,102037.0
VAC,Marriott Vacations Worldwide,Consumer Discretionary,S&P 600,1524358.0
VCEL,Vericel,Health Care,S&P 600,887359.0
VCTR,"Victory Capital Holdings, Inc.",Financials,S&P 600,1570827.0
VCYT,"Veracyte, Inc.",Health Care,S&P 600,1384101.0
VECO,Veeco Instruments Inc.,Information Technology,S&P 600,103145.0
VGNT,Versigent PLC,Consumer Discretionary,S&P 600,2078008.0
VIR,"Vir Biotechnology, Inc.",Health Care,S&P 600,1706431.0
VIRT,"Virtu Financial, Inc.",Financials,S&P 600,1592386.0
VRRM,Verra Mobility Corporation,Industrials,S&P 600,1682745.0
VRTS,"Virtus Investment Partners, Inc.",Financials,S&P 600,883237.0
VSAT,"Viasat, Inc.",Information Technology,S&P 600,797721.0
VSEC,VSE Corporation,Industrials,S&P 600,102752.0
VSH,Vishay Intertechnology,Information Technology,S&P 600,103730.0
VSNT,"Versant Media Group, Inc.",Communication Services,S&P 600,2067876.0
VSTS,Vestis,Industrials,S&P 600,1967649.0
VSXY,Victoria's Secret,Consumer Discretionary,S&P 600,1856437.0
VTOL,Bristow Group Inc.,Energy,S&P 600,1525221.0
VVX,"V2X, Inc.",Industrials,S&P 600,1601548.0
VYX,NCR Voyix,Information Technology,S&P 600,70866.0
WABC,Westamerica Bank,Financials,S&P 600,311094.0
WAFD,"WaFd, Inc.",Financials,S&P 600,936528.0
WAY,Waystar Holding Corp,Health Care,S&P 600,1990354.0
WD,"Walker & Dunlop, Inc.",Financials,S&P 600,1497770.0
WDFC,WD-40 Company,Consumer Staples,S&P 600,105132.0
WEN,The Wendy's Company,Consumer Discretionary,S&P 600,30697.0
WERN,Werner Enterprises,Industrials,S&P 600,793074.0
WGO,"Winnebago Industries, Inc.",Consumer Discretionary,S&P 600,107687.0
WHD,"Cactus, Inc.",Energy,S&P 600,1699136.0
WINA,Winmark,Consumer Discretionary,S&P 600,908315.0
WKC,World Kinect Corporation,Energy,S&P 600,789460.0
WLY,John Wiley & Sons,Communication Services,S&P 600,107140.0
WOR,Worthington Enterprises,Industrials,S&P 600,108516.0
WRBY,Warby Parker,Consumer Discretionary,S&P 600,1504776.0
WRLD,World Acceptance Corporation,Financials,S&P 600,108385.0
WS,Worthington Steel,Materials,S&P 600,1968487.0
WSBC,WesBanco,Financials,S&P 600,203596.0
WSC,WillScot Holdings Corp.,Industrials,S&P 600,1647088.0
WSFS,WSFS Financial Corporation,Financials,S&P 600,828944.0
WT,"WisdomTree Investments, Inc.",Financials,S&P 600,880631.0
WU,Western Union,Financials,S&P 600,1365135.0
WWW,"Wolverine World Wide, Inc.",Consumer Discretionary,S&P 600,110471.0
XHR,"Xenia Hotels & Resorts, Inc.",Real Estate,S&P 600,1616000.0
XNCR,Xencor Inc,Health Care,S&P 600,1326732.0
XPEL,"XPEL, Inc.",Consumer Discretionary,S&P 600,1767258.0
YELP,"Yelp, Inc.",Communication Services,S&P 600,1345016.0
YOU,"Clear Secure, Inc.",Information Technology,S&P 600,1856314.0
ZD,Ziff Davis,Communication Services,S&P 600,1084048.0
ZWS,Zurn Elkay Water Solutions Corp.,Industrials,S&P 600,1439288.0
