m,treated,controls,controls_excl_tech,gap,gap_excl_tech
2020-02,-0.48952235528735394,-0.5251802792879361,-0.5137983965244237,0.03565792400058215,0.02427604123706978
2020-03,-0.558327307953785,-0.5768222213071147,-0.5674024387754074,0.018494913353329645,0.009075130821622368
2020-04,-1.0576942330141559,-0.9306544062426932,-0.9284034662681148,-0.12703982677146264,-0.12929076674604112
2020-05,-1.2189679280996284,-1.028672912774225,-1.0208071960859482,-0.1902950153254035,-0.19816073201368023
2020-06,-1.1587320818524347,-0.9267262613153296,-0.9084520911400826,-0.23200582053710506,-0.2502799907123521
2020-07,-1.0654784009133251,-0.8182367405983236,-0.7941427847454857,-0.2472416603150015,-0.2713356161678394
2020-08,-1.012469829994141,-0.7599941523514328,-0.7332292782073699,-0.2524756776427083,-0.2792405517867711
2020-09,-0.9307918506654355,-0.7105514873755506,-0.6831336792250872,-0.22024036328988483,-0.2476581714403483
2020-10,-0.8360734565023377,-0.6618180848442853,-0.634813090596931,-0.17425537165805238,-0.20126036590540664
2020-11,-0.7747410734911861,-0.6186093927535142,-0.5940292454706387,-0.15613168073767192,-0.18071182802054742
2020-12,-0.7210777860172909,-0.5932100832100236,-0.5718536968557668,-0.12786770280726734,-0.14922408916152408
2021-01,-0.6791616862980675,-0.5589954863813921,-0.5373549742351504,-0.12016619991667543,-0.14180671206291706
2021-02,-0.609655411568396,-0.4924905115618087,-0.47276492219477345,-0.1171649000065873,-0.13689048937362253
2021-03,-0.5088548829827181,-0.41831167114919643,-0.39941621813166384,-0.09054321183352165,-0.10943866485105425
2021-04,-0.4061973881922798,-0.3278552380210792,-0.30655704864985067,-0.07834215017120061,-0.09964033954242912
2021-05,-0.32134634448949634,-0.26835430706414004,-0.24834601665449738,-0.0529920374253563,-0.07300032783499896
2021-06,-0.2714581665511832,-0.22533168482351373,-0.20605627454183742,-0.04612648172766948,-0.06540189200934579
2021-07,-0.22292745627521113,-0.18532150263574285,-0.1679513015463366,-0.03760595363946828,-0.054976154728874516
2021-08,-0.1874328201128037,-0.16650701987308955,-0.1539530027324974,-0.02092580023971416,-0.03347981738030631
2021-09,-0.1426398047360573,-0.12377182547755376,-0.11518582956195662,-0.018867979258503545,-0.027453975174100684
2021-10,-0.0778183785421751,-0.08874445838263827,-0.08176434114454686,0.010926079840463163,0.003945962602371761
2021-11,-0.04428859572016256,-0.046339652628035966,-0.042100697914216466,0.002051056907873404,-0.0021878978059460957
2021-12,-0.01642733807274362,-0.016002458474914185,-0.014909992364344048,-0.0004248795978294348,-0.0015173457083995714
2022-01,-0.03736872365122353,-0.01979700411448171,-0.018314522081284323,-0.017571719536741824,-0.01905420156993921
2022-02,0.011943780750973096,0.00267908598688139,0.0019635863108956376,0.009264694764091705,0.009980194440077458
2022-03,0.025424942900250436,0.01711791812760036,0.01635093577038873,0.008307024772650076,0.009074007129861707
2022-04,0.010685208350736275,0.01602359249118276,0.015217541242667831,-0.005338384140446486,-0.004532332891931556
2022-05,0.008708636635112418,0.017293384398904287,0.016571248888010336,-0.008584747763791869,-0.007862612252897918
2022-06,-0.032622182697849965,0.007981355162751063,0.009403956349006638,-0.04060353786060103,-0.042026139046856606
2022-07,-0.09109845848623237,-0.00573919475602791,-0.0003295827390170203,-0.08535926373020446,-0.09076887574721534
2022-08,-0.13763862131904206,-0.022395451083763295,-0.012400777928419116,-0.11524317023527876,-0.12523784339062294
2022-09,-0.18319084452151793,-0.039796703105226344,-0.02608609605859371,-0.1433941414162916,-0.15710474846292422
2022-10,-0.20440572517712408,-0.052535671596383594,-0.03409596303424809,-0.1518700535807405,-0.170309762142876
2022-11,-0.25483668279547506,-0.062043972699680566,-0.03848970548867645,-0.1927927100957945,-0.2163469773067986
2022-12,-0.3135776768710725,-0.08613886483508354,-0.058484634764480424,-0.22743881203598898,-0.2550930421065921
2023-01,-0.36540867149489237,-0.11126388038819517,-0.08035123180102241,-0.2541447911066972,-0.28505743969387
2023-02,-0.41748944079928574,-0.1403215581167616,-0.10531202661138776,-0.2771678826825241,-0.31217741418789796
2023-03,-0.45250282679263015,-0.1613385270675671,-0.12131575899153368,-0.2911642997250631,-0.33118706780109647
2023-04,-0.4678850571032405,-0.16764844396356018,-0.12452313280262739,-0.3002366131396803,-0.34336192430061313
2023-05,-0.49366931701938316,-0.18259935166053542,-0.1366821637768271,-0.31106996535884773,-0.35698715324255603
2023-06,-0.5221462307671342,-0.21010968434878421,-0.15869707870331226,-0.31203654641835,-0.3634491520638219
2023-07,-0.557260967645524,-0.22843381497016743,-0.1752436406354345,-0.32882715267535656,-0.3820173270100895
2023-08,-0.5724600484073473,-0.23147159256955413,-0.17509568111010887,-0.3409884558377932,-0.39736436729723845
2023-09,-0.5814105201564903,-0.2370458866872023,-0.17966276276526144,-0.34436463346928803,-0.40174775739122887
2023-10,-0.5942001325001579,-0.2515578635973361,-0.19272370282028434,-0.3426422689028218,-0.40147642967987357
2023-11,-0.6092650058847049,-0.27372595838836405,-0.21441744953377614,-0.33553904749634084,-0.3948475563509287
2023-12,-0.6244801994390979,-0.29256406214319686,-0.2342547567805239,-0.3319161372959011,-0.39022544265857406
2024-01,-0.6311968778420999,-0.3090727104705064,-0.25169841472842347,-0.3221241673715935,-0.3794984631136764
2024-02,-0.6345616113599535,-0.31901595473123673,-0.2608826851016842,-0.31554565662871675,-0.37367892625826926
2024-03,-0.6417621983027058,-0.3223119275144537,-0.2637665980353564,-0.31945027078825206,-0.37799560026734935
2024-04,-0.6574989951361733,-0.33359913599246765,-0.2756313067138817,-0.3238998591437056,-0.3818676884222916
2024-05,-0.6669724958122009,-0.35289893268103223,-0.29557718991044374,-0.31407356313116863,-0.3713953059017571
2024-06,-0.6733431632241554,-0.36373845949446365,-0.30775099286964935,-0.3096047037296918,-0.3655921703545061
2024-07,-0.6891630444333151,-0.3731390672521146,-0.317314945713685,-0.3160239771812005,-0.3718480987196301
2024-08,-0.7080778248489935,-0.379764499209071,-0.32297212797340275,-0.3283133256399225,-0.38510569687559076
2024-09,-0.7035604838998758,-0.3819798618458961,-0.3257576624196,-0.3215806220539797,-0.3778028214802758
2024-10,-0.7184485029850745,-0.4023964107112761,-0.3469195119332712,-0.3160520922737984,-0.37152899105180326
2024-11,-0.7216916745837404,-0.4083594141792155,-0.35337888915174565,-0.3133322604045249,-0.36831278543199475
2024-12,-0.7036582402642256,-0.4016964481449214,-0.34662275470658244,-0.30196179211930424,-0.3570354855576432
2025-01,-0.7056082873466396,-0.4051068460857419,-0.3499416774027184,-0.30050144126089773,-0.3556666099439212
2025-02,-0.7458737493209661,-0.41606796865842005,-0.3579907474970134,-0.329805780662546,-0.3878830018239527
2025-03,-0.7749400220349253,-0.4377202706142997,-0.37798858683354075,-0.3372197514206256,-0.39695143520138454
2025-04,-0.8014877837045798,-0.45856110770908143,-0.4011311516454966,-0.3429266759954984,-0.40035663205908323
2025-05,-0.8302144146495346,-0.4715791952734461,-0.4125460744328338,-0.3586352193760885,-0.4176683402167008
2025-06,-0.8247023908505842,-0.4698070528531581,-0.4125485782318342,-0.35489533799742606,-0.41215381261874995
2025-07,-0.8183869993188099,-0.47293674753891607,-0.4154451246750529,-0.3454502517798938,-0.40294187464375697
2025-08,-0.819152199204118,-0.47149143076705974,-0.4143593100673303,-0.34766076843705823,-0.4047928891367877
2025-09,-0.8173115638210918,-0.4811303165696936,-0.4227202516870527,-0.33618124725139825,-0.39459131213403914
2025-10,-0.8014798904421623,-0.48934140496207995,-0.4311489143542536,-0.31213848548008233,-0.37033097608790866
2025-11,-0.7904832044638358,-0.4887380358021746,-0.43083893282925095,-0.3017451686616612,-0.35964427163458484
2025-12,-0.7701064601861182,-0.4756767041630848,-0.4168502674679524,-0.2944297560230334,-0.3532561927181658
2026-01,-0.7652793108785204,-0.4716904639898051,-0.4126713484929394,-0.29358884688871534,-0.352607962385581
2026-02,-0.76337006407877,-0.45479395753623025,-0.3976640168664754,-0.3085761065425397,-0.36570604721229455
2026-03,-0.7782994598574208,-0.4608957808919296,-0.40649416942382127,-0.31740367896549115,-0.3718052904335995
2026-04,-0.8078227630017146,-0.48146432796580885,-0.42958330755973806,-0.3263584350359058,-0.37823945544197657
2026-05,-0.7994516346384728,-0.48342690534016736,-0.43227505239468444,-0.31602472929830544,-0.36717658224378835
2026-06,-0.8071277111339793,-0.49014971353238723,-0.43782110381720774,-0.31697799760159207,-0.36930660731677156
2026-07,-0.7929306628503738,-0.4733092114044081,-0.4215049224380941,-0.3196214514459657,-0.3714257404122797
2026-08,-0.7579782927291564,-0.4698071014434063,-0.41694938218193095,-0.2881711912857501,-0.34102891054722545
2026-09,-0.7552928508755153,-0.4499168849169584,-0.3968408466997293,-0.3053759659585569,-0.35845200417578604
