spec,t,b_E,se,lo,hi
"no FE, controls L",2018,0.03960423793578213,0.013159022407124799,0.013812554017817526,0.06539592185374674
"no FE, controls L",2019,0.043424436607392106,0.009854308757971547,0.024109991441767873,0.06273888177301634
"no FE, controls L",2020,0.032914763264101976,0.010601919814034123,0.012135000428595097,0.053694526099608855
"no FE, controls L",2021,-0.0016878980415209119,0.011595186552731772,-0.024414463684875185,0.02103866760183336
"no FE, controls L",2023,-0.02574967525060269,0.011981742380239992,-0.04923389031587308,-0.0022654601853323054
"no FE, controls L",2024,-0.01979301098030993,0.02105700749360416,-0.06106474566777408,0.021478723707154222
"no FE, controls L",2025,-0.023249559832826783,0.017712834128487457,-0.0579667147246622,0.011467595059008635
"no FE, controls L",2026,-0.02403445506700841,0.01749347141365512,-0.05832165903777244,0.010252748903755625
"major-group FE, controls L",2018,0.04706267633027064,0.014119656935302876,0.019388148737077004,0.07473720392346428
"major-group FE, controls L",2019,0.045002196982666214,0.012282630482171946,0.0209282412376092,0.06907615272772323
"major-group FE, controls L",2020,0.02441485107326139,0.01288870152675069,-0.0008470039191699613,0.049676706065692744
"major-group FE, controls L",2021,-0.020526247481004626,0.007919126138146156,-0.03604773471177109,-0.0050047602502381605
"major-group FE, controls L",2023,-0.03220315814016936,0.009562624946207363,-0.050945903034735784,-0.013460413245602928
"major-group FE, controls L",2024,-0.028424035159570912,0.017973699053873183,-0.06365248530516235,0.006804414986020524
"major-group FE, controls L",2025,-0.027571863817429272,0.01642466905275346,-0.059764215160826056,0.004620487525967512
"major-group FE, controls L",2026,-0.029349271817858624,0.01615943494808819,-0.061021764316111476,0.002323220680394228
"sub-major FE, controls L",2018,0.032189420685670475,0.013392278526736405,0.005940554773267121,0.05843828659807383
"sub-major FE, controls L",2019,0.0319421434058781,0.012995227805234452,0.006471496907618578,0.057412789904137625
"sub-major FE, controls L",2020,0.012375729181601625,0.013077646675775361,-0.013256458302918082,0.03800791666612133
"sub-major FE, controls L",2021,-0.023930073774752314,0.010557561601406775,-0.04462289451350959,-0.0032372530359950358
"sub-major FE, controls L",2023,-0.027580002186756936,0.011423561272175206,-0.049970182280220335,-0.005189822093293533
"sub-major FE, controls L",2024,-0.016336567510063682,0.01897238838211904,-0.053522448739017,0.020849313718889637
"sub-major FE, controls L",2025,-0.020328335672755667,0.01648002545644919,-0.052629185567396077,0.011972514221884743
"sub-major FE, controls L",2026,-0.03422521311457921,0.017324185515409526,-0.06818061672478187,-0.00026980950437654333
"sub-major FE, no L control",2018,0.037837831443926495,0.013832855120023387,0.010725435408680657,0.06495022747917234
"sub-major FE, no L control",2019,0.035784977181812005,0.013427768863990745,0.009466550208390146,0.06210340415523387
"sub-major FE, no L control",2020,0.0156536344839463,0.013087956345810538,-0.009998759953842355,0.041306028921734954
"sub-major FE, no L control",2021,-0.026705552754234085,0.010481505935814926,-0.047249304388431335,-0.006161801120036833
"sub-major FE, no L control",2023,-0.03463592902470031,0.011847462317956099,-0.057856955167894256,-0.011414902881506355
"sub-major FE, no L control",2024,-0.028772755189740096,0.01825854487084344,-0.06455950313659324,0.0070139927571130495
"sub-major FE, no L control",2025,-0.04019490879161536,0.016564946589063115,-0.07266220410617906,-0.007727613477051656
"sub-major FE, no L control",2026,-0.05188958593766174,0.019114510492329092,-0.08935402650262676,-0.014425145372696721
