date,PROD,DIRECT,TEXT
2019-01-01,0.1753165130211744,0.27399486880872653,0.24193050339651098
2019-02-01,0.15246269873829948,0.27128732275219053,0.23775233873326365
2019-03-01,0.147578754933682,0.26873472029087275,0.23338855999278807
2019-04-01,0.15147560112985203,0.2715683445639868,0.24417007113028347
2019-05-01,0.16579507375336094,0.27317242036382106,0.22231352194247084
2019-06-01,0.18924816215137502,0.2833696596527011,0.22236731842815066
2019-07-01,0.19215920049891144,0.29203868466269006,0.2039297646049444
2019-08-01,0.20828972062884488,0.3029607960641226,0.2165355694705198
2019-09-01,0.2149958379159308,0.30902054528866435,0.22790822130570498
2019-10-01,0.22297319258260587,0.313226280568775,0.24086837428921673
2019-11-01,0.2372372310014871,0.25427660948054054,0.21373533780389212
2019-12-01,0.23011690994074013,0.2520801347141025,0.19230056638831125
2020-01-01,0.2152156602625302,0.1775344394182369,0.17915069493341892
2020-02-01,0.20104129829854928,0.1684104507209431,0.1482998944544884
2020-03-01,0.1781440011057417,0.1603004743853219,0.13598397178400423
2020-04-01,0.17654229524730888,0.15111377905120088,0.12002813119745834
2020-05-01,0.17700799134823358,0.1463351005820891,0.1240761343598566
2020-06-01,0.16118989321384225,0.13237471761648992,0.12337219623089327
2020-07-01,0.14350493289436955,0.11049889166834606,0.1201548699225678
2020-08-01,0.11352834379757243,0.0933233048855941,0.1025295993276143
2020-09-01,0.10480418818773529,0.07470817981655337,0.08955303144573273
2020-10-01,0.08050872457216274,0.04199804494938825,0.05539018158256853
2020-11-01,0.039424842431048435,0.022936014766141488,0.028034068831400694
2020-12-01,0.015469243787081699,0.005968261788163065,0.006782381893924938
2021-01-01,-0.00930869812575802,-0.03622013488079073,-0.016100424607289165
2021-02-01,-0.04613336167075088,-0.05516582507635637,-0.03595196119316946
2021-03-01,-0.06141785297447866,-0.07154448994151708,-0.05428206278634018
2021-04-01,-0.08271446779157637,-0.0770317982670316,-0.08984665956193266
2021-05-01,-0.11978372658734587,-0.08722652281659632,-0.08323150940000223
2021-06-01,-0.13356684770670346,-0.08013597307616332,-0.08758422408235023
2021-07-01,-0.13985922617048285,-0.07179591047792588,-0.08241814158571803
2021-08-01,-0.12961255926969695,-0.07113046001277284,-0.05164347387515039
2021-09-01,-0.10916114649254396,-0.05529162176616351,-0.029340337520989385
2021-10-01,-0.08043227443926332,-0.03826838893786613,-0.014244421587041811
2021-11-01,-0.06554586599753057,-0.03155004633269959,-0.004117740966436523
2021-12-01,-0.04711531292019419,-0.023503131609171057,0.005997088922366792
2022-01-01,-0.03130808148492903,-0.017513216525389994,0.018623559365517336
2022-02-01,-0.016755551520649656,-0.012675399982365651,0.02137217782983408
2022-03-01,-0.016678436516516987,-0.010976555541987482,0.010552643856372102
2022-04-01,-0.016570981519227,-0.01038206990204621,0.015778515490607506
2022-05-01,-0.008721017613560957,0.0008413678168942961,0.007481727178971852
2022-06-01,0.0,0.0,0.0
2022-07-01,0.0019743863971967003,-0.00019975437774475378,-0.011128175160841835
2022-08-01,-0.005211560491999535,-0.006050411098900936,-0.03849669073880525
2022-09-01,-0.029764606210665484,-0.017986970781729422,-0.06663539470202684
2022-10-01,-0.051344072537221036,-0.028917164189981262,-0.07679875598039496
2022-11-01,-0.06441791218570325,-0.04077993174373596,-0.09777457151176724
2022-12-01,-0.08045932833240416,-0.04612817750749711,-0.10535306113155202
2023-01-01,-0.09979849775633735,-0.05790068841997617,-0.08646823456619368
2023-02-01,-0.12037667116089484,-0.06867909620307996,-0.09163075939316025
2023-03-01,-0.1339666334017018,-0.0798047275498814,-0.09593023239716539
2023-04-01,-0.15152749024352627,-0.08890075120405488,-0.09474820764784891
2023-05-01,-0.17330953077813294,-0.10406641184495152,-0.1033283238770204
2023-06-01,-0.195915366451814,-0.11257845515541315,-0.09787952970453771
2023-07-01,-0.21070523276715686,-0.12522926669436435,-0.07397456062637142
2023-08-01,-0.217967501505389,-0.12767392999827762,-0.049431552977930754
2023-09-01,-0.2176501609196595,-0.12584533465976105,-0.013110573582427495
2023-10-01,-0.2211591158566256,-0.11920516380629123,-0.01794648614512173
2023-11-01,-0.23067820812904996,-0.11720799435337456,0.006370844872170406
2023-12-01,-0.23565595961900507,-0.11725297886165967,0.045402199296076584
2024-01-01,-0.23749371235856015,-0.11629424219853657,0.019432182692291133
2024-02-01,-0.23916247955130582,-0.11689070985095551,0.04134810635257341
2024-03-01,-0.24492577225456208,-0.12323926146611364,0.04189690077130437
2024-04-01,-0.2508792377920591,-0.13245573134997624,0.055847616626255314
2024-05-01,-0.26019255591310947,-0.14753804649598018,0.05097299858943749
2024-06-01,-0.2620346870755836,-0.15863828813902142,0.0285620058737715
2024-07-01,-0.2649888578596776,-0.16606682943974577,-0.00025640092819761984
2024-08-01,-0.28556211679029625,-0.17383390870321164,-0.03828304929909582
2024-09-01,-0.29749591016451116,-0.18863804010976282,-0.07863715925095582
2024-10-01,-0.3086095832869851,-0.20772119923278126,-0.095947383575338
2024-11-01,-0.3132511031136753,-0.21527322406086624,-0.10966419915362136
2024-12-01,-0.3240483761593756,-0.2259328366069842,-0.18316923172052074
2025-01-01,-0.35009415225604396,-0.23952888519739274,-0.2107113629231972
2025-02-01,-0.3708241975659455,-0.24595411912317072,-0.2705448700427359
2025-03-01,-0.3837213030188038,-0.2495013769233877,-0.2727224667741215
2025-04-01,-0.38632142742873204,-0.24786985152857605,-0.3199075680408033
2025-05-01,-0.3849986774468262,-0.2409759970502156,-0.33648260066209706
2025-06-01,-0.3784967790564347,-0.23020743742244848,-0.33333678578398634
2025-07-01,-0.3797169175367429,-0.2232009336619492,-0.3465311140565938
2025-08-01,-0.3679390956922166,-0.22651431938119826,-0.3586123444655276
2025-09-01,-0.36895000543203477,-0.22191719591839648,-0.3904798506116955
2025-10-01,-0.3632196496512932,-0.21102340574465334,-0.37782186390020206
2025-11-01,-0.3555352913878544,-0.20284301516818842,-0.38411119961498724
2025-12-01,-0.35238165238878194,-0.20183032182191307,-0.38780838885948987
2026-01-01,-0.35013331435196143,-0.202620549961062,-0.394584127315416
2026-02-01,-0.348752308437064,-0.20611771492264425,-0.3942574227559697
2026-03-01,-0.35219785241492074,-0.2086350823751315,-0.40978219387572634
2026-04-01,-0.3592341351879004,-0.2093458933331665,-0.4249039968728376
2026-05-01,-0.3745184821089343,-0.20686969609176947,-0.46279108412036113
2026-06-01,-0.38398740375555546,-0.21036488606753684,-0.4726786236215083
2026-07-01,-0.3860943620621138,-0.18889633317672094,-0.47950736605172306
2026-08-01,-0.37606091465714125,-0.1753490840284187,-0.31805203112646435
