,langexp
2439,0.5061440845294585
4111,0.5460014306299198
3560,0.4903216637673763
3311,0.3785915665148368
8232,0.07435013961445837
6132,0.18843549373508406
2435,0.5336247390681457
1112,0.43000000000000005
4112,0.5671701101260842
8133,0.20547579266827795
7114,0.3543336189937453
2463,0.38305144467935165
5319,0.09427251606485526
4135,0.5486602953359829
2311,0.45775345343839013
3415,0.5209791721653758
2421,0.5493235627789042
4122,0.7049860618091129
2133,0.7517449408339065
2423,0.5547965074691878
6211,0.2643585703552826
2419,0.4547953327481799
2482,0.6244829556092703
9223,0.05211564288734697
9139,0.054977413228061815
8113,0.1837939341745906
2129,0.44560830433367465
3413,0.403893807809556
2433,0.6299753459651066
2212,0.4058185253952096
2229,0.3219938047925162
3541,0.505090833496904
3520,0.44457033982580485
5223,0.11780530911068463
5224,0.2177844028360946
8131,0.0963053449410053
8139,0.1113735831948255
5249,0.2945582488136376
5231,0.1392206318414112
8143,0.3151150623245194
1161,0.3006306854965826
4129,0.557233953997848
4159,0.6007105879530222
4123,0.47854229489898453
4131,0.5754534629302854
3131,0.6808757212282432
4113,0.5878488970737331
3229,0.3505161199799192
4132,0.628782457398254
4211,0.6058018165338667
2329,0.4110109668583472
3549,0.5634882452174035
4214,0.6133717065231711
3551,0.46946851048012783
4151,0.5935827278444701
4121,0.5734474873495069
4136,0.645742984363674
4152,0.8067445683456388
3133,0.8368123206466885
3132,0.6258112924521874
4134,0.39779864199099346
3552,0.5472761774533634
3432,0.2513539405973807
3533,0.6310860629605386
6138,0.20592986986986317
4133,0.34750238048000087
3531,0.575241540621906
4142,0.588107413691278
4212,0.5751375853713668
4213,0.5716792415196668
3543,0.6455366392319692
7219,0.7207883194271094
6212,0.2951947091299042
3120,0.4550050035122569
4215,0.656691294586988
3554,0.5572546751307624
2323,0.347607341577977
3113,0.3375886131275952
2112,0.410786704393403
3416,0.4362529168279393
6222,0.25546232569985067
2431,0.644305457901791
3574,0.524371757615389
3572,0.45112182719270233
5436,0.2665506110116083
7211,0.7233304518521702
7122,0.5394160461835125
2151,0.4389081610746959
3581,0.3991793671128396
2469,0.3139314841655978
7112,0.2802912670588149
9241,0.2433481152993348
6214,0.2215891861411346
7111,0.3187905418244748
3224,0.3433244748788943
3219,0.2752186726123604
3571,0.5122092307477775
3582,0.3688761406883623
2152,0.440235669537959
3422,0.3293993519028068
2422,0.5440883005503803
2114,0.4888010649490655
2259,0.3347715716962893
2237,0.3451205932183682
5315,0.16804483958375765
3223,0.34706271053047405
3412,0.6917354479585286
7220,0.5869043868718649
7213,0.6472483148081618
2211,0.4318528569722189
7129,0.4693017209394216
7115,0.33625710119960633
2452,0.42771946727863697
2493,0.5358086137669936
2251,0.46421939837837717
3313,0.28765519884836077
2125,0.4906385376401754
7113,0.772760092310322
3555,0.4279634426332081
2119,0.5001164851308703
3319,0.37394343373220773
4216,0.5898765322911529
3222,0.34645377750414474
2316,0.344857097206825
2411,0.40937064814651175
5441,0.07163677912952364
7121,0.531724022696699
1255,0.4314503712872651
1122,0.46674255410300347
1123,0.4477342507249087
8214,0.2030558563757516
6312,0.2093198053885456
3542,0.5298673816371362
5111,0.24204489729179113
6213,0.2745249506452219
9231,0.3249347328324102
7131,0.47875985642690855
8233,0.23245110151584217
3532,0.5510969480648881
6135,0.21216276706277737
3111,0.3899336919245692
6131,0.19046019341052692
6112,0.31539819316135104
8115,0.11161807561148027
8132,0.05058730244768876
8141,0.12438905740595702
3553,0.33809807307955736
8234,0.2692368543362984
2461,0.31631067044457184
8112,0.12074771601011809
1111,0.4037197915245297
2134,0.8119365176345505
2135,0.6581958231810446
2111,0.3783100111272778
3544,0.6568429395274844
2481,0.45618415345807317
2434,0.5302272238844484
2113,0.4746269452580703
2141,0.6366439661119542
2115,0.507333144071698
2139,0.7554413339667133
2137,0.7288726618699632
2136,0.7214922400774507
3115,0.3648850396994594
8144,0.2971160212094945
3114,0.3335073141484903
2142,0.5265979819907188
3411,0.35425043486953506
8119,0.06199973459784847
5119,0.24654188509771383
5233,0.08343620168341304
8149,0.11548066115286298
9129,0.08280556416013377
6129,0.19536037574134707
5313,0.026959813430200423
2451,0.4057325078946365
2122,0.4158930356832494
2472,0.4625696519774626
3312,0.3482643346545895
3214,0.23753687622264424
5443,0.0
5323,0.022317950632011682
3429,0.3537252952324723
5432,0.22163871285410824
3414,0.20604057443539356
7125,0.3850533881058653
5421,0.5616524995151254
3417,0.39484828016217377
9263,0.10243677839291011
9269,0.2221210175249244
6221,0.11672563762347044
5449,0.12673091814821028
8159,0.11560002460848648
8152,0.08507871993859936
8142,0.16033135663169834
5212,0.1028862626144918
5423,0.31400471309747624
5412,0.105037747399214
9252,0.22897398275105768
3221,0.3460267285580257
5413,0.16931136274209077
9112,0.2120197503287772
9267,0.16789707995352499
9259,0.22780117494205118
8111,0.11139932067774783
9265,0.13061813675916656
7124,0.1652192547509787
9132,0.0924983041225041
9224,0.05885342180423128
5431,0.07035271062067151
6111,0.24214211104210864
6136,0.20516804287990728
6232,0.20082683006853835
6219,0.2736559462001691
6117,0.23167644887846128
6133,0.21674077003697684
6113,0.31539819316135104
6134,0.20416904738518846
9264,0.2388404225542638
9253,0.22969203788252834
8239,0.21809640687480414
3421,0.3716182263225638
8134,0.14497365350904662
3112,0.3106408981352921
3557,0.4033132686565726
3119,0.36268972985103565
8114,0.09463575981047323
9211,0.35712130230718936
9119,0.12183462858732984
9111,0.19306986690210376
5433,0.04851973684210526
8145,0.1042734679969823
5112,0.18693740101564588
5113,0.17211672365128378
8135,0.3831525926326217
9219,0.6094791275857909
7123,0.42266153576382837
9249,0.22383405345948243
3213,0.2645144970755283
2319,0.4058689977999935
9232,0.304934494109206
5419,0.15158497678689867
6137,0.20548418847218103
2454,0.4984413832463247
2226,0.37268642172863464
7214,0.6005675043834016
2123,0.5290582019464883
2124,0.4599392104836877
2162,0.49053399271859544
8146,0.1658160229442454
7132,0.42056946595400735
3511,0.31709845351753413
9266,0.13992636365487768
2453,0.4463856410419957
3231,0.31539819316135104
9226,0.05056747904129271
5213,0.09840174187160511
2225,0.37268642172863464
2412,0.3909144455515423
3431,0.15
9229,0.0822313049763302
8120,0.10506056905977501
7212,0.7435223028914998
8221,0.11487210177428223
5114,0.18421928633012746
9225,0.12898720310049797
5241,0.1930068609636837
9222,0.14748759305210918
8229,0.07368795889642486
6231,0.20403061925210086
6116,0.23167644887846128
5221,0.11107624571586153
3314,0.28574183482421467
3556,0.5362038295766562
6114,0.23167644887846128
1131,0.5557736641134975
3534,0.615580889645202
5312,0.04571529800675402
9261,0.11136894289093863
5317,0.10246777079807698
5232,0.08798501094687955
5211,0.07226208988794783
5442,0.12906384469024781
5434,0.23309359344856298
3433,0.24857918228789072
5422,0.43909583089322707
5235,0.09605382975246955
1254,0.2951981777821522
5316,0.11482480290774172
1221,0.3546332238481237
8212,0.25692338000048914
6240,0.23446088334258353
1256,0.38587547118321425
1137,0.652662127478456
1132,0.5297284502580003
2322,0.4193534710908585
4143,0.5869043868718649
8213,0.20162001456070752
3512,0.17856767501909826
1163,0.45753231626267576
1241,0.4619815159506452
8160,0.3171395115325873
8211,0.20689716378582973
5314,0.07120951383101504
5321,0.05713195534624106
6121,0.14909337275190934
5322,0.03288436100936101
5330,0.14164083238818231
1139,0.5061296728060865
2256,0.32520870196210244
9131,0.05650064301793016
9221,0.027777777777777776
4217,0.7469489219076194
1224,0.363383894888416
2455,0.4770947248009449
5311,0.057992175293624826
2233,0.35098044547159657
2440,0.5957873925409286
3573,0.5304366685945633
2312,0.4158255878397489
8219,0.2081204701362509
2492,0.6702960398762108
1140,0.4626826001203423
1162,0.3919919411539628
1171,0.5482584628431783
1172,0.3889837752606891
5242,0.35618447763634165
8153,0.15717405620999764
2494,0.5544520711619715
2253,0.25221996753246756
2121,0.4319043067149919
2315,0.2327184123226281
2240,0.32181823216659283
9121,0.09347009424351557
5435,0.20566923351880298
3116,0.34458955500971367
2127,0.4527066083580448
5250,0.35715053470273334
5222,0.16615103159320985
2224,0.3637843492724099
5411,0.08770885063880952
5246,0.23620449269418511
1222,0.37407407407407406
1252,0.3955264135505121
2126,0.44247937105218993
1251,0.4231621380133382
1135,0.5307572993456569
1133,0.5392177589852009
1258,0.4218473719915842
1121,0.4424643446155919
1150,0.4083846191152487
1136,0.5628784284419834
2491,0.6702960398762108
1134,0.4626826001203423
1259,0.403190193230715
1233,0.32553926295478613
1211,0.24564145029576046
1253,0.3955264135505121
1212,0.2577491578290408
2314,0.28704808745599575
2313,0.43394233799102727
5234,0.22755637585593735
3211,0.26564610932092136
2252,0.29111133209264567
8231,0.29362852242189835
8222,0.03715117930053238
3232,0.26656050899633205
5243,0.373099551275874
2221,0.3018742449454323
5245,0.4080322423718979
5244,0.3330592081001944
5225,0.15002499654492574
5214,0.16237349330960898
5236,0.12460572601923907
8151,0.0771058464650772
9251,0.23499854249397592
2321,0.42290776196060265
2161,0.526628447319408
4141,0.5094256966330765
1232,0.41802000794369215
2131,0.6979324177623062
6250,0.32310260005725344
1223,0.3478599671227133
2483,0.38513071115911396
2462,0.31631067044457184
9233,0.31539819316135104
2132,0.6672196610486796
2232,0.35098044547159657
2231,0.33601899716382827
2317,0.37034447239255314
2471,0.5739513045434098
2254,0.2882433389050996
2432,0.5449425180623861
1225,0.3955264135505121
1242,0.46211315165162553
1257,0.3946121137472944
1231,0.6091774001700473
2324,0.31096430356597843
1243,0.4626826001203423
3240,0.2453785209993021
2236,0.35098044547159657
2235,0.35098044547159657
2234,0.35098044547159657
6311,0.2697384154792636
4124,0.6355745647587359
2464,0.31631067044457184
2255,0.18047323824634745
9262,0.08020433980043631
3212,0.41168067226890753
2223,0.3931375212535593
2222,0.32520870196210244
