month,PROD_minus_ctrl_yoy,TEXT_minus_ctrl_yoy,DIRECT_minus_ctrl_yoy
2021-Jan,-0.042259104289747496,0.13006069248472818,-0.10252094166285257
2021-Feb,-0.027608328144020394,0.14258773541976838,-0.17896721574746746
2021-Mar,-0.08139838497635005,0.09197572347136329,-0.09287861180032153
2021-Apr,-0.19111982335725708,-0.00019058329544530128,-0.07534982661111367
2021-May,-0.28442423398733785,-0.030879334070369246,-0.13011003112485298
2021-Jun,-0.2792157017696165,0.035402179022181235,-0.05265662520046832
2021-Jul,-0.2845966085695797,-0.00047703876654991983,-0.07537097931814773
2021-Aug,-0.18013934125336772,0.08419371535822107,-0.03653250006564368
2021-Sep,-0.19335930800787593,0.10627747894267492,0.04117093554618423
2021-Oct,-0.08798405205615745,0.12690689138076883,0.10155893282120487
2021-Nov,0.0011065454453027534,0.19103891576388676,0.2375058147548501
2021-Dec,0.027972383422724345,0.1815859993924518,0.17129245042041252
2022-Jan,0.13303049212672402,0.21470667053436043,0.12929068526275744
2022-Feb,0.11884944751817372,0.1845690004049827,0.1716994583876259
2022-Mar,0.07872397428633876,0.12942374971509218,0.1246411513311394
2022-Apr,0.06754502106633592,0.12784703356268534,0.08739288019649627
2022-May,0.0916869674284796,0.1252101905133986,0.19716019747427216
2022-Jun,0.035173186583170944,0.04813822818789859,0.2180915418731959
2022-Jul,0.013452943642811438,0.01726439100400423,0.17969491540923127
2022-Aug,-0.07561524424681368,-0.061947674649440676,0.1633386510820187
2022-Sep,0.0011359986991390514,-0.12988925287860126,0.08608959362164531
2022-Oct,-0.08388483785561152,-0.13915240685828184,0.08306109821941232
2022-Nov,-0.11222410038336195,-0.3262470373948886,-0.005255699099980471
2022-Dec,-0.09815851583325619,-0.33310571400525235,-0.010802556463619384
