company,ticker,cik,vendor,pub_rag,pub_ft,edgar_hit,edgar_rag,edgar_ft,status
Uber Technologies,UBER,1543151,no,2024-09-19,2026-04-14,6,,,ai_only
Walmart,WMT,104169,no,,2024-01-30,1,,,
Instacart (Maplebear),CART,1579091,no,2025-11-21,2025-11-21,2,,,
LinkedIn (Microsoft),MSFT,789019,yes,2024-04-25,2024-12-18,13,,,
Intuit,INTU,896878,no,2024-01-31,2023-06-06,19,,2023-09-01,ft_only
Thomson Reuters,TRI,1075124,no,2023-11-15,2026-08-24,0,,,
Morgan Stanley,MS,895421,no,2023-03-14,,0,,,
eBay,EBAY,1065088,no,,2024-06-17,9,,,
Shopify,SHOP,1594805,no,,2025-07-16,5,2025-05-08,,at_risk
Yelp,YELP,1345016,no,2025-02-04,2025-02-04,4,,,
Airbnb,ABNB,1559720,no,2025-06,2025-10-11,4,,,ai_only
Pinterest,PINS,1506293,no,,2024-10-22,17,,,ai_only
Capital One,COF,927628,no,,2025-03-05,4,,,
Morningstar,MORN,1289419,no,2023-05-11,,23,,,
Grab Holdings,GRAB,1855612,no,2024-10-09,2025-11-04,0,,,
Zillow Group,Z,1617640,no,,2024-10-07,3,,,
Mastercard,MA,1141391,no,2024-10-29,2024-10-29,2,,,
PayPal,PYPL,1633917,no,2024-10-09,2024-10-09,2,,,
FactSet Research Syste,FDS,1013237,no,2024-02-14,2024-06-12,21,2024-11-14,2024-11-14,ft_first
Moody's,MCO,1059556,no,2023-12-05,,8,,,
Lowe's,LOW,60667,no,2025-03-26,2025-03-26,3,,,
The Home Depot,HD,354950,no,,2025-03-06,2,,,
AT&T,T,732717,no,,2026-06-23,5,,,
Salesforce,CRM,1108524,yes,2023-12-14,2024-10-21,28,2025-03-05,,at_risk
ServiceNow,NOW,1373715,yes,2023-08-14,2024-02-28,8,,,
Adobe,ADBE,796343,yes,2025-06,,18,,,
