"Cube Title","Product Id","CANSIM Id",URL,"Cube Notes","Archive Status",Frequency,"Start Reference Period","End Reference Period","Total number of dimensions"
"Job vacancies and average offered hourly wage by occupation (unit group), quarterly, unadjusted for seasonality","14100444",,"https://www150.statcan.gc.ca/t1/tbl1/en/tv.action?pid=1410044401",1;8,"CURRENT - a cube available to the public and that is current","Quarterly","2015-01-01","2026-04-01","3",

"Dimension ID","Dimension name","Dimension Notes","Dimension Definitions"
"1","Geography",2,""
"2","National Occupational Classification",3;9,""
"3","Statistics",,""

"Dimension ID","Member Name","Classification Code","Member ID","Parent Member ID",Terminated,"Member Notes","Member Definitions"
"1","Canada","[11124]","1","","",,
"1","Newfoundland and Labrador","[10]","2","1","",,
"1","Avalon Peninsula, Newfoundland and Labrador","[1010]","15","2","",,
"1","South Coast-Burin Peninsula and Notre Dame-Central Bonavista Bay, Newfoundland and Labrador","","91","2","",6,
"1","West Coast-Northern Peninsula-Labrador, Newfoundland and Labrador","[1030]","17","2","",,
"1","Prince Edward Island","[11]","3","1","",,
"1","Prince Edward Island","[1110]","19","3","",,
"1","Nova Scotia","[12]","4","1","",,
"1","Cape Breton, Nova Scotia","[1210]","20","4","",,
"1","North Shore, Nova Scotia","[1220]","21","4","",,
"1","Annapolis Valley, Nova Scotia","[1230]","22","4","",,
"1","Southern, Nova Scotia","[1240]","23","4","",,
"1","Halifax, Nova Scotia","[1250]","24","4","",,
"1","New Brunswick","[13]","5","1","",,
"1","Campbellton-Miramichi, New Brunswick","[1310]","25","5","",,
"1","Moncton-Richibucto, New Brunswick","[1320]","26","5","",,
"1","Saint John-St. Stephen, New Brunswick","[1330]","27","5","",,
"1","Fredericton-Oromocto, New Brunswick","[1340]","28","5","",,
"1","Edmundston-Woodstock, New Brunswick","[1350]","29","5","",,
"1","Quebec","[24]","6","1","",,
"1","Gaspésie-Îles-de-la-Madeleine, Quebec","[2410]","30","6","",,
"1","Bas-Saint-Laurent, Quebec","[2415]","31","6","",,
"1","Capitale-Nationale, Quebec","[2420]","32","6","",,
"1","Chaudière-Appalaches, Quebec","[2425]","33","6","",,
"1","Estrie, Quebec","[2430]","34","6","",,
"1","Centre-du-Québec, Quebec","[2433]","35","6","",,
"1","Montérégie, Quebec","[2435]","36","6","",,
"1","Montréal, Quebec","[2440]","37","6","",,
"1","Laval, Quebec","[2445]","38","6","",,
"1","Lanaudière, Quebec","[2450]","39","6","",,
"1","Laurentides, Quebec","[2455]","40","6","",,
"1","Outaouais, Quebec","[2460]","41","6","",,
"1","Abitibi-Témiscamingue, Quebec","[2465]","42","6","",,
"1","Mauricie, Quebec","[2470]","43","6","",,
"1","Saguenay-Lac-Saint-Jean, Quebec","[2475]","44","6","",,
"1","Côte-Nord and Nord-du-Québec, Quebec","","92","6","",6,
"1","Ontario","[35]","7","1","",,
"1","Ottawa, Ontario","[3510]","47","7","",,
"1","Kingston-Pembroke, Ontario","[3515]","48","7","",,
"1","Muskoka-Kawarthas, Ontario","[3520]","49","7","",,
"1","Toronto, Ontario","[3530]","50","7","",,
"1","Kitchener-Waterloo-Barrie, Ontario","[3540]","51","7","",,
"1","Hamilton-Niagara Peninsula, Ontario","[3550]","52","7","",,
"1","London, Ontario","[3560]","53","7","",,
"1","Windsor-Sarnia, Ontario","[3570]","54","7","",,
"1","Stratford-Bruce Peninsula, Ontario","[3580]","55","7","",,
"1","Northeast, Ontario","[3590]","56","7","",,
"1","Northwest, Ontario","[3595]","57","7","",,
"1","Manitoba","[46]","8","1","",,
"1","Southeast, Manitoba","[4610]","58","8","",,
"1","South Central and North Central, Manitoba","","93","8","",6,
"1","Southwest, Manitoba","[4630]","60","8","",,
"1","Winnipeg, Manitoba","[4650]","62","8","",,
"1","Interlake, Manitoba","[4660]","63","8","",,
"1","Parklands and North, Manitoba","","94","8","",6,
"1","Saskatchewan","[47]","9","1","",,
"1","Regina-Moose Mountain, Saskatchewan","[4710]","66","9","",,
"1","Swift Current-Moose Jaw, Saskatchewan","[4720]","67","9","",,
"1","Saskatoon-Biggar, Saskatchewan","[4730]","68","9","",,
"1","Yorkton-Melville, Saskatchewan","[4740]","69","9","",,
"1","Prince Albert and Northern, Saskatchewan","","95","9","",6,
"1","Alberta","[48]","10","1","",,
"1","Lethbridge-Medicine Hat, Alberta","[4810]","72","10","",,
"1","Camrose-Drumheller, Alberta","[4820]","73","10","",,
"1","Calgary, Alberta","[4830]","74","10","",,
"1","Banff-Jasper-Rocky Mountain House and Athabasca-Grande Prairie-Peace River, Alberta","","96","10","",6,
"1","Red Deer, Alberta","[4850]","76","10","",,
"1","Edmonton, Alberta","[4860]","77","10","",,
"1","Wood Buffalo-Cold Lake, Alberta","[4880]","79","10","",,
"1","British Columbia","[59]","11","1","",,
"1","Vancouver Island and Coast, British Columbia","[5910]","80","11","",,
"1","Lower Mainland-Southwest, British Columbia","[5920]","81","11","",,
"1","Thompson-Okanagan, British Columbia","[5930]","82","11","",,
"1","Kootenay, British Columbia","[5940]","83","11","",,
"1","Cariboo, British Columbia","[5950]","84","11","",,
"1","North Coast and Nechako, British Columbia","","97","11","",6,
"1","Northeast, British Columbia","[5980]","87","11","",,
"1","Yukon","[60]","12","1","",,
"1","Yukon","[6010]","88","12","",,
"1","Northwest Territories","[61]","13","1","",,
"1","Northwest Territories","[6110]","89","13","",,
"1","Nunavut","[62]","14","1","",,
"1","Nunavut","[6210]","90","14","",,
"2","Total, all occupations","","1","","",,
"2","Legislative and senior management occupations","[0]","2","1","",,
"2","Legislative and senior managers","[00]","13","2","",,
"2","Legislative and senior managers","[000]","58","13","",,
"2","Legislative and senior managers","[0001]","147","58","",,
"2","Legislators","[00010]","309","147","",,
"2","Senior government managers and officials","[00011]","310","147","",,
"2","Senior managers - financial, communications and other business services","[00012]","311","147","",,
"2","Senior managers - health, education, social and community services and membership organizations","[00013]","312","147","",,
"2","Senior managers - trade, broadcasting and other services","[00014]","313","147","",,
"2","Senior managers - construction, transportation, production and utilities","[00015]","314","147","",,
"2","Business, finance and administration occupations","[1]","3","1","",,
"2","Specialized middle management occupations in administrative services, financial and business services and communication (except broadcasting)","[10]","14","3","",,
"2","Specialized middle management occupations in administrative services, financial and business services and communication (except broadcasting)","[100]","59","14","",,
"2","Administrative services managers","[1001]","148","59","",,
"2","Financial managers","[10010]","315","148","",,
"2","Human resources managers","[10011]","316","148","",,
"2","Purchasing managers","[10012]","317","148","",,
"2","Other administrative services managers","[10019]","318","148","",,
"2","Managers in financial and business services","[1002]","149","59","",,
"2","Insurance, real estate and financial brokerage managers","[10020]","319","149","",,
"2","Banking, credit and other investment managers","[10021]","320","149","",,
"2","Advertising, marketing and public relations managers","[10022]","321","149","",,
"2","Other business services managers","[10029]","322","149","",,
"2","Managers in communication (except broadcasting)","[1003]","150","59","",,
"2","Telecommunication carriers managers","[10030]","323","150","",,
"2","Professional occupations in finance and business","[11]","15","3","",,
"2","Professional occupations in finance","[111]","60","15","",,
"2","Auditors, accountants and investment professionals","[1110]","151","60","",,
"2","Financial auditors and accountants","[11100]","324","151","",,
"2","Financial and investment analysts","[11101]","325","151","",,
"2","Financial advisors","[11102]","326","151","",,
"2","Securities agents, investment dealers and brokers","[11103]","327","151","",,
"2","Other financial officers","[11109]","328","151","",,
"2","Professional occupations in business","[112]","61","15","",,
"2","Human resources and business service professionals","[1120]","152","61","",,
"2","Human resources professionals","[11200]","329","152","",,
"2","Professional occupations in business management consulting","[11201]","330","152","",,
"2","Professional occupations in advertising, marketing and public relations","[11202]","331","152","",,
"2","Administrative and financial supervisors and specialized administrative occupations","[12]","16","3","",,
"2","Administrative and financial supervisors","[120]","62","16","",,
"2","Administrative and financial supervisors","[1201]","153","62","",,
"2","Supervisors, general office and administrative support workers","[12010]","332","153","",,
"2","Supervisors, finance and insurance office workers","[12011]","333","153","",,
"2","Supervisors, library, correspondence and related information workers","[12012]","334","153","",,
"2","Supervisors, supply chain, tracking and scheduling coordination occupations","[12013]","335","153","",,
"2","Specialized administrative occupations","[121]","63","16","",,
"2","Administrative and regulatory occupations","[1210]","154","63","",,
"2","Executive assistants","[12100]","336","154","",,
"2","Human resources and recruitment officers","[12101]","337","154","",,
"2","Procurement and purchasing agents and officers","[12102]","338","154","",,
"2","Conference and event planners","[12103]","339","154","",,
"2","Employment insurance and revenue officers","[12104]","340","154","",,
"2","Court reporters, transcriptionists, records management technicians and statistical officers","[1211]","155","63","",,
"2","Court reporters, medical transcriptionists and related occupations","[12110]","341","155","",,
"2","Health information management occupations","[12111]","342","155","",,
"2","Records management technicians","[12112]","343","155","",,
"2","Statistical officers and related research support occupations","[12113]","344","155","",,
"2","Accounting, insurance and related business administrative occupations","[122]","64","16","",,
"2","Accounting, insurance and related business administrative occupations","[1220]","156","64","",,
"2","Accounting technicians and bookkeepers","[12200]","345","156","",,
"2","Insurance adjusters and claims examiners","[12201]","346","156","",,
"2","Insurance underwriters","[12202]","347","156","",,
"2","Assessors, business valuators and appraisers","[12203]","348","156","",,
"2","Administrative occupations and transportation logistics occupations","[13]","17","3","",,
"2","Administrative occupations","[131]","65","17","",,
"2","Administrative, property and payroll officers","[1310]","157","65","",,
"2","Administrative officers","[13100]","349","157","",,
"2","Property administrators","[13101]","350","157","",,
"2","Payroll administrators","[13102]","351","157","",,
"2","Office administrative assistants - general, legal and medical","[1311]","158","65","",,
"2","Administrative assistants","[13110]","352","158","",,
"2","Legal administrative assistants","[13111]","353","158","",,
"2","Medical administrative assistants","[13112]","354","158","",,
"2","Transportation and production logistics coordinators and customs brokers and related broker occupations","[132]","66","17","",,
"2","Transportation and production logistics coordinators and customs brokers and related broker occupations","[1320]","159","66","",,
"2","Customs, ship and other brokers","[13200]","355","159","",,
"2","Production and transportation logistics coordinators","[13201]","356","159","",,
"2","Administrative and financial support and supply chain logistics occupations","[14]","18","3","",,
"2","Office, court, and data support occupations","[141]","67","18","",,
"2","Office support and court services occupations","[1410]","160","67","",,
"2","General office support workers","[14100]","357","160","",,
"2","Receptionists","[14101]","358","160","",,
"2","Personnel clerks","[14102]","359","160","",,
"2","Court clerks and related court services occupations","[14103]","360","160","",,
"2","Survey, statistical and data entry occupations","[1411]","161","67","",,
"2","Survey interviewers and statistical clerks","[14110]","361","161","",,
"2","Data entry clerks","[14111]","362","161","",,
"2","Desktop publishing operators and related occupations","[14112]","363","161","",,
"2","Financial, insurance and related administrative support workers","[142]","68","18","",,
"2","Financial, insurance and related administrative support workers","[1420]","162","68","",,
"2","Accounting and related clerks","[14200]","364","162","",,
"2","Banking, insurance and other financial clerks","[14201]","365","162","",,
"2","Collection clerks","[14202]","366","162","",,
"2","Library, correspondence and other clerks","[143]","69","18","",,
"2","Library, correspondence and other clerks","[1430]","163","69","",,
"2","Library assistants and clerks","[14300]","367","163","",,
"2","Correspondence, publication and regulatory clerks","[14301]","368","163","",,
"2","Supply chain logistics, tracking and scheduling coordination occupations","[144]","70","18","",,
"2","Supply chain logistics, tracking and scheduling coordination occupations","[1440]","164","70","",,
"2","Shippers and receivers","[14400]","369","164","",,
"2","Storekeepers and partspersons","[14401]","370","164","",,
"2","Production logistics workers","[14402]","371","164","",,
"2","Purchasing and inventory control workers","[14403]","372","164","",,
"2","Dispatchers","[14404]","373","164","",,
"2","Transportation route and crew schedulers","[14405]","374","164","",,
"2","Natural and applied sciences and related occupations","[2]","4","1","",,
"2","Specialized middle management occupations in engineering, architecture, science and information systems","[20]","19","4","",,
"2","Specialized middle management occupations in engineering, architecture, science and information systems","[200]","71","19","",,
"2","Managers in engineering, architecture, science and information systems","[2001]","165","71","",,
"2","Engineering managers","[20010]","375","165","",,
"2","Architecture and science managers","[20011]","376","165","",,
"2","Computer and information systems managers","[20012]","377","165","",,
"2","Professional occupations in natural and applied sciences","[21]","20","4","",,
"2","Professional occupations in natural sciences","[211]","72","20","",,
"2","Physical science professionals","[2110]","166","72","",,
"2","Physicists and astronomers","[21100]","378","166","",,
"2","Chemists","[21101]","379","166","",,
"2","Geoscientists and oceanographers","[21102]","380","166","",,
"2","Meteorologists and climatologists","[21103]","381","166","",,
"2","Other professional occupations in physical sciences","[21109]","382","166","",,
"2","Life science professionals","[2111]","167","72","",,
"2","Biologists and related scientists","[21110]","383","167","",,
"2","Forestry professionals","[21111]","384","167","",,
"2","Agricultural representatives, consultants and specialists","[21112]","385","167","",,
"2","Public and environmental health and safety professionals","[2112]","168","72","",,
"2","Public and environmental health and safety professionals","[21120]","386","168","",,
"2","Professional occupations in applied sciences (except engineering)","[212]","73","20","",,
"2","Architects, urban planners and land surveyors","[2120]","169","73","",,
"2","Architects","[21200]","387","169","",,
"2","Landscape architects","[21201]","388","169","",,
"2","Urban and land use planners","[21202]","389","169","",,
"2","Land surveyors","[21203]","390","169","",,
"2","Mathematicians, statisticians, actuaries and data scientists","[2121]","170","73","",,
"2","Mathematicians, statisticians and actuaries","[21210]","391","170","",,
"2","Data scientists","[21211]","392","170","",,
"2","Computer and information systems professionals","[2122]","171","73","",,
"2","Cybersecurity specialists","[21220]","393","171","",,
"2","Business systems specialists","[21221]","394","171","",,
"2","Information systems specialists","[21222]","395","171","",,
"2","Database analysts and data administrators","[21223]","396","171","",,
"2","Computer, software and Web designers and developers","[2123]","172","73","",,
"2","Computer systems developers and programmers","[21230]","397","172","",,
"2","Software engineers and designers","[21231]","398","172","",,
"2","Software developers and programmers","[21232]","399","172","",,
"2","Web designers","[21233]","400","172","",,
"2","Web developers and programmers","[21234]","401","172","",,
"2","Professional occupations in engineering","[213]","74","20","",,
"2","Civil and mechanical engineers","[2130]","173","74","",,
"2","Civil engineers","[21300]","402","173","",,
"2","Mechanical engineers","[21301]","403","173","",,
"2","Electrical, electronics and computer engineers","[2131]","174","74","",,
"2","Electrical and electronics engineers","[21310]","404","174","",,
"2","Computer engineers (except software engineers and designers)","[21311]","405","174","",,
"2","Manufacturing and processing engineers","[2132]","175","74","",,
"2","Chemical engineers","[21320]","406","175","",,
"2","Industrial and manufacturing engineers","[21321]","407","175","",,
"2","Metallurgical and materials engineers","[21322]","408","175","",,
"2","Natural resources engineers","[2133]","176","74","",,
"2","Mining engineers","[21330]","409","176","",,
"2","Geological engineers","[21331]","410","176","",,
"2","Petroleum engineers","[21332]","411","176","",,
"2","Other engineers","[2139]","177","74","",,
"2","Aerospace engineers","[21390]","412","177","",,
"2","Other professional engineers","[21399]","413","177","",,
"2","Technical occupations related to natural and applied sciences","[22]","21","4","",,
"2","Technical occupations related to natural sciences","[221]","75","21","",,
"2","Technical occupations in physical sciences","[2210]","178","75","",,
"2","Chemical technologists and technicians","[22100]","414","178","",,
"2","Geological and mineral technologists and technicians","[22101]","415","178","",,
"2","Technical occupations in life sciences","[2211]","179","75","",,
"2","Biological technologists and technicians","[22110]","416","179","",,
"2","Agricultural and fish products inspectors","[22111]","417","179","",,
"2","Forestry technologists and technicians","[22112]","418","179","",,
"2","Conservation and fishery officers","[22113]","419","179","",,
"2","Landscape and horticulture technicians and specialists","[22114]","420","179","",,
"2","Technical occupations related to applied sciences (except engineering)","[222]","76","21","",,
"2","Technical occupations in architecture, drafting, surveying, geomatics and meteorology","[2221]","180","76","",,
"2","Architectural technologists and technicians","[22210]","421","180","",,
"2","Industrial designers","[22211]","422","180","",,
"2","Drafting technologists and technicians","[22212]","423","180","",,
"2","Land survey technologists and technicians","[22213]","424","180","",,
"2","Technical occupations in geomatics and meteorology","[22214]","425","180","",,
"2","Technical occupations in computer and information systems","[2222]","181","76","",,
"2","Computer network and web technicians","[22220]","426","181","",,
"2","User support technicians","[22221]","427","181","",,
"2","Information systems testing technicians","[22222]","428","181","",,
"2","Technical inspectors and regulatory officers","[2223]","182","76","",,
"2","Non-destructive testers and inspectors","[22230]","429","182","",,
"2","Engineering inspectors and regulatory officers","[22231]","430","182","",,
"2","Occupational health and safety specialists","[22232]","431","182","",,
"2","Construction inspectors","[22233]","432","182","",,
"2","Technical occupations related to engineering","[223]","77","21","",,
"2","Technical occupations in civil, mechanical and industrial engineering","[2230]","183","77","",,
"2","Civil engineering technologists and technicians","[22300]","433","183","",,
"2","Mechanical engineering technologists and technicians","[22301]","434","183","",,
"2","Industrial engineering and manufacturing technologists and technicians","[22302]","435","183","",,
"2","Construction estimators","[22303]","436","183","",,
"2","Technical occupations in electronics and electrical engineering","[2231]","184","77","",,
"2","Electrical and electronics engineering technologists and technicians","[22310]","437","184","",,
"2","Electronic service technicians (household and business equipment)","[22311]","438","184","",,
"2","Industrial instrument technicians and mechanics","[22312]","439","184","",,
"2","Aircraft instrument, electrical and avionics mechanics, technicians and inspectors","[22313]","440","184","",,
"2","Health occupations","[3]","5","1","",,
"2","Specialized middle management occupations in health care","[30]","22","5","",,
"2","Specialized middle management occupations in health care","[300]","78","22","",,
"2","Managers in health care","[3001]","185","78","",,
"2","Managers in health care","[30010]","441","185","",,
"2","Professional occupations in health","[31]","23","5","",,
"2","Health treating and consultation services professionals","[311]","79","23","",,
"2","Physicians and veterinarians","[3110]","186","79","",,
"2","Specialists in clinical and laboratory medicine","[31100]","442","186","",,
"2","Specialists in surgery","[31101]","443","186","",,
"2","General practitioners and family physicians","[31102]","444","186","",,
"2","Veterinarians","[31103]","445","186","",,
"2","Dentists, optometrists and audiologists","[3111]","187","79","",,
"2","Dentists","[31110]","446","187","",,
"2","Optometrists","[31111]","447","187","",,
"2","Audiologists and speech-language pathologists","[31112]","448","187","",,
"2","Pharmacists and dietitians","[3112]","188","79","",,
"2","Pharmacists","[31120]","449","188","",,
"2","Dietitians and nutritionists","[31121]","450","188","",,
"2","Therapy and assessment professionals","[312]","80","23","",,
"2","Therapy and assessment professionals","[3120]","189","80","",,
"2","Psychologists","[31200]","451","189","",,
"2","Chiropractors","[31201]","452","189","",,
"2","Physiotherapists","[31202]","453","189","",,
"2","Occupational therapists","[31203]","454","189","",,
"2","Kinesiologists and other professional occupations in therapy and assessment","[31204]","455","189","",,
"2","Other professional occupations in health diagnosing and treating","[31209]","456","189","",,
"2","Nursing and allied health professionals","[313]","81","23","",,
"2","Nursing and allied health professionals","[3130]","190","81","",,
"2","Nursing coordinators and supervisors","[31300]","457","190","",,
"2","Registered nurses and registered psychiatric nurses","[31301]","458","190","",,
"2","Nurse practitioners","[31302]","459","190","",,
"2","Physician assistants, midwives and allied health professionals","[31303]","460","190","",,
"2","Technical occupations in health","[32]","24","5","",,
"2","Technical occupations in health (except practitioners of natural healing)","[321]","82","24","",,
"2","Technical occupations in therapy and assessment","[3210]","191","82","",,
"2","Opticians","[32100]","461","191","",,
"2","Licensed practical nurses","[32101]","462","191","",,
"2","Paramedical occupations","[32102]","463","191","",,
"2","Respiratory therapists, clinical perfusionists and cardiopulmonary technologists","[32103]","464","191","",,
"2","Animal health technologists and veterinary technicians","[32104]","465","191","",,
"2","Other technical occupations in therapy and assessment","[32109]","466","191","",,
"2","Technical occupations in dental health care","[3211]","192","82","",,
"2","Denturists","[32110]","467","192","",,
"2","Dental hygienists and dental therapists","[32111]","468","192","",,
"2","Dental technologists and technicians","[32112]","469","192","",,
"2","Medical technologists and technicians","[3212]","193","82","",,
"2","Medical laboratory technologists","[32120]","470","193","",,
"2","Medical radiation technologists","[32121]","471","193","",,
"2","Medical sonographers","[32122]","472","193","",,
"2","Cardiology technologists and electrophysiological diagnostic technologists","[32123]","473","193","",,
"2","Pharmacy technicians","[32124]","474","193","",,
"2","Other medical technologists and technicians","[32129]","475","193","",,
"2","Practitioners of natural healing","[322]","83","24","",,
"2","Practitioners of natural healing","[3220]","194","83","",,
"2","Traditional Chinese medicine practitioners and acupuncturists","[32200]","476","194","",,
"2","Massage therapists","[32201]","477","194","",,
"2","Other practitioners of natural healing","[32209]","478","194","",,
"2","Assisting occupations in support of health services","[33]","25","5","",,
"2","Assisting occupations in support of health services","[331]","84","25","",,
"2","Assisting occupations in support of health services","[3310]","195","84","",,
"2","Dental assistants and dental laboratory assistants","[33100]","479","195","",,
"2","Medical laboratory assistants and related technical occupations","[33101]","480","195","",,
"2","Nurse aides, orderlies and patient service associates","[33102]","481","195","",,
"2","Pharmacy technical assistants and pharmacy assistants","[33103]","482","195","",,
"2","Other assisting occupations in support of health services","[33109]","483","195","",,
"2","Occupations in education, law and social, community and government services","[4]","6","1","",,
"2","Managers in public administration, in education and social and community services and in public protection services","[40]","26","6","",,
"2","Managers in public administration, in education and social and community services and in public protection services","[400]","85","26","",,
"2","Managers in public administration","[4001]","196","85","",,
"2","Government managers - health and social policy development and program administration","[40010]","484","196","",,
"2","Government managers - economic analysis, policy development and program administration","[40011]","485","196","",,
"2","Government managers - education policy development and program administration","[40012]","486","196","",,
"2","Other managers in public administration","[40019]","487","196","",,
"2","Managers in education","[4002]","197","85","",,
"2","Administrators - post-secondary education and vocational training","[40020]","488","197","",,
"2","School principals and administrators of elementary and secondary education","[40021]","489","197","",,
"2","Managers in social, community and correctional services","[4003]","198","85","",,
"2","Managers in social, community and correctional services","[40030]","490","198","",,
"2","Managers in public protection services","[4004]","199","85","",,
"2","Commissioned police officers and related occupations in public protection services","[40040]","491","199","",,
"2","Fire chiefs and senior firefighting officers","[40041]","492","199","",,
"2","Commissioned officers of the Canadian Armed Forces","[40042]","493","199","",,
"2","Professional occupations in law, education, social, community and government services","[41]","27","6","",,
"2","Professional occupations in law","[411]","86","27","",,
"2","Judges, lawyers and Quebec notaries","[4110]","200","86","",,
"2","Judges","[41100]","494","200","",,
"2","Lawyers and Quebec notaries","[41101]","495","200","",,
"2","Professional occupations in education services","[412]","87","27","",,
"2","University professors and post-secondary assistants","[4120]","201","87","",,
"2","University professors and lecturers","[41200]","496","201","",,
"2","Post-secondary teaching and research assistants","[41201]","497","201","",,
"2","College and other vocational instructors","[4121]","202","87","",,
"2","College and other vocational instructors","[41210]","498","202","",,
"2","Secondary, elementary and kindergarten school teachers","[4122]","203","87","",,
"2","Secondary school teachers","[41220]","499","203","",,
"2","Elementary school and kindergarten teachers","[41221]","500","203","",,
"2","Professional occupations in social and community services","[413]","88","27","",,
"2","Social and community service professionals","[4130]","204","88","",,
"2","Social workers","[41300]","501","204","",,
"2","Therapists in counselling and related specialized therapies","[41301]","502","204","",,
"2","Religious leaders","[41302]","503","204","",,
"2","Police investigators and probation officers","[4131]","205","88","",,
"2","Police investigators and other investigative occupations","[41310]","504","205","",,
"2","Probation and parole officers","[41311]","505","205","",,
"2","Educational and employment counsellors","[4132]","206","88","",,
"2","Educational counsellors","[41320]","506","206","",,
"2","Career development practitioners and career counsellors (except education)","[41321]","507","206","",,
"2","Professional occupations in government services","[414]","89","27","",,
"2","Policy and program researchers, consultants and officers","[4140]","207","89","",,
"2","Natural and applied science policy researchers, consultants and program officers","[41400]","508","207","",,
"2","Economists and economic policy researchers and analysts","[41401]","509","207","",,
"2","Business development officers and market researchers and analysts","[41402]","510","207","",,
"2","Social policy researchers, consultants and program officers","[41403]","511","207","",,
"2","Health policy researchers, consultants and program officers","[41404]","512","207","",,
"2","Education policy researchers, consultants and program officers","[41405]","513","207","",,
"2","Recreation, sports and fitness policy researchers, consultants and program officers","[41406]","514","207","",,
"2","Program officers unique to government","[41407]","515","207","",,
"2","Other professional occupations in social science","[41409]","516","207","",,
"2","Front-line public protection services and paraprofessional occupations in legal, social, community, education services","[42]","28","6","",,
"2","Occupations in front-line public protection services","[421]","90","28","",,
"2","Occupations in front-line public protection services","[4210]","208","90","",,
"2","Police officers (except commissioned)","[42100]","517","208","",,
"2","Firefighters","[42101]","518","208","",,
"2","Specialized members of the Canadian Armed Forces","[42102]","519","208","",,
"2","Paraprofessional occupations in legal, social, community and education services","[422]","91","28","",,
"2","Paraprofessional occupations in legal, social, community and education services","[4220]","209","91","",,
"2","Paralegals and related occupations","[42200]","520","209","",,
"2","Social and community service workers","[42201]","521","209","",,
"2","Early childhood educators and assistants","[42202]","522","209","",,
"2","Instructors of persons with disabilities","[42203]","523","209","",,
"2","Religion workers","[42204]","524","209","",,
"2","Assisting occupations in education and in legal and public protection","[43]","29","6","",,
"2","Assisting occupations in educational","[431]","92","29","",,
"2","Assisting occupations in education","[4310]","210","92","",,
"2","Elementary and secondary school teacher assistants","[43100]","525","210","",,
"2","Other instructors","[43109]","526","210","",,
"2","Assisting occupations in legal and public protection","[432]","93","29","",,
"2","Assisting occupations in legal and public protection","[4320]","211","93","",,
"2","Sheriffs and bailiffs","[43200]","527","211","",,
"2","Correctional service officers","[43201]","528","211","",,
"2","By-law enforcement and other regulatory officers","[43202]","529","211","",,
"2","Border services, customs, and immigration officers","[43203]","530","211","",,
"2","Operations members of the Canadian Armed Forces","[43204]","531","211","",,
"2","Care providers and legal and public protection support occupations","[44]","30","6","",,
"2","Home care provider occupations","[441]","94","30","",,
"2","Home care provider occupations","[4410]","212","94","",,
"2","Home child care providers","[44100]","532","212","",,
"2","Home support workers, caregivers and related occupations","[44101]","533","212","",,
"2","Primary combat members of the Canadian Armed Forces","[442]","95","30","",,
"2","Primary combat members of the Canadian Armed Forces","[4420]","213","95","",,
"2","Primary combat members of the Canadian Armed Forces","[44200]","534","213","",,
"2","Student monitors, crossing guards and related occupations","[45]","31","6","",,
"2","Student monitors, crossing guards and related occupations","[451]","96","31","",,
"2","Student monitors, crossing guards and related occupations","[4510]","214","96","",,
"2","Student monitors, crossing guards and related occupations","[45100]","535","214","",,
"2","Occupations in art, culture, recreation and sport","[5]","7","1","",,
"2","Specialized middle management occupations in art, culture, recreation and sport","[50]","32","7","",,
"2","Specialized middle management occupations in art, culture, recreation and sport","[500]","97","32","",,
"2","Managers in art, culture, recreation and sport","[5001]","215","97","",,
"2","Library, archive, museum and art gallery managers","[50010]","536","215","",,
"2","Managers - publishing, motion pictures, broadcasting and performing arts","[50011]","537","215","",,
"2","Recreation, sports and fitness program and service directors","[50012]","538","215","",,
"2","Professional occupations in art and culture","[51]","33","7","",,
"2","Professional occupations in art and culture","[511]","98","33","",,
"2","Librarians, archivists, conservators and curators","[5110]","216","98","",,
"2","Librarians","[51100]","539","216","",,
"2","Conservators and curators","[51101]","540","216","",,
"2","Archivists","[51102]","541","216","",,
"2","Writing, translating and related communications professionals","[5111]","217","98","",,
"2","Editors","[51110]","542","217","",,
"2","Authors and writers (except technical)","[51111]","543","217","",,
"2","Technical writers","[51112]","544","217","",,
"2","Journalists","[51113]","545","217","",,
"2","Translators, terminologists and interpreters","[51114]","546","217","",,
"2","Creative and performing artists","[5112]","218","98","",,
"2","Producers, directors, choreographers and related occupations","[51120]","547","218","",,
"2","Conductors, composers and arrangers","[51121]","548","218","",,
"2","Musicians and singers","[51122]","549","218","",,
"2","Technical occupations in art, culture and sport","[52]","34","7","",,
"2","Technical occupations in art and culture","[521]","99","34","",,
"2","Technical occupations in libraries and public archives","[5210]","219","99","",,
"2","Library and public archive technicians","[52100]","550","219","",,
"2","Technical occupations in motion pictures, broadcasting and the performing arts","[5211]","220","99","",,
"2","Film and video camera operators","[52110]","551","220","",,
"2","Graphic arts technicians","[52111]","552","220","",,
"2","Broadcast technicians","[52112]","553","220","",,
"2","Audio and video recording technicians","[52113]","554","220","",,
"2","Announcers and other broadcasters","[52114]","555","220","",,
"2","Other technical and coordinating occupations in motion pictures, broadcasting and the performing arts","[52119]","556","220","",,
"2","Graphic and interior designers","[5212]","221","99","",,
"2","Graphic designers and illustrators","[52120]","557","221","",,
"2","Interior designers and interior decorators","[52121]","558","221","",,
"2","Occupations in art, culture and sport","[53]","35","7","",,
"2","Occupations in art and culture","[531]","100","35","",,
"2","Occupations related to museums and art galleries","[5310]","222","100","",,
"2","Registrars, restorers, interpreters and other occupations related to museum and art galleries","[53100]","559","222","",,
"2","Photographers and support occupations in arts and culture","[5311]","223","100","",,
"2","Photographers","[53110]","560","223","",,
"2","Motion pictures, broadcasting, photography and performing arts assistants and operators","[53111]","561","223","",,
"2","Occupations in creative and performing art","[5312]","224","100","",,
"2","Dancers","[53120]","562","224","",,
"2","Actors, comedians and circus performers","[53121]","563","224","",,
"2","Painters, sculptors and other visual artists","[53122]","564","224","",,
"2","Theatre, fashion, exhibit and other creative designers","[53123]","565","224","",,
"2","Artisans and craftspersons","[53124]","566","224","",,
"2","Patternmakers - textile, leather and fur products","[53125]","567","224","",,
"2","Occupations in sports","[532]","101","35","",,
"2","Athletes, coaches, referees and related occupations","[5320]","225","101","",,
"2","Athletes","[53200]","568","225","",,
"2","Coaches","[53201]","569","225","",,
"2","Sports officials and referees","[53202]","570","225","",,
"2","Support occupations in sport","[54]","36","7","",,
"2","Support occupations in sport","[541]","102","36","",,
"2","Program leaders and instructors in recreation, sport and fitness","[5410]","226","102","",,
"2","Program leaders and instructors in recreation, sport and fitness","[54100]","571","226","",,
"2","Support occupations in art and culture","[55]","37","7","",,
"2","Support occupations in art and culture","[551]","103","37","",,
"2","Support occupations in art and culture","[5510]","227","103","",,
"2","Other performers","[55109]","572","227","",,
"2","Sales and service occupations","[6]","8","1","",,
"2","Middle management occupations in retail and wholesale trade and customer services","[60]","38","8","",,
"2","Middle management occupations in retail and wholesale trade and customer services","[600]","104","38","",,
"2","Corporate sales managers","[6001]","228","104","",,
"2","Corporate sales managers","[60010]","573","228","",,
"2","Retail and wholesale trade managers","[6002]","229","104","",,
"2","Retail and wholesale trade managers","[60020]","574","229","",,
"2","Managers in food service and accommodation","[6003]","230","104","",,
"2","Restaurant and food service managers","[60030]","575","230","",,
"2","Accommodation service managers","[60031]","576","230","",,
"2","Managers in customer and personal services","[6004]","231","104","",,
"2","Managers in customer and personal services","[60040]","577","231","",,
"2","Retail sales and service supervisors and specialized occupations in sales and services","[62]","39","8","",,
"2","Retail sales and service supervisors","[620]","105","39","",,
"2","Retail sales supervisors","[6201]","232","105","",,
"2","Retail sales supervisors","[62010]","578","232","",,
"2","Service supervisors","[6202]","233","105","",,
"2","Food service supervisors","[62020]","579","233","",,
"2","Executive housekeepers","[62021]","580","233","",,
"2","Accommodation, travel, tourism and related services supervisors","[62022]","581","233","",,
"2","Customer and information services supervisors","[62023]","582","233","",,
"2","Cleaning supervisors","[62024]","583","233","",,
"2","Other services supervisors","[62029]","584","233","",,
"2","Specialized sales occupations","[621]","106","39","",,
"2","Technical sales specialists in wholesale trade and retail and wholesale buyers","[6210]","234","106","",,
"2","Technical sales specialists - wholesale trade","[62100]","585","234","",,
"2","Retail and wholesale buyers","[62101]","586","234","",,
"2","Specialized services occupations","[622]","107","39","",,
"2","Specialized occupations in services","[6220]","235","107","",,
"2","Chefs","[62200]","587","235","",,
"2","Funeral directors and embalmers","[62201]","588","235","",,
"2","Jewellers, jewellery and watch repairers and related occupations","[62202]","589","235","",,
"2","Occupations in sales and services","[63]","40","8","",,
"2","Occupations in sales","[631]","108","40","",,
"2","Insurance, real estate and financial sales occupations","[6310]","236","108","",,
"2","Insurance agents and brokers","[63100]","590","236","",,
"2","Real estate agents and salespersons","[63101]","591","236","",,
"2","Financial sales representatives","[63102]","592","236","",,
"2","Occupations in services","[632]","109","40","",,
"2","Cooks, butchers and bakers","[6320]","237","109","",,
"2","Cooks","[63200]","593","237","",,
"2","Butchers - retail and wholesale","[63201]","594","237","",,
"2","Bakers","[63202]","595","237","",,
"2","Hairstylists and estheticians","[6321]","238","109","",,
"2","Hairstylists and barbers","[63210]","596","238","",,
"2","Estheticians, electrologists and related occupations","[63211]","597","238","",,
"2","Shoe repairers, shoemakers and upholsterers","[6322]","239","109","",,
"2","Shoe repairers and shoemakers","[63220]","598","239","",,
"2","Upholsterers","[63221]","599","239","",,
"2","Sales and service representatives and other customer and personal services occupations","[64]","41","8","",,
"2","Retail salespersons and non-technical wholesale trade sales and account representatives","[641]","110","41","",,
"2","Retail salespersons and non-technical wholesale trade sales and account representatives","[6410]","240","110","",,
"2","Retail salespersons and visual merchandisers","[64100]","600","240","",,
"2","Sales and account representatives - wholesale trade (non-technical)","[64101]","601","240","",,
"2","Occupations in personal service","[642]","111","41","",,
"2","Occupations in personal service","[6420]","241","111","",,
"2","Tailors, dressmakers, furriers and milliners","[64200]","602","241","",,
"2","Image, social and other personal consultants","[64201]","603","241","",,
"2","Occupations in food, accommodation and tourism","[643]","112","41","",,
"2","Occupations in food and beverage service","[6430]","242","112","",,
"2","Maîtres d'hôtel and hosts/hostesses","[64300]","604","242","",,
"2","Bartenders","[64301]","605","242","",,
"2","Occupations in travel and accommodation","[6431]","243","112","",,
"2","Travel counsellors","[64310]","606","243","",,
"2","Pursers and flight attendants","[64311]","607","243","",,
"2","Airline ticket and service agents","[64312]","608","243","",,
"2","Ground and water transport ticket agents, cargo service representatives and related clerks","[64313]","609","243","",,
"2","Hotel front desk clerks","[64314]","610","243","",,
"2","Tourism and amusement services occupations","[6432]","244","112","",,
"2","Tour and travel guides","[64320]","611","244","",,
"2","Casino workers","[64321]","612","244","",,
"2","Outdoor sport and recreational guides","[64322]","613","244","",,
"2","Occupations in customer, information and protective services","[644]","113","41","",,
"2","Customer and information services representatives","[6440]","245","113","",,
"2","Customer services representatives - financial institutions","[64400]","614","245","",,
"2","Postal services representatives","[64401]","615","245","",,
"2","Other customer and information services representatives","[64409]","616","245","",,
"2","Security guards and related security service occupations","[6441]","246","113","",,
"2","Security guards and related security service occupations","[64410]","617","246","",,
"2","Sales and service support occupations","[65]","42","8","",,
"2","Sales support occupations","[651]","114","42","",,
"2","Cashiers and other sales support occupations","[6510]","247","114","",,
"2","Cashiers","[65100]","618","247","",,
"2","Service station attendants","[65101]","619","247","",,
"2","Store shelf stockers, clerks and order fillers","[65102]","620","247","",,
"2","Other sales related occupations","[65109]","621","247","",,
"2","Support occupations in food, accommodation and tourism","[652]","115","42","",,
"2","Food support occupations","[6520]","248","115","",,
"2","Food and beverage servers","[65200]","622","248","",,
"2","Food counter attendants, kitchen helpers and related support occupations","[65201]","623","248","",,
"2","Meat cutters and fishmongers - retail and wholesale","[65202]","624","248","",,
"2","Support occupations in accommodation, travel, tourism and amusement services","[6521]","249","115","",,
"2","Support occupations in accommodation, travel and facilities set-up services","[65210]","625","249","",,
"2","Operators and attendants in amusement, recreation and sport","[65211]","626","249","",,
"2","Support occupations in personal services","[6522]","250","115","",,
"2","Pet groomers and animal care workers","[65220]","627","250","",,
"2","Other support occupations in personal services","[65229]","628","250","",,
"2","Support occupations in cleaning and related services","[653]","116","42","",,
"2","Cleaners","[6531]","251","116","",,
"2","Light duty cleaners","[65310]","629","251","",,
"2","Specialized cleaners","[65311]","630","251","",,
"2","Janitors, caretakers and heavy-duty cleaners","[65312]","631","251","",,
"2","Service support and related occupations","[6532]","252","116","",,
"2","Dry cleaning, laundry and related occupations","[65320]","632","252","",,
"2","Other service support occupations","[65329]","633","252","",,
"2","Trades, transport and equipment operators and related occupations","[7]","9","1","",,
"2","Middle management occupations in trades and transportation","[70]","43","9","",,
"2","Middle management occupations in trades and transportation","[700]","117","43","",,
"2","Managers in construction and facility operation and maintenance","[7001]","253","117","",,
"2","Construction managers","[70010]","634","253","",,
"2","Home building and renovation managers","[70011]","635","253","",,
"2","Facility operation and maintenance managers","[70012]","636","253","",,
"2","Managers in transportation and postal and courier services","[7002]","254","117","",,
"2","Managers in transportation","[70020]","637","254","",,
"2","Postal and courier services managers","[70021]","638","254","",,
"2","Technical trades and transportation officers and controllers","[72]","44","9","",,
"2","Technical trades contractors and supervisors","[720]","118","44","",,
"2","Contractors and supervisors, technical industrial, electrical and construction trades and related workers","[7201]","255","118","",,
"2","Contractors and supervisors, machining, metal forming, shaping and erecting trades and related occupations","[72010]","639","255","",,
"2","Contractors and supervisors, electrical trades and telecommunications occupations","[72011]","640","255","",,
"2","Contractors and supervisors, pipefitting trades","[72012]","641","255","",,
"2","Contractors and supervisors, carpentry trades","[72013]","642","255","",,
"2","Contractors and supervisors, other construction trades, installers, repairers and servicers","[72014]","643","255","",,
"2","Contractors and supervisors, technical maintenance trades and heavy equipment and transport operators","[7202]","256","118","",,
"2","Contractors and supervisors, mechanic trades","[72020]","644","256","",,
"2","Contractors and supervisors, heavy equipment operator crews","[72021]","645","256","",,
"2","Supervisors, printing and related occupations","[72022]","646","256","",,
"2","Supervisors, railway transport operations","[72023]","647","256","",,
"2","Supervisors, motor transport and other ground transit operators","[72024]","648","256","",,
"2","Supervisors, mail and message distribution occupations","[72025]","649","256","",,
"2","Technical industrial trades","[721]","119","44","",,
"2","Machining, metal forming, shaping and erecting trades","[7210]","257","119","",,
"2","Machinists and machining and tooling inspectors","[72100]","650","257","",,
"2","Tool and die makers","[72101]","651","257","",,
"2","Sheet metal workers","[72102]","652","257","",,
"2","Boilermakers","[72103]","653","257","",,
"2","Structural metal and platework fabricators and fitters","[72104]","654","257","",,
"2","Ironworkers","[72105]","655","257","",,
"2","Welders and related machine operators","[72106]","656","257","",,
"2","Technical electrical trades","[722]","120","44","",,
"2","Technical electrical trades and electrical power line and telecommunications workers","[7220]","258","120","",,
"2","Electricians (except industrial and power system)","[72200]","657","258","",,
"2","Industrial electricians","[72201]","658","258","",,
"2","Power system electricians","[72202]","659","258","",,
"2","Electrical power line and cable workers","[72203]","660","258","",,
"2","Telecommunications line and cable installers and repairers","[72204]","661","258","",,
"2","Telecommunications equipment installation and cable television service technicians","[72205]","662","258","",,
"2","Technical construction trades","[723]","121","44","",,
"2","Plumbers, pipefitters and gas fitters","[7230]","259","121","",,
"2","Plumbers","[72300]","663","259","",,
"2","Steamfitters, pipefitters and sprinkler system installers","[72301]","664","259","",,
"2","Gas fitters","[72302]","665","259","",,
"2","Carpenters and cabinetmakers","[7231]","260","121","",,
"2","Carpenters","[72310]","666","260","",,
"2","Cabinetmakers","[72311]","667","260","",,
"2","Bricklayers and insulators","[7232]","261","121","",,
"2","Bricklayers","[72320]","668","261","",,
"2","Insulators","[72321]","669","261","",,
"2","Technical maintenance trades","[724]","122","44","",,
"2","Machinery and transportation equipment mechanics (except motor vehicles)","[7240]","262","122","",,
"2","Construction millwrights and industrial mechanics","[72400]","670","262","",,
"2","Heavy-duty equipment mechanics","[72401]","671","262","",,
"2","Heating, refrigeration and air conditioning mechanics","[72402]","672","262","",,
"2","Railway carmen/women","[72403]","673","262","",,
"2","Aircraft mechanics and aircraft inspectors","[72404]","674","262","",,
"2","Machine fitters","[72405]","675","262","",,
"2","Elevator constructors and mechanics","[72406]","676","262","",,
"2","Automotive service technicians","[7241]","263","122","",,
"2","Automotive service technicians, truck and bus mechanics and mechanical repairers","[72410]","677","263","",,
"2","Auto body collision, refinishing and glass technicians and damage repair estimators","[72411]","678","263","",,
"2","Small engine and equipment mechanics and related repairers (including electrical components)","[7242]","264","122","",,
"2","Oil and solid fuel heating mechanics","[72420]","679","264","",,
"2","Appliance servicers and repairers","[72421]","680","264","",,
"2","Electrical mechanics","[72422]","681","264","",,
"2","Motorcycle, all-terrain vehicle and other related mechanics","[72423]","682","264","",,
"2","Other small engine and small equipment repairers","[72429]","683","264","",,
"2","Technical equipment operation trades","[725]","123","44","",,
"2","Crane operators and water well drillers","[7250]","265","123","",,
"2","Crane operators","[72500]","684","265","",,
"2","Water well drillers","[72501]","685","265","",,
"2","Transportation officers and controllers","[726]","124","44","",,
"2","Transportation officers and controllers","[7260]","266","124","",,
"2","Air pilots, flight engineers and flying instructors","[72600]","686","266","",,
"2","Air traffic controllers and related occupations","[72601]","687","266","",,
"2","Deck officers, water transport","[72602]","688","266","",,
"2","Engineer officers, water transport","[72603]","689","266","",,
"2","Railway traffic controllers and marine traffic regulators","[72604]","690","266","",,
"2","Other technical trades","[729]","125","44","",,
"2","Other technical trades","[7299]","267","125","",,
"2","Other technical trades and related occupations","[72999]","691","267","",,
"2","General trades","[73]","45","9","",,
"2","General construction trades","[731]","126","45","",,
"2","Concrete finishers, tilesetters and plasterers","[7310]","268","126","",,
"2","Concrete finishers","[73100]","692","268","",,
"2","Tilesetters","[73101]","693","268","",,
"2","Plasterers, drywall installers and finishers and lathers","[73102]","694","268","",,
"2","Roofers, glaziers, painters, decorators and floor covering installers","[7311]","269","126","",,
"2","Roofers and shinglers","[73110]","695","269","",,
"2","Glaziers","[73111]","696","269","",,
"2","Painters and decorators (except interior decorators)","[73112]","697","269","",,
"2","Floor covering installers","[73113]","698","269","",,
"2","Building maintenance installers, servicers and repairers","[732]","127","45","",,
"2","Building maintenance installers, servicers and repairers","[7320]","270","127","",,
"2","Residential and commercial installers and servicers","[73200]","699","270","",,
"2","General building maintenance workers and building superintendents","[73201]","700","270","",,
"2","Pest controllers and fumigators","[73202]","701","270","",,
"2","Other repairers and servicers","[73209]","702","270","",,
"2","Transportation occupations","[733]","128","45","",,
"2","Transport truck and transit drivers","[7330]","271","128","",,
"2","Transport truck drivers","[73300]","703","271","",,
"2","Bus drivers, subway operators and other transit operators","[73301]","704","271","",,
"2","Train crew operating occupations","[7331]","272","128","",,
"2","Railway and yard locomotive engineers","[73310]","705","272","",,
"2","Railway conductors and brakemen/women","[73311]","706","272","",,
"2","Operators, drillers and blasters","[734]","129","45","",,
"2","Operators, drillers and blasters","[7340]","273","129","",,
"2","Heavy equipment operators","[73400]","707","273","",,
"2","Printing press operators","[73401]","708","273","",,
"2","Drillers and blasters - surface mining, quarrying and construction","[73402]","709","273","",,
"2","Mail and message distribution, other transport equipment operators and related maintenance workers","[74]","46","9","",,
"2","Mail and message distribution occupations","[741]","130","46","",,
"2","Mail and message distribution occupations","[7410]","274","130","",,
"2","Mail and parcel sorters and related occupations","[74100]","710","274","",,
"2","Letter carriers","[74101]","711","274","",,
"2","Couriers and messengers","[74102]","712","274","",,
"2","Transport equipment operators, utility maintenance and related workers","[742]","131","46","",,
"2","Transport equipment operators, utility maintenance and related maintenance workers","[7420]","275","131","",,
"2","Railway yard and track maintenance workers","[74200]","713","275","",,
"2","Water transport deck and engine room crew","[74201]","714","275","",,
"2","Air transport ramp attendants","[74202]","715","275","",,
"2","Automotive and heavy truck and equipment parts installers and servicers","[74203]","716","275","",,
"2","Utility maintenance workers","[74204]","717","275","",,
"2","Public works maintenance equipment operators and related workers","[74205]","718","275","",,
"2","Helpers and labourers and other transport drivers, operators and labourers","[75]","47","9","",,
"2","Helpers and labourers","[751]","132","47","",,
"2","Longshore workers and material handlers","[7510]","276","132","",,
"2","Longshore workers","[75100]","719","276","",,
"2","Material handlers","[75101]","720","276","",,
"2","Trades helpers and labourers","[7511]","277","132","",,
"2","Construction trades helpers and labourers","[75110]","721","277","",,
"2","Other trades helpers and labourers","[75119]","722","277","",,
"2","Transport drivers, operators and labourers","[752]","133","47","",,
"2","Taxi, personal service and delivery service drivers","[7520]","278","133","",,
"2","Taxi and limousine drivers and chauffeurs","[75200]","723","278","",,
"2","Delivery service drivers and door-to-door distributors","[75201]","724","278","",,
"2","Water and rail transport operators and labourers and related occupations","[7521]","279","133","",,
"2","Boat and cable ferry operators and related occupations","[75210]","725","279","",,
"2","Railway and motor transport labourers","[75211]","726","279","",,
"2","Public works and maintenance labourers","[75212]","727","279","",,
"2","Natural resources, agriculture and related production occupations","[8]","10","1","",,
"2","Middle management occupations in production and agriculture","[80]","48","10","",,
"2","Middle management occupations in production and agriculture","[800]","134","48","",,
"2","Managers in natural resources production and fishing","[8001]","280","134","",,
"2","Managers in natural resources production and fishing","[80010]","728","280","",,
"2","Managers in agriculture, horticulture and aquaculture","[8002]","281","134","",,
"2","Managers in agriculture","[80020]","729","281","",,
"2","Managers in horticulture","[80021]","730","281","",,
"2","Managers in aquaculture","[80022]","731","281","",,
"2","Supervisors in natural resources, agriculture and related production","[82]","49","10","",,
"2","Supervisors in natural resources, agriculture and related production","[820]","135","49","",,
"2","Supervisors, logging and forestry","[8201]","282","135","",,
"2","Supervisors, logging and forestry","[82010]","732","282","",,
"2","Contractors and supervisors, mining, oil and gas","[8202]","283","135","",,
"2","Supervisors, mining and quarrying","[82020]","733","283","",,
"2","Contractors and supervisors, oil and gas drilling and services","[82021]","734","283","",,
"2","Contractors and supervisors, agriculture, horticulture and related operations and services","[8203]","284","135","",,
"2","Agricultural service contractors and farm supervisors","[82030]","735","284","",,
"2","Contractors and supervisors, landscaping, grounds maintenance and horticulture services","[82031]","736","284","",,
"2","Occupations in natural resources and related production","[83]","50","10","",,
"2","Occupations in natural resources and fisheries","[831]","136","50","",,
"2","Underground miners, oil and gas drillers and related occupations","[8310]","285","136","",,
"2","Underground production and development miners","[83100]","737","285","",,
"2","Oil and gas well drillers, servicers, testers and related workers","[83101]","738","285","",,
"2","Logging machinery operators","[8311]","286","136","",,
"2","Logging machinery operators","[83110]","739","286","",,
"2","Fishing vessel masters and fishermen/women","[8312]","287","136","",,
"2","Fishing masters and officers","[83120]","740","287","",,
"2","Fishermen/women","[83121]","741","287","",,
"2","Workers in natural resources, agriculture and related production","[84]","51","10","",,
"2","Workers in natural resources and fisheries","[841]","137","51","",,
"2","Mine service workers and operators in oil and gas drilling","[8410]","288","137","",,
"2","Underground mine service and support workers","[84100]","742","288","",,
"2","Oil and gas well drilling and related workers and services operators","[84101]","743","288","",,
"2","Logging and forestry workers","[8411]","289","137","",,
"2","Chain saw and skidder operators","[84110]","744","289","",,
"2","Silviculture and forestry workers","[84111]","745","289","",,
"2","Workers in agriculture and fishing occupations","[8412]","290","137","",,
"2","Specialized livestock workers and farm machinery operators","[84120]","746","290","",,
"2","Fishing vessel deckhands","[84121]","747","290","",,
"2","Harvesting, landscaping and natural resources labourers","[85]","52","10","",,
"2","Harvesting, landscaping and natural resources labourers","[851]","138","52","",,
"2","Agriculture, horticulture and harvesting labourers and related occupations","[8510]","291","138","",,
"2","Livestock labourers","[85100]","748","291","",,
"2","Harvesting labourers","[85101]","749","291","",,
"2","Aquaculture and marine harvest labourers","[85102]","750","291","",,
"2","Nursery and greenhouse labourers","[85103]","751","291","",,
"2","Trappers and hunters","[85104]","752","291","",,
"2","Mine and oil and gas drilling, services and related labourers","[8511]","292","138","",,
"2","Mine labourers","[85110]","753","292","",,
"2","Oil and gas drilling, servicing and related labourers","[85111]","754","292","",,
"2","Logging, forestry, landscaping and other related labourers","[8512]","293","138","",,
"2","Logging and forestry labourers","[85120]","755","293","",,
"2","Landscaping and grounds maintenance labourers","[85121]","756","293","",,
"2","Occupations in manufacturing and utilities","[9]","11","1","",,
"2","Middle management occupations in manufacturing and utilities","[90]","53","11","",,
"2","Middle management occupations in manufacturing and utilities","[900]","139","53","",,
"2","Managers in manufacturing and utilities","[9001]","294","139","",,
"2","Manufacturing managers","[90010]","757","294","",,
"2","Utilities managers","[90011]","758","294","",,
"2","Processing, manufacturing and utilities supervisors and utilities operators and controllers","[92]","54","11","",,
"2","Supervisors, processing, manufacturing, assembly and fabrication occupations","[920]","140","54","",,
"2","Supervisors, processing and manufacturing occupations","[9201]","295","140","",,
"2","Supervisors, mineral and metal processing","[92010]","759","295","",,
"2","Supervisors, petroleum, gas and chemical processing and utilities","[92011]","760","295","",,
"2","Supervisors, food and beverage processing","[92012]","761","295","",,
"2","Supervisors, plastic and rubber products manufacturing","[92013]","762","295","",,
"2","Supervisors, forest products processing","[92014]","763","295","",,
"2","Supervisors, textile, fabric, fur and leather products processing and manufacturing","[92015]","764","295","",,
"2","Supervisors, assembly and fabrication","[9202]","296","140","",,
"2","Supervisors, motor vehicle assembling","[92020]","765","296","",,
"2","Supervisors, electronics and electrical products manufacturing","[92021]","766","296","",,
"2","Supervisors, furniture and fixtures manufacturing","[92022]","767","296","",,
"2","Supervisors, other mechanical and metal products manufacturing","[92023]","768","296","",,
"2","Supervisors, other products manufacturing and assembly","[92024]","769","296","",,
"2","Utilities equipment operators and controllers","[921]","141","54","",,
"2","Utilities equipment operators and controllers","[9210]","297","141","",,
"2","Power engineers and power systems operators","[92100]","770","297","",,
"2","Water and waste treatment plant operators","[92101]","771","297","",,
"2","Central control and process operators and aircraft assembly assemblers and inspectors","[93]","55","11","",,
"2","Central control and process operators in processing and manufacturing","[931]","142","55","",,
"2","Central control and process operators in processing and manufacturing","[9310]","298","142","",,
"2","Central control and process operators, mineral and metal processing","[93100]","772","298","",,
"2","Central control and process operators, petroleum, gas and chemical processing","[93101]","773","298","",,
"2","Pulping, papermaking and coating control operators","[93102]","774","298","",,
"2","Aircraft assemblers and aircraft assembly inspectors","[932]","143","55","",,
"2","Aircraft assemblers and aircraft assembly inspectors","[9320]","299","143","",,
"2","Aircraft assemblers and aircraft assembly inspectors","[93200]","775","299","",,
"2","Machine operators, assemblers and inspectors in processing, manufacturing and printing","[94]","56","11","",,
"2","Processing and manufacturing machine operators and related production workers","[941]","144","56","",,
"2","Machine operators and related workers in mineral and metal products processing and manufacturing","[9410]","300","144","",,
"2","Machine operators, mineral and metal processing","[94100]","776","300","",,
"2","Foundry workers","[94101]","777","300","",,
"2","Glass forming and finishing machine operators and glass cutters","[94102]","778","300","",,
"2","Concrete, clay and stone forming operators","[94103]","779","300","",,
"2","Inspectors and testers, mineral and metal processing","[94104]","780","300","",,
"2","Metalworking and forging machine operators","[94105]","781","300","",,
"2","Machining tool operators","[94106]","782","300","",,
"2","Machine operators of other metal products","[94107]","783","300","",,
"2","Machine operators and related workers in chemical, plastic and rubber processing","[9411]","301","144","",,
"2","Chemical plant machine operators","[94110]","784","301","",,
"2","Plastics processing machine operators","[94111]","785","301","",,
"2","Rubber processing machine operators and related workers","[94112]","786","301","",,
"2","Machine operators and related workers in pulp and paper production and wood processing and manufacturing","[9412]","302","144","",,
"2","Sawmill machine operators","[94120]","787","302","",,
"2","Pulp mill, papermaking and finishing machine operators","[94121]","788","302","",,
"2","Paper converting machine operators","[94122]","789","302","",,
"2","Lumber graders and other wood processing inspectors and graders","[94123]","790","302","",,
"2","Woodworking machine operators","[94124]","791","302","",,
"2","Other wood processing machine operators","[94129]","792","302","",,
"2","Machine operators and related workers in textile, fabric, fur and leather products processing and manufacturing","[9413]","303","144","",,
"2","Textile fibre and yarn, hide and pelt processing machine operators and workers","[94130]","793","303","",,
"2","Weavers, knitters and other fabric making occupations","[94131]","794","303","",,
"2","Industrial sewing machine operators","[94132]","795","303","",,
"2","Inspectors and graders, textile, fabric, fur and leather products manufacturing","[94133]","796","303","",,
"2","Machine operators and related workers in food, beverage and associated products processing","[9414]","304","144","",,
"2","Process control and machine operators, food and beverage processing","[94140]","797","304","",,
"2","Industrial butchers and meat cutters, poultry preparers and related workers","[94141]","798","304","",,
"2","Fish and seafood plant workers","[94142]","799","304","",,
"2","Testers and graders, food and beverage processing","[94143]","800","304","",,
"2","Printing equipment operators and related occupations","[9415]","305","144","",,
"2","Plateless printing equipment operators","[94150]","801","305","",,
"2","Camera, platemaking and other prepress occupations","[94151]","802","305","",,
"2","Binding and finishing machine operators","[94152]","803","305","",,
"2","Photographic and film processors","[94153]","804","305","",,
"2","Assemblers and inspectors in manufacturing","[942]","145","56","",,
"2","Mechanical, electrical and electronics assemblers and inspectors","[9420]","306","145","",,
"2","Motor vehicle assemblers, inspectors and testers","[94200]","805","306","",,
"2","Electronics assemblers, fabricators, inspectors and testers","[94201]","806","306","",,
"2","Assemblers and inspectors, electrical appliance, apparatus and equipment manufacturing","[94202]","807","306","",,
"2","Assemblers, fabricators and inspectors, industrial electrical motors and transformers","[94203]","808","306","",,
"2","Mechanical assemblers and inspectors","[94204]","809","306","",,
"2","Machine operators and inspectors, electrical apparatus manufacturing","[94205]","810","306","",,
"2","Furniture, wood, plastic and other products assemblers, finishers and inspectors","[9421]","307","145","",,
"2","Furniture and fixture assemblers, finishers, refinishers and inspectors","[94210]","811","307","",,
"2","Assemblers and inspectors of other wood products","[94211]","812","307","",,
"2","Plastic products assemblers, finishers and inspectors","[94212]","813","307","",,
"2","Industrial painters, coaters and metal finishing process operators","[94213]","814","307","",,
"2","Other products assemblers, finishers and inspectors","[94219]","815","307","",,
"2","Labourers in processing, manufacturing and utilities","[95]","57","11","",,
"2","Labourers in processing, manufacturing and utilities","[951]","146","57","",,
"2","Labourers in processing, manufacturing and utilities","[9510]","308","146","",,
"2","Labourers in mineral and metal processing","[95100]","816","308","",,
"2","Labourers in metal fabrication","[95101]","817","308","",,
"2","Labourers in chemical products processing and utilities","[95102]","818","308","",,
"2","Labourers in wood, pulp and paper processing","[95103]","819","308","",,
"2","Labourers in rubber and plastic products manufacturing","[95104]","820","308","",,
"2","Labourers in textile processing and cutting","[95105]","821","308","",,
"2","Labourers in food and beverage processing","[95106]","822","308","",,
"2","Labourers in fish and seafood processing","[95107]","823","308","",,
"2","Other labourers in processing, manufacturing and utilities","[95109]","824","308","",,
"2","Unclassified occupations","","12","1","",7,
"3","Job vacancies","","1","","",4,
"3","Average offered hourly wage","","5","","",5,

Symbol Legend
Description,Symbol
"not available for a specific reference period","..",
"less than the limit of detection","<LOD",
"value rounded to 0 (zero) where there is a meaningful distinction between true zero and the value that was rounded","0s",
"data quality: excellent","A",
"data quality: very good","B",
"data quality: good","C",
"data quality: acceptable","D",
"use with caution","E",
"too unreliable to be published","F",
"not applicable","...",
"preliminary","p",
"revised","r",
"suppressed to meet the confidentiality requirements of the Statistics Act","x",
"terminated","t",

"Survey Code","Survey Name"
"5217","Job Vacancy and Wage Survey"

"Subject Code","Subject Name"
"14","Labour"

"Note ID",Note
1,"Data quality indicators are based on the coefficient of variation (CV), the non-response errors, the imputation errors, and subject matter expertise: A – Excellent; B - Very good; C - Good; D – Acceptable; E - Use with caution; F - Too unreliable to publish."
2,"An economic region (ER) is a grouping of complete census divisions (with one exception in Ontario) created as a standard geographic unit for analysis of regional economic activity. Canada has 76 ERs that are classified in accordance with the <a href="https://www.statcan.gc.ca/en/subjects/standard/sgc/2021/index" rel="external noopener noreferrer" target="_blank">Standard Geographical Classification (SGC) 2021 (opens new window)</a>, which is based on 2021 Census boundaries. The Job Vacancy and Wage Survey (JVWS) publishes estimates for 69 ERs, seven of which are combined. These seven combined ERs are the same as those published by the Labour Force Survey. Maps illustrating the ERs, as well as a table showing the census metropolitan areas (CMAs) and census agglomerations (CAs) within each ER, are available by selecting the “JVWS Geographical Maps” link at the bottom of the JVWS survey page <a href="http://www23.statcan.gc.ca/imdb/p2SV.pl?Function=getSurvey&SDDS=5217" rel="external noopener noreferrer" target="_blank">5217 (opens new window)</a>."
3,"Occupation estimates are based on the <a href="https://www.statcan.gc.ca/en/subjects/standard/noc/2021/indexV1" rel="external noopener noreferrer" target="_blank">National Occupational Classification (NOC) 2021 (opens new window)</a>."
4,"A job is vacant if it meets the following conditions: it is vacant on the reference date (first day of the month) or will become vacant during the month; there are tasks to be carried out during the month for the job in question; and the employer is actively seeking a worker outside the organization to fill the job. The jobs could be full-time, part-time, permanent, temporary, casual, or seasonal. Jobs reserved for subcontractors, external consultants, or other workers who are not considered employees, are excluded."
5,"The average hourly wage offered by employers for vacant positions. It excludes overtime, tips, commissions and bonuses. Salaries are converted to hourly wages based on information regarding the frequency of pay and the expected average number of hours worked per week. The offered wage may be different from the actual wage paid once the position is filled. If the salary is different among the job vacancies for the same occupation, the respondent is asked to report the lowest wage or salary. When the compensation advertised for the job vacancy is in the form of a salary range or an hourly pay range, the respondent is asked to report the lowest value of the range. If the work will be paid based on, for example, the number of parts produced, mileage or the number of times a task is performed, the respondent is asked to report the expected minimum salary."
6,"While 76 economic regions are defined for the purposes of sampling, some are too small to enable production of independent estimates from the survey. These economic regions were combined to improve data quality of the Job Vacancy and Wage Survey estimates."
7,"Improvements were made to the occupation coding procedures starting in the second quarter of 2017. This has resulted in a decrease in the number of vacancies for which the occupation is unclassified. The new coding procedures do not affect the total number of vacancies."
8,"Data for the second and third quarters of 2020 are unavailable due to some Statistics Canada operations being temporarily suspended during the COVID-19 pandemic."
9,"Occupations are classified based on write-in job titles and job descriptions provided by respondents. Incomplete or vague descriptions can have an impact on the accuracy of the codes assigned to occupations, especially for more detailed levels of the occupational classification. The occupational data are presented in this table according to the National Occupational Classification (NOC) 2021 version 1.0. Job vacancy data starting in 2023Q4 were coded directly to NOC 2021 version 1.0. Historical data from 2015Q1 to 2023Q3 were converted from earlier versions of the NOC standard to NOC 2021. Reasonable care should be taken when analyzing occupation codes for more detailed levels and, in particular, revised occupations codes that are split into multiple codes in the new occupation classification (NOC 2021). In such situations, users should consider using broader occupation groups."

"Correction ID","Correction Date","Correction Note"
"3809","2024-04-12","On April 12, 2024, average offered hourly wage estimates have been corrected for the Q4 2023 reference period.",

