spec,t,b,se,n
no FE,2017,-0.0049392297109499975,0.02834111503809412,265
no FE,2018,0.00139411717765606,0.018450256958890885,268
no FE,2019,-0.00937837243278345,0.017417407927153863,269
no FE,2021,0.0,0.0,0
no FE,2023,-0.037205467002605117,0.0066273830123195635,286
no FE,2024,-0.03351932017201836,0.025301517789394847,269
no FE,2025,-0.051849572158079664,0.028811022632410577,269
no FE,2026,-0.05252437431938146,0.025860802545096408,269
NOC major-group FE,2017,-0.00260316902951252,0.035075783121396614,265
NOC major-group FE,2018,0.013152970868528957,0.022616569351685264,268
NOC major-group FE,2019,-0.007830010612120186,0.02216617014551028,269
NOC major-group FE,2021,0.0,0.0,0
NOC major-group FE,2023,-0.02934989768860463,0.007439637833501665,286
NOC major-group FE,2024,-0.0255102504563548,0.022477340766005577,269
NOC major-group FE,2025,-0.03508467863897391,0.024256224287165184,269
NOC major-group FE,2026,-0.03429677371048878,0.024932069453860353,269
NOC 2-digit FE,2017,0.03556936873438454,0.03833760817318876,265
NOC 2-digit FE,2018,0.018234221042477294,0.029670481671322187,268
NOC 2-digit FE,2019,0.0066209252285105435,0.02630290446529534,269
NOC 2-digit FE,2021,0.0,0.0,0
NOC 2-digit FE,2023,-0.021603435617908895,0.009178673153188637,286
NOC 2-digit FE,2024,-0.009055733304808411,0.025053172702488587,269
NOC 2-digit FE,2025,0.016167005746613783,0.026570731352652553,269
NOC 2-digit FE,2026,0.011049574493675718,0.03009457988437965,269
