row,coder_A,coder_B,occupation,task
1,2,1,Architectural and Civil Drafters,"Coordinate structural, electrical, and mechanical designs and determine a method of presentation to graphically represent building plans."
2,1,0,"Potters, Manufacturing","Prepare work for sale or exhibition, and maintain relationships with retail, pottery, art, and resource networks that can facilitate sale or exhibition of work."
6,0,2,"Camera Operators, Television, Video, and Film","Set up cameras, optical printers, and related equipment to produce photographs and special effects."
9,2,1,"Computer Science Teachers, Postsecondary",Develop and maintain Web sites for online courses.
10,2,0,Radiologists,"Instruct radiologic staff in desired techniques, positions, or projections."
11,2,0,"Hairdressers, Hairstylists, and Cosmetologists","Attach wigs or hairpieces to model heads and dress wigs and hairpieces according to instructions, samples, sketches or photographs."
12,2,0,Online Merchants,"Upload digital media, such as photos, video, or scanned images to online storefront, auction sites, or other shopping Web sites."
13,2,1,Web and Digital Interface Designers,Develop and document style guidelines for Web site content.
16,1,0,Stonemasons,"Shape, trim, face and cut marble or stone preparatory to setting, using power saws, cutting equipment, and hand tools."
20,2,1,Tile and Stone Setters,Determine and implement the best layout to achieve a desired pattern.
21,1,0,Advertising and Promotions Managers,Analyze marketing or sales trends to forecast future conditions.
22,2,0,Actors,"Prepare and perform action stunts for motion picture, television, or stage productions."
30,2,0,Actors,"Work with other crew members responsible for lighting, costumes, make-up, and props."
31,2,1,Art Directors,Review illustrative material to determine if it conforms to standards and specifications.
35,2,0,Digital Forensics Analysts,Create system images or capture network settings from information technology environments to preserve as evidence.
36,1,0,Advertising Sales Agents,Prepare and deliver sales presentations to new and existing customers to sell new advertising programs and to protect and increase existing advertising.
38,1,0,Photonics Engineers,"Select, purchase, set up, operate, or troubleshoot state-of-the-art laser cutting equipment."
39,2,0,Costume Attendants,"Collaborate with production designers, costume designers, or other production staff to discuss and execute costume design details."
40,1,0,"Stone Cutters and Carvers, Manufacturing","Study artistic objects or graphic materials, such as models, sketches, or blueprints, to plan carving or cutting techniques."
41,1,0,"Milling and Planing Machine Setters, Operators, and Tenders, Metal and Plastic","Study blueprints, layouts, sketches, or work orders to assess workpiece specifications and to determine tooling instructions, tools and materials needed, and sequences of operations."
44,2,0,Prepress Technicians and Workers,Examine unexposed photographic plates to detect flaws or foreign particles prior to printing.
45,1,2,Art Directors,Prepare detailed storyboards showing sequence and timing of story development for television production.
47,1,2,Interior Designers,Use computer-aided drafting (CAD) and related software to produce construction documents.
52,1,2,Electro-Mechanical and Mechatronics Technologists and Technicians,"Produce electrical, electronic, or mechanical drawings or other related documents or graphics necessary for electromechanical design, using computer-aided design (CAD) software."
53,1,0,Carpenters,"Study specifications in blueprints, sketches, or building plans to prepare project layout and determine dimensions and materials required."
54,2,1,Geographic Information Systems Technologists and Technicians,"Produce data layers, maps, tables, or reports, using spatial analysis procedures or Geographic Information Systems (GIS) technology, equipment, or systems."
56,1,2,Special Effects Artists and Animators,"Script, plan, and create animated narrative sequences under tight deadlines, using computer software and hand drawing techniques."
57,0,2,Special Effects Artists and Animators,"Develop briefings, brochures, multimedia presentations, web pages, promotional products, technical illustrations, and computer artwork for use in products, technical manuals, literature, newsletters, and slide shows."
63,1,0,Museum Technicians and Conservators,"Install, arrange, assemble, and prepare artifacts for exhibition, ensuring the artifacts' safety, reporting their status and condition, and identifying and correcting any problems with the set up."
67,1,0,"First-Line Supervisors of Farming, Fishing, and Forestry Workers","Monitor or oversee construction projects, such as horticultural buildings or irrigation systems."
68,1,0,Airfield Operations Specialists,Post visual display boards and status boards.
70,1,0,Machinists,"Study sample parts, blueprints, drawings, or engineering information to determine methods or sequences of operations needed to fabricate products."
72,1,0,Tellers,"Perform clerical tasks, such as typing, filing, and microfilm photography."
74,1,2,Set and Exhibit Designers,"Prepare rough drafts and scale working drawings of sets, including floor plans, scenery, and properties to be constructed."
75,1,0,Construction and Building Inspectors,"Review and interpret plans, blueprints, site layouts, specifications, or construction methods to ensure compliance to legal requirements and safety regulations."
78,2,1,Marine Engineers and Naval Architects,"Design layout of craft interior, including cargo space, passenger compartments, ladder wells, and elevators."
83,1,0,Web Administrators,"Monitor Web developments through continuing education, reading, or participation in professional conferences, workshops, or groups."
86,2,1,Etchers and Engravers,"Transfer image to workpiece, using contact printer, pantograph stylus, silkscreen printing device, or stamp pad."
87,2,1,Nuclear Medicine Technologists,Produce a computer-generated or film image for interpretation by a physician.
89,0,2,Technical Writers,Draw sketches to illustrate specified materials or assembly sequence.
94,0,1,Surveying and Mapping Technicians,"Determine scales, line sizes, or colors to be used for hard copies of computerized maps, using plotters."
95,1,0,Etchers and Engravers,"Examine engraving for quality of cut, burrs, rough spots, and irregular or incomplete engraving."
97,0,1,Glaziers,Assemble and cement sections of stained glass together.
99,1,0,Cartographers and Photogrammetrists,"Collect information about specific features of the Earth, using aerial photography and other digital remote sensing techniques."
100,2,1,Photographers,Develop visual aids and charts for use in lectures or to present evidence in court.
102,0,1,Photographic Process Workers and Processing Machine Operators,Splice broken or separated film and mount film on reels.
108,0,1,Intelligence Analysts,"Prepare comprehensive written reports, presentations, maps, or charts, based on research, collection, and analysis of intelligence data."
111,1,0,Mechatronics Engineers,"Design mechatronics components for computer-controlled products, such as cameras, video recorders, automobiles, or airplanes."
114,1,0,Network and Computer Systems Administrators,"Recommend changes to improve systems and network configurations, and determine hardware or software requirements related to such changes."
119,1,0,Human Factors Engineers and Ergonomists,"Prepare reports or presentations summarizing results or conclusions of human factors engineering or ergonomics activities, such as testing, investigation, or validation."
120,1,2,Commercial and Industrial Designers,"Prepare sketches of ideas, detailed drawings, illustrations, artwork, or blueprints, using drafting instruments, paints and brushes, or computer-aided design equipment."
121,2,1,Word Processors and Typists,"Adjust settings for format, page layout, line spacing, and other style requirements."
122,1,2,"Camera Operators, Television, Video, and Film","Operate television or motion picture cameras to record scenes for television broadcasts, advertising, or motion pictures."
123,1,2,Geographers,"Create and modify maps, graphs, or diagrams, using geographical information software and related equipment, and principles of cartography, such as coordinate systems, longitude, latitude, elevation, topography, and map scales."
128,2,0,Photonics Engineers,"Develop optical or imaging systems, such as optical imaging products, optical components, image processes, signal process technologies, or optical systems."
134,1,0,Loss Prevention Managers,"Verify correct use and maintenance of physical security systems, such as closed-circuit television, merchandise tags, and burglar alarms."
136,1,2,"Camera Operators, Television, Video, and Film","Operate zoom lenses, changing images according to specifications and rehearsal instructions."
138,1,0,"Painting, Coating, and Decorating Workers",Examine finished surfaces of workpieces to verify conformance to specifications and retouch any defective areas.
139,1,0,Traffic Technicians,"Study traffic delays by noting times of delays, the numbers of vehicles affected, and vehicle speed through the delay area."
142,1,0,"Education Administrators, Kindergarten through Secondary","Organize and direct committees of specialists, volunteers, and staff to provide technical and advisory assistance for programs."
143,2,1,Media Technical Directors/Managers,"Switch between video sources in a studio or on multi-camera remotes, using equipment such as switchers, video slide projectors, and video effects generators."
147,1,0,Intelligence Analysts,"Gather and evaluate information, using tools such as aerial photographs, radar equipment, or sensitive radio equipment."
149,1,0,"Grinding and Polishing Workers, Hand",Study blueprints or layouts to determine how to lay out workpieces or saw out templates.
152,2,0,Desktop Publishers,Study layout or other design instructions to determine work to be done and sequence of operations.
153,2,1,Financial and Investment Analysts,"Draw charts and graphs, using computer spreadsheets, to illustrate technical reports."
154,1,2,Wind Energy Engineers,"Create or maintain wind farm layouts, schematics, or other visual documentation for wind farms."
155,1,0,"Airline Pilots, Copilots, and Flight Engineers",Coordinate flight activities with ground crews and air traffic control and inform crew members of flight and test procedures.
156,2,1,"Environmental Scientists and Specialists, Including Health","Prepare charts or graphs from data samples, providing summary information on the environmental relevance of the data."
159,2,0,Geographic Information Systems Technologists and Technicians,Interpret aerial or ortho photographs.
161,2,1,Atmospheric and Space Scientists,"Create visualizations to illustrate historical or future changes in the Earth's climate, using paleoclimate or climate geographic information systems (GIS) databases."
164,1,0,Real Estate Brokers,"Give buyers virtual tours of properties in which they are interested, using computers."
165,1,0,Electrical and Electronics Drafters,"Train students to use drafting machines and to prepare schematic diagrams, block diagrams, control drawings, logic diagrams, integrated circuit drawings, or interconnection diagrams."
167,2,1,Web and Digital Interface Designers,"Develop Web site maps, application models, image templates, or page templates that meet project goals, user needs, or industry standards."
168,1,0,"Computer, Automated Teller, and Office Machine Repairers","Read specifications, such as blueprints, charts, or schematics, to determine machine settings or adjustments."
169,2,1,Photographers,"Develop and print exposed film, using chemicals, touch-up tools, and developing and printing equipment."
170,0,1,Fashion Designers,Direct and coordinate workers involved in drawing and cutting patterns and constructing samples or finished garments.
171,1,0,"Career/Technical Education Teachers, Secondary School","Use computers, audio-visual aids, and other equipment and materials to supplement presentations."
173,0,1,Architectural and Civil Drafters,"Determine the order of work and method of presentation, such as orthographic or isometric drawing."
174,1,2,Art Directors,"Formulate basic layout design or presentation approach and specify material details, such as style and size of type, photographs, graphics, animation, video, and sound."
175,1,2,"Fine Artists, Including Painters, Sculptors, and Illustrators","Create finished art work as decoration, or to elucidate or substitute for spoken or written messages."
177,1,0,"Layout Workers, Metal and Plastic","Plan and develop layouts from blueprints and templates, applying knowledge of trigonometry, design, effects of heat, and properties of metals."
181,1,0,Video Game Designers,"Present new game design concepts to management and technical colleagues, including artists, animators, and programmers."
182,1,0,Web Administrators,"Collaborate with Web developers to create and operate internal and external Web sites, or to manage projects, such as e-marketing campaigns."
184,0,1,Financial and Investment Analysts,Create client presentations of plan details.
188,1,0,Dental Hygienists,Expose and develop x-ray film.
190,2,0,Nanosystems Engineers,"Generate high-resolution images or measure force-distance curves, using techniques such as atomic force microscopy."
191,0,2,Electrical and Electronics Drafters,Visit proposed installation sites and draw rough sketches of location.
194,0,1,"Psychology Teachers, Postsecondary","Develop and use multimedia course materials and other current technology, such as online courses."
195,0,1,Merchandise Displayers and Window Trimmers,"Arrange properties, furniture, merchandise, backdrops, or other accessories, as shown in prepared sketches."
