occupation,task,score_0_1_2,rater_A,rater_B,rater_C
Architectural and Civil Drafters,"Coordinate structural, electrical, and mechanical designs and determine a method of presentation to graphically represent building plans.",1,1,1,1
"Potters, Manufacturing","Prepare work for sale or exhibition, and maintain relationships with retail, pottery, art, and resource networks that can facilitate sale or exhibition of work.",0,0,0,0
Web and Digital Interface Designers,Develop new visual design concepts and modify concepts based on stakeholder feedback.,2,2,2,2
Producers and Directors,Cut and edit film or tape to integrate component parts into desired sequences.,1,1,1,1
Agricultural Equipment Operators,"Spray fertilizer or pesticide solutions to control insects, fungus and weed growth, and diseases, using hand sprayers.",2,1,2,2
"Camera Operators, Television, Video, and Film","Set up cameras, optical printers, and related equipment to produce photographs and special effects.",2,2,2,2
Camera and Photographic Equipment Repairers,"Assemble aircraft cameras, still or motion picture cameras, photographic equipment, or frames, using diagrams, blueprints, bench machines, hand tools, or power tools.",2,2,2,2
Probation Officers and Correctional Treatment Specialists,"Develop and prepare packets containing information about social service agencies, assistance organizations, and programs that might be useful for inmates or offenders.",0,0,0,0
"Computer Science Teachers, Postsecondary",Develop and maintain Web sites for online courses.,0,0,0,0
Radiologists,"Instruct radiologic staff in desired techniques, positions, or projections.",1,1,1,1
"Hairdressers, Hairstylists, and Cosmetologists","Attach wigs or hairpieces to model heads and dress wigs and hairpieces according to instructions, samples, sketches or photographs.",2,2,2,2
Online Merchants,"Upload digital media, such as photos, video, or scanned images to online storefront, auction sites, or other shopping Web sites.",0,0,0,0
Web and Digital Interface Designers,Develop and document style guidelines for Web site content.,1,1,1,1
Civil Engineers,"Plan and design transportation or hydraulic systems or structures, using computer-assisted design or drawing tools.",1,1,1,1
Receptionists and Information Clerks,Keep a current record of staff members' whereabouts and availability.,0,0,0,0
Stonemasons,"Shape, trim, face and cut marble or stone preparatory to setting, using power saws, cutting equipment, and hand tools.",2,2,2,2
Transportation Engineers,Prepare final project layout drawings that include details such as stress calculations.,1,1,1,1
"Painters, Construction and Maintenance","Use special finishing techniques such as sponging, ragging, layering, or faux finishing.",2,2,2,2
"Special Education Teachers, Kindergarten",Modify the general kindergarten education curriculum for students with disabilities.,0,0,0,0
Tile and Stone Setters,Determine and implement the best layout to achieve a desired pattern.,2,2,2,2
Advertising and Promotions Managers,Analyze marketing or sales trends to forecast future conditions.,0,0,0,0
Actors,"Prepare and perform action stunts for motion picture, television, or stage productions.",2,2,2,2
Genetic Counselors,Refer patients to specialists or community resources.,0,0,0,0
Intelligence Analysts,"Operate cameras, radios, or other surveillance equipment to intercept communications or document activities.",1,1,2,1
"Mathematical Science Teachers, Postsecondary","Serve on academic or administrative committees that deal with institutional policies, departmental matters, and academic issues.",0,0,0,0
"Coating, Painting, and Spraying Machine Setters, Operators, and Tenders","Disassemble, clean, and reassemble sprayers or power equipment, using solvents, wire brushes, and cloths.",2,2,2,2
Historians,"Gather historical data from sources such as archives, court records, diaries, news files, and photographs, as well as from books, pamphlets, and periodicals.",1,0,1,1
Mechanical Door Repairers,"Install dock seals, bumpers, or shelters.",2,2,2,2
Construction Laborers,"Measure, mark, or record openings or distances to layout areas where construction work will be performed.",2,2,2,2
Actors,"Work with other crew members responsible for lighting, costumes, make-up, and props.",1,1,1,1
Art Directors,Review illustrative material to determine if it conforms to standards and specifications.,1,1,1,1
Computer Systems Analysts,"Use object-oriented programming languages, as well as client and server applications development processes and multimedia and Internet technology.",0,0,0,0
Chiropractors,"Counsel patients about nutrition, exercise, sleeping habits, stress management, or other matters.",0,0,0,0
Nanosystems Engineers,"Design or engineer nanomaterials, nanodevices, nano-enabled products, or nanosystems, using three-dimensional computer-aided design (CAD) software.",1,1,1,1
Digital Forensics Analysts,Create system images or capture network settings from information technology environments to preserve as evidence.,0,0,0,0
Advertising Sales Agents,Prepare and deliver sales presentations to new and existing customers to sell new advertising programs and to protect and increase existing advertising.,0,0,0,0
Web Administrators,Develop Web site performance metrics.,0,0,0,0
Photonics Engineers,"Select, purchase, set up, operate, or troubleshoot state-of-the-art laser cutting equipment.",1,1,1,1
Costume Attendants,"Collaborate with production designers, costume designers, or other production staff to discuss and execute costume design details.",2,1,2,2
"Stone Cutters and Carvers, Manufacturing","Study artistic objects or graphic materials, such as models, sketches, or blueprints, to plan carving or cutting techniques.",1,2,1,1
"Milling and Planing Machine Setters, Operators, and Tenders, Metal and Plastic","Study blueprints, layouts, sketches, or work orders to assess workpiece specifications and to determine tooling instructions, tools and materials needed, and sequences of operations.",1,1,1,1
"Fine Artists, Including Painters, Sculptors, and Illustrators","Create sculptures, statues, and other three-dimensional artwork by using abrasives and tools to shape, carve, and fabricate materials such as clay, stone, wood, or metal.",2,2,2,2
Demonstrators and Product Promoters,"Provide product information, using lectures, films, charts, or slide shows.",0,0,0,0
Prepress Technicians and Workers,Examine unexposed photographic plates to detect flaws or foreign particles prior to printing.,1,1,1,1
Art Directors,Prepare detailed storyboards showing sequence and timing of story development for television production.,1,1,2,1
Desktop Publishers,"Operate desktop publishing software and equipment to design, lay out, and produce camera-ready copy.",1,1,1,1
Interior Designers,Use computer-aided drafting (CAD) and related software to produce construction documents.,1,1,1,1
Billing and Posting Clerks,Post stop-payment notices to prevent payment of protested checks.,0,0,0,0
Electrical and Electronics Drafters,Draw master sketches to scale showing relation of proposed installations to existing facilities and exact specifications and dimensions.,1,1,1,1
Stationary Engineers and Boiler Operators,Check the air quality of ventilation systems and make adjustments to ensure compliance with mandated safety codes.,0,0,0,0
Photographic Process Workers and Processing Machine Operators,"Produce color or black-and-white photographs, negatives, or slides, applying standard photographic reproduction techniques and procedures.",0,0,0,0
Electro-Mechanical and Mechatronics Technologists and Technicians,"Produce electrical, electronic, or mechanical drawings or other related documents or graphics necessary for electromechanical design, using computer-aided design (CAD) software.",1,1,1,0
Carpenters,"Study specifications in blueprints, sketches, or building plans to prepare project layout and determine dimensions and materials required.",1,1,1,1
Geographic Information Systems Technologists and Technicians,"Produce data layers, maps, tables, or reports, using spatial analysis procedures or Geographic Information Systems (GIS) technology, equipment, or systems.",0,0,0,0
Biostatisticians,Prepare articles for publication or presentation at professional conferences.,0,0,0,0
Special Effects Artists and Animators,"Script, plan, and create animated narrative sequences under tight deadlines, using computer software and hand drawing techniques.",2,2,2,2
Special Effects Artists and Animators,"Develop briefings, brochures, multimedia presentations, web pages, promotional products, technical illustrations, and computer artwork for use in products, technical manuals, literature, newsletters, and slide shows.",1,1,1,2
Clinical and Counseling Psychologists,Conduct research to develop or improve diagnostic or therapeutic counseling techniques.,0,0,0,0
Magnetic Resonance Imaging Technologists,Create backup copies of images by transferring images from disk to storage media or workstation.,0,0,0,0
Film and Video Editors,Mark frames where a particular shot or piece of sound is to begin or end.,0,0,1,0
Special Effects Artists and Animators,Use models to simulate the behavior of animated objects in the finished sequence.,1,1,1,1
Web and Digital Interface Designers,"Direct and execute pre-production activities, such as creating moodboards or storyboards and establishing a project timeline.",2,2,2,2
Museum Technicians and Conservators,"Install, arrange, assemble, and prepare artifacts for exhibition, ensuring the artifacts' safety, reporting their status and condition, and identifying and correcting any problems with the set up.",2,2,2,2
"Tax Examiners and Collectors, and Revenue Agents",Secure a taxpayer's agreement to discharge a tax assessment or submit contested determinations to other administrative or judicial conferees for appeals hearings.,0,0,0,0
"Fine Artists, Including Painters, Sculptors, and Illustrators","Create and prepare sketches and model drawings of cartoon characters, providing details from memory, live models, manufactured products, or reference materials.",2,2,2,2
Astronomers,Review scientific proposals and research papers.,0,0,0,0
"First-Line Supervisors of Farming, Fishing, and Forestry Workers","Monitor or oversee construction projects, such as horticultural buildings or irrigation systems.",1,1,1,1
Airfield Operations Specialists,Post visual display boards and status boards.,0,0,0,1
"Cooks, Restaurant","Wash, peel, cut, and seed fruits and vegetables to prepare them for consumption.",2,1,2,2
Machinists,"Study sample parts, blueprints, drawings, or engineering information to determine methods or sequences of operations needed to fabricate products.",1,1,1,1
Advertising Sales Agents,"Arrange for commercial taping sessions, and accompany clients to sessions.",0,0,0,0
Tellers,"Perform clerical tasks, such as typing, filing, and microfilm photography.",0,0,0,0
Librarians and Media Collections Specialists,Assemble and arrange display materials.,2,2,2,2
Set and Exhibit Designers,"Prepare rough drafts and scale working drawings of sets, including floor plans, scenery, and properties to be constructed.",2,2,1,2
Construction and Building Inspectors,"Review and interpret plans, blueprints, site layouts, specifications, or construction methods to ensure compliance to legal requirements and safety regulations.",1,1,1,1
Web and Digital Interface Designers,Create searchable indices for Web page content.,0,0,0,0
Agricultural Engineers,"Prepare reports, sketches, working drawings, specifications, proposals, and budgets for proposed sites or systems.",1,1,1,1
Marine Engineers and Naval Architects,"Design layout of craft interior, including cargo space, passenger compartments, ladder wells, and elevators.",1,1,1,1
Art Therapists,Photograph or videotape client artwork for inclusion in client records or for promotional purposes.,1,1,1,1
Audio and Video Technicians,Edit videotapes by erasing and removing portions of programs and adding video or sound as required.,1,1,1,1
Loan Officers,"Set credit policies, credit lines, procedures and standards in conjunction with senior managers.",0,0,0,0
Orderlies,"Collect and transport infectious or hazardous waste in closed containers for sterilization or disposal, in accordance with applicable law, standards, or policies.",1,1,1,1
Web Administrators,"Monitor Web developments through continuing education, reading, or participation in professional conferences, workshops, or groups.",0,0,0,0
Marketing Managers,"Identify, develop, or evaluate marketing strategy, based on knowledge of establishment objectives, market characteristics, and cost and markup factors.",0,0,0,0
Anthropologists and Archeologists,Organize public exhibits and displays to promote public awareness of diverse and distinctive cultural traditions.,2,2,2,2
Etchers and Engravers,"Transfer image to workpiece, using contact printer, pantograph stylus, silkscreen printing device, or stamp pad.",1,1,1,1
Nuclear Medicine Technologists,Produce a computer-generated or film image for interpretation by a physician.,0,0,0,0
"Career/Technical Education Teachers, Middle School","Sponsor extracurricular activities, such as clubs, student organizations, and academic contests.",0,0,0,0
Technical Writers,Draw sketches to illustrate specified materials or assembly sequence.,1,1,1,1
Geographic Information Systems Technologists and Technicians,Select cartographic elements needed for effective presentation of information.,1,1,1,1
Industrial-Organizational Psychologists,Identify training and development needs.,0,0,0,0
Traffic Technicians,"Prepare graphs, charts, diagrams, or other aids to illustrate observations or conclusions.",0,0,0,0
Special Effects Artists and Animators,"Apply story development, directing, cinematography, and editing to animation to create storyboards that show the flow of the animation and map out key scenes and characters.",2,2,2,2
Surveying and Mapping Technicians,"Determine scales, line sizes, or colors to be used for hard copies of computerized maps, using plotters.",0,0,0,0
Etchers and Engravers,"Examine engraving for quality of cut, burrs, rough spots, and irregular or incomplete engraving.",1,2,1,1
"Securities, Commodities, and Financial Services Sales Agents",Explain stock market terms or trading practices to clients.,0,0,0,0
Glaziers,Assemble and cement sections of stained glass together.,2,2,2,2
"Career/Technical Education Teachers, Postsecondary",Provide individualized instruction and tutorial or remedial instruction.,0,0,0,0
Cartographers and Photogrammetrists,"Collect information about specific features of the Earth, using aerial photography and other digital remote sensing techniques.",1,1,1,1
Photographers,Develop visual aids and charts for use in lectures or to present evidence in court.,1,1,1,1
Nuclear Engineers,"Prepare environmental impact statements, reports, or presentations for regulatory or other agencies.",0,0,0,0
Photographic Process Workers and Processing Machine Operators,Splice broken or separated film and mount film on reels.,1,1,1,2
Producers and Directors,"Confer with technical directors, managers, crew members, and writers to discuss details of production, such as photography, script, music, sets, and costumes.",0,0,1,0
"Food Servers, Nonrestaurant",Remove trays and stack dishes for return to kitchen after meals are finished.,1,1,1,1
Photographers,"Manipulate and enhance scanned or digital images to create desired effects, using computers and specialized software.",1,1,1,1
Geographic Information Systems Technologists and Technicians,"Create visual representations of geospatial data, using complex procedures such as analytical modeling, three-dimensional renderings, or plot creation.",0,0,0,0
Audio and Video Technicians,"Plan and develop pre-production ideas into outlines, scripts, story boards, and graphics, using own ideas or specifications of assignments.",2,2,2,2
Intelligence Analysts,"Prepare comprehensive written reports, presentations, maps, or charts, based on research, collection, and analysis of intelligence data.",0,0,0,0
Tile and Stone Setters,"Brush glue onto manila paper on which design has been drawn and position tiles, finished side down, onto paper.",2,2,1,2
Tellers,Inform customers about foreign currency regulations and compute transaction fees for currency exchanges.,0,0,0,0
Mechatronics Engineers,"Design mechatronics components for computer-controlled products, such as cameras, video recorders, automobiles, or airplanes.",1,1,1,1
Appraisers of Personal and Business Property,Take photographs of property.,1,2,1,1
Electrical and Electronic Engineering Technologists and Technicians,"Design or modify engineering schematics for electrical transmission and distribution systems or for electrical installation in residential, commercial, or industrial buildings, using computer-aided design (CAD) software.",1,1,1,0
Network and Computer Systems Administrators,Recommend changes to improve systems and network configurations and determine hardware or software requirements related to such changes.,0,0,0,0
Photographic Process Workers and Processing Machine Operators,Retouch photographic negatives or original prints to correct defects.,1,1,1,1
Commercial Divers,"Take appropriate safety precautions, such as monitoring dive lengths and depths and registering with authorities before diving expeditions begin.",0,0,0,0
Cartographers and Photogrammetrists,"Examine and analyze data from ground surveys, reports, aerial photographs, and satellite images to prepare topographic maps, aerial-photograph mosaics, and related charts.",1,1,1,1
Cement Masons and Concrete Finishers,"Waterproof or restore concrete surfaces, using appropriate compounds.",2,2,2,2
Human Factors Engineers and Ergonomists,"Prepare reports or presentations summarizing results or conclusions of human factors engineering or ergonomics activities, such as testing, investigation, or validation.",0,0,0,0
Commercial and Industrial Designers,"Prepare sketches of ideas, detailed drawings, illustrations, artwork, or blueprints, using drafting instruments, paints and brushes, or computer-aided design equipment.",2,2,2,2
Word Processors and Typists,"Adjust settings for format, page layout, line spacing, and other style requirements.",0,0,2,0
"Camera Operators, Television, Video, and Film","Operate television or motion picture cameras to record scenes for television broadcasts, advertising, or motion pictures.",2,2,0,2
Geographers,"Create and modify maps, graphs, or diagrams, using geographical information software and related equipment, and principles of cartography, such as coordinate systems, longitude, latitude, elevation, topography, and map scales.",0,0,1,0
"Earth Drillers, Except Oil and Gas",Operate machines to flush earth cuttings or to blow dust from holes.,1,1,0,1
Financial and Investment Analysts,"Monitor fundamental economic, industrial, and corporate developments by analyzing information from financial publications and services, investment banking firms, government agencies, trade publications, company sources, or personal interviews.",0,0,1,0
Transportation Engineers,"Design or prepare plans for new transportation systems or parts of systems, such as airports, commuter trains, highways, streets, bridges, drainage structures, or roadway lighting.",1,1,1,1
Photographers,"Adjust apertures, shutter speeds, and camera focus according to a combination of factors, such as lighting, field depth, subject motion, film type, and film speed.",1,1,1,1
Photonics Engineers,"Develop optical or imaging systems, such as optical imaging products, optical components, image processes, signal process technologies, or optical systems.",1,1,2,1
"Fine Artists, Including Painters, Sculptors, and Illustrators","Confer with clients, editors, writers, art directors, and other interested parties regarding the nature and content of artwork to be produced.",1,1,1,1
Network and Computer Systems Administrators,"Research new technologies by attending seminars, reading trade articles, or taking classes, and implement or recommend the implementation of new technologies.",0,0,0,0
Film and Video Editors,"Cut shot sequences to different angles at specific points in scenes, making each individual cut as fluid and seamless as possible.",1,1,1,1
Industrial Engineering Technologists and Technicians,"Prepare layouts, drawings, or sketches of machinery or equipment, such as shop tooling, scale layouts, or new equipment design, using drafting equipment or computer-aided design (CAD) software.",1,1,1,1
"Compensation, Benefits, and Job Analysis Specialists",Plan and develop curricula and materials for training programs and conduct training.,0,0,0,0
Loss Prevention Managers,"Verify correct use and maintenance of physical security systems, such as closed-circuit television, merchandise tags, and burglar alarms.",1,1,1,1
Computer Hardware Engineers,"Specify power supply requirements and configuration, drawing on system performance expectations and design specifications.",0,0,0,0
"Camera Operators, Television, Video, and Film","Operate zoom lenses, changing images according to specifications and rehearsal instructions.",2,2,1,2
Bioinformatics Scientists,Develop data models and databases.,0,0,0,0
"Painting, Coating, and Decorating Workers",Examine finished surfaces of workpieces to verify conformance to specifications and retouch any defective areas.,2,2,2,2
Traffic Technicians,"Study traffic delays by noting times of delays, the numbers of vehicles affected, and vehicle speed through the delay area.",1,1,1,1
"Preschool Teachers, Except Special Education",Organize and label materials and display students' work in a manner appropriate for their ages and perceptual skills.,1,1,1,1
Public Relations Managers,"Produce films and other video products, regulate their distribution, and operate film library.",1,1,2,1
"Education Administrators, Kindergarten through Secondary","Organize and direct committees of specialists, volunteers, and staff to provide technical and advisory assistance for programs.",0,0,0,0
Media Technical Directors/Managers,"Switch between video sources in a studio or on multi-camera remotes, using equipment such as switchers, video slide projectors, and video effects generators.",1,1,1,1
Dietitians and Nutritionists,"Make recommendations regarding public policy, such as nutrition labeling, food fortification, or nutrition standards for school programs.",0,0,0,0
Weatherization Installers and Technicians,Clean and maintain tools and equipment.,1,0,1,1
Water/Wastewater Engineers,Design water distribution systems for potable or non-potable water.,1,1,1,1
Intelligence Analysts,"Gather and evaluate information, using tools such as aerial photographs, radar equipment, or sensitive radio equipment.",1,1,1,1
Postmasters and Mail Superintendents,Monitor employees' work schedules and attendance for payroll purposes.,0,0,0,0
"Grinding and Polishing Workers, Hand",Study blueprints or layouts to determine how to lay out workpieces or saw out templates.,1,1,1,1
Logistics Analysts,Develop or maintain payment systems to ensure accuracy of vendor payments.,0,0,0,0
Fuel Cell Engineers,Design or implement fuel cell testing or development programs.,0,0,0,0
Desktop Publishers,Study layout or other design instructions to determine work to be done and sequence of operations.,1,0,1,1
Financial and Investment Analysts,"Draw charts and graphs, using computer spreadsheets, to illustrate technical reports.",0,0,0,0
Wind Energy Engineers,"Create or maintain wind farm layouts, schematics, or other visual documentation for wind farms.",0,0,1,0
"Airline Pilots, Copilots, and Flight Engineers",Coordinate flight activities with ground crews and air traffic control and inform crew members of flight and test procedures.,0,0,0,0
"Environmental Scientists and Specialists, Including Health","Prepare charts or graphs from data samples, providing summary information on the environmental relevance of the data.",0,0,0,0
Wellhead Pumpers,Attach pumps and hoses to wellheads.,2,2,2,2
Media Technical Directors/Managers,Supervise and assign duties to workers engaged in technical control and production of radio and television programs.,0,0,0,0
Geographic Information Systems Technologists and Technicians,Interpret aerial or ortho photographs.,1,1,1,1
Range Managers,"Develop technical standards and specifications used to manage, protect, and improve the natural resources of range lands and related grazing lands.",0,0,0,0
Atmospheric and Space Scientists,"Create visualizations to illustrate historical or future changes in the Earth's climate, using paleoclimate or climate geographic information systems (GIS) databases.",0,0,0,0
Radiologic Technologists and Technicians,"Provide students or other technicians and technologists with suggestions of additional views, alternate positioning, or improved techniques to ensure the images produced are of the highest quality.",1,1,1,1
Urologists,"Refer patients to specialists when condition exceeds experience, expertise, or scope of practice.",0,0,0,0
Real Estate Brokers,"Give buyers virtual tours of properties in which they are interested, using computers.",0,0,0,0
Electrical and Electronics Drafters,"Train students to use drafting machines and to prepare schematic diagrams, block diagrams, control drawings, logic diagrams, integrated circuit drawings, or interconnection diagrams.",0,0,0,0
Cartographers and Photogrammetrists,"Prepare and alter trace maps, charts, tables, detailed drawings, and three-dimensional optical models of terrain using stereoscopic plotting and computer graphics equipment.",1,1,1,1
Web and Digital Interface Designers,"Develop Web site maps, application models, image templates, or page templates that meet project goals, user needs, or industry standards.",1,1,1,1
"Computer, Automated Teller, and Office Machine Repairers","Read specifications, such as blueprints, charts, or schematics, to determine machine settings or adjustments.",1,1,1,1
Photographers,"Develop and print exposed film, using chemicals, touch-up tools, and developing and printing equipment.",1,1,1,1
Fashion Designers,Direct and coordinate workers involved in drawing and cutting patterns and constructing samples or finished garments.,1,1,2,1
"Career/Technical Education Teachers, Secondary School","Use computers, audio-visual aids, and other equipment and materials to supplement presentations.",0,0,0,0
"Patternmakers, Wood","Lay out patterns on wood stock and draw outlines of units, sectional patterns, or full-scale mock-ups of products, based on blueprint specifications and sketches, and using marking and measuring devices.",2,2,2,2
Architectural and Civil Drafters,"Determine the order of work and method of presentation, such as orthographic or isometric drawing.",1,1,1,0
Art Directors,"Formulate basic layout design or presentation approach and specify material details, such as style and size of type, photographs, graphics, animation, video, and sound.",2,2,2,2
"Fine Artists, Including Painters, Sculptors, and Illustrators","Create finished art work as decoration, or to elucidate or substitute for spoken or written messages.",2,2,2,2
Photographers,"Enhance, retouch, and resize photographs and negatives, using airbrushing and other techniques.",1,1,1,1
"Layout Workers, Metal and Plastic","Plan and develop layouts from blueprints and templates, applying knowledge of trigonometry, design, effects of heat, and properties of metals.",1,1,1,2
Etchers and Engravers,"Engrave and print patterns, designs, etchings, trademarks, or lettering onto flat or curved surfaces of a wide variety of metal, glass, plastic, or paper items, using hand tools or hand-held power tools.",2,2,2,2
Art Directors,Create custom illustrations or other graphic elements.,2,2,2,2
Refuse and Recyclable Material Collectors,Dump refuse or recyclable materials at disposal sites.,1,1,1,1
Video Game Designers,"Present new game design concepts to management and technical colleagues, including artists, animators, and programmers.",1,0,1,1
Web Administrators,"Collaborate with Web developers to create and operate internal and external Web sites, or to manage projects, such as e-marketing campaigns.",0,0,0,0
Clinical Nurse Specialists,Collaborate with other health care professionals and service providers to ensure optimal patient care.,0,0,0,0
Financial and Investment Analysts,Create client presentations of plan details.,0,0,0,0
Automotive Body and Related Repairers,Soak fiberglass matting in resin mixtures and apply layers of matting over repair areas to specified thicknesses.,2,2,2,2
Historians,Edit historical society publications.,0,0,0,0
Graphic Designers,"Mark up, paste, and assemble final layouts to prepare layouts for printer.",1,1,1,1
Dental Hygienists,Expose and develop x-ray film.,0,0,1,0
Mechanical Drafters,"Lay out and draw schematic, orthographic, or angle views to depict functional relationships of components, assemblies, systems, and machines.",1,1,1,1
Nanosystems Engineers,"Generate high-resolution images or measure force-distance curves, using techniques such as atomic force microscopy.",1,1,1,0
Electrical and Electronics Drafters,Visit proposed installation sites and draw rough sketches of location.,2,2,2,2
"Layout Workers, Metal and Plastic",Inspect machined parts to verify conformance to specifications.,1,1,1,2
Ophthalmic Medical Technicians,Maintain ophthalmic instruments or equipment.,1,1,1,1
"Psychology Teachers, Postsecondary","Develop and use multimedia course materials and other current technology, such as online courses.",0,0,0,0
Merchandise Displayers and Window Trimmers,"Arrange properties, furniture, merchandise, backdrops, or other accessories, as shown in prepared sketches.",2,2,2,2
Shuttle Drivers and Chauffeurs,"Perform routine vehicle maintenance, such as regulating tire pressure and adding gasoline, oil, and water.",1,0,1,1
Search Marketing Strategists,"Execute or manage banner, video, or other non-text link ad campaigns.",0,0,0,0
Film and Video Editors,"Manipulate plot, score, sound, and graphics to make the parts into a continuous whole, working closely with people in audio, visual, music, optical, or special effects departments.",1,1,2,1
Pipelayers,Install or repair sanitary or stormwater sewer structures or pipe systems.,2,2,2,2
"Business Teachers, Postsecondary","Maintain student attendance records, grades, and other required records.",0,0,0,0
