geo,E_AI_BCDP,E_AI_BCST,E_AI_BLE,E_AI_BLEG,tpvsg
AT,50.21,27.55,67.87,50.1,13.08
BE,50.91,35.52,74.53,57.86,17.32
BG,47.68,55.68,72.69,50.29,4.52
CY,48.26,40.64,68.27,54.49,4.68
DE,60.01,32.35,72.07,62.22,13.52
DK,45.53,17.99,82.06,47.7,17.66
EL,46.26,54.33,61.82,43.36,4.02
ES,53.79,47.37,82.35,51.31,11.38
FI,46.12,26.11,65.57,42.47,21.55
HR,35.87,64.84,63.58,50.31,7.04
HU,51.65,43.18,65.5,51.29,4.65
IT,43.21,42.98,58.61,47.26,7.04
LU,54.68,39.35,77.99,55.45,14.21
LV,57.98,41.75,63.21,50.2,5.48
MT,28.5,39.93,56.63,31.23,7.13
NL,47.34,21.56,78.39,37.89,14.92
NO,40.3,21.21,77.05,34.93,13.05
PL,49.44,55.52,62.55,52.3,2.75
PT,55.38,60.43,74.4,57.35,5.88
SE,49.08,24.99,74.68,39.21,18.67
SI,50.34,41.8,68.55,56.17,6.05
SK,51.53,48.5,57.87,54.2,10.93
TR,61.47,67.38,74.41,62.33,4.75
