isco,2019,2020,2021,2022,2023,2024,2025
NRP,428.5,2088.0,1236.7,901.4,834.6,940.4,768.4
OC0,1251.8,1212.8,1154.7,1180.5,1186.7,1222.1,1232.1
OC01,209.0,215.0,214.8,223.6,245.8,265.6,271.1
OC02,346.9,345.3,316.8,344.0,339.7,358.3,382.8
OC03,683.3,638.8,604.5,597.3,587.9,586.1,568.3
OC1,9975.4,9554.6,9514.7,9956.4,10115.0,10466.7,10778.0
OC11,1498.0,1358.8,1480.2,1517.2,1565.9,1603.7,1579.9
OC12,2592.1,2477.7,2511.5,2669.7,2752.1,2865.3,2954.7
OC13,3612.8,3475.4,3172.7,3317.2,3367.1,3539.2,3716.6
OC14,2248.3,2223.7,2330.6,2434.6,2402.5,2421.0,2485.8
OC2,37501.2,39175.2,41325.9,42535.7,44112.4,45631.1,46949.8
OC21,6064.6,6251.2,6784.8,6982.7,7277.1,7533.8,7904.6
OC22,5369.0,5482.1,5595.0,5669.1,5864.4,6069.5,6231.2
OC23,9542.0,10299.9,10549.9,10587.2,10782.2,10871.5,10966.5
OC24,7446.4,7742.5,8304.6,8763.3,9283.3,9704.2,10107.4
OC25,3579.5,3870.3,4296.8,4610.0,4921.2,5261.3,5423.0
OC26,5483.2,5505.8,5691.3,5810.8,5872.7,6084.1,6196.4
OC3,32772.2,31273.7,30961.9,31399.4,31860.5,32213.0,32377.2
OC31,7727.9,7497.7,6820.6,6847.5,6908.1,6957.7,6917.7
OC32,6031.2,5926.2,5984.4,6039.0,6176.5,6225.8,6205.6
OC33,13220.7,12785.9,12870.8,12959.6,13131.3,13261.7,13374.5
OC34,4056.2,3213.9,3325.0,3508.4,3580.4,3691.6,3845.7
OC35,1734.5,1848.8,1950.9,2034.7,2055.9,2067.2,2021.4
OC4,18525.5,18713.3,19288.5,19736.9,19515.0,19389.8,19048.7
OC41,6462.4,7627.8,8162.3,8460.1,8357.1,8075.1,7911.7
OC42,3701.2,3547.1,3559.2,3581.0,3524.0,3576.1,3533.7
OC43,6744.7,5880.5,5865.7,6051.6,6011.2,6130.8,6014.2
OC44,1601.9,1638.4,1665.5,1616.6,1601.9,1592.2,1573.9
OC5,32223.4,30361.9,30018.4,31314.1,31848.8,32075.3,32206.2
OC51,9540.0,8608.3,7603.0,8406.5,8757.9,8901.3,8957.7
OC52,13801.3,12883.9,13119.7,13481.5,13535.1,13434.8,13434.3
OC53,5912.0,5756.1,6061.5,6244.3,6433.0,6605.3,6663.9
OC54,2969.8,3113.3,3233.1,3180.5,3121.7,3133.6,3149.8
OC6,6415.3,6297.8,5457.9,5460.3,5335.9,4996.6,4786.1
OC61,5662.1,5413.1,5144.9,5158.8,5052.8,4737.3,4523.2
OC62,276.3,267.6,281.0,281.5,268.1,246.5,254.4
OC63,476.4,616.7,31.6,19.6,13.7,12.0,
OC7,23257.6,22292.1,22650.6,22865.4,22754.1,22735.2,22817.4
OC71,7632.6,7201.3,7476.0,7621.2,7598.8,7594.9,7528.6
OC72,7464.0,7352.6,7388.1,7356.7,7320.8,7351.7,7446.7
OC73,992.0,934.9,905.7,923.9,904.6,910.4,916.4
OC74,3142.8,2913.9,3012.8,3067.1,3032.8,3094.7,3156.6
OC75,4001.5,3852.4,3808.8,3847.4,3845.4,3752.1,3742.3
OC8,15188.3,14565.9,14642.9,15004.4,14830.4,14598.0,14166.2
OC81,5048.2,4930.7,4858.3,4979.4,4807.7,4660.1,4395.3
OC82,1829.8,1734.0,1770.6,1810.5,1719.4,1632.6,1440.4
OC83,8309.6,7899.9,8010.1,8210.2,8299.5,8298.9,8322.3
OC9,17256.1,16145.1,16319.0,16590.6,16623.0,16424.9,16497.3
OC91,7091.9,6569.0,6276.4,6376.1,6344.6,6261.9,6397.5
OC92,1401.3,1359.1,1545.4,1480.9,1495.9,1442.4,1405.6
OC93,5334.8,5008.2,5265.0,5361.2,5344.4,5238.3,5239.9
OC94,1423.5,1247.1,1258.4,1418.2,1464.5,1543.6,1500.1
OC95,152.2,129.0,112.4,106.2,93.0,102.1,98.8
OC96,1849.1,1829.2,1840.0,1839.8,1871.6,1828.4,1841.9
TOTAL,194795.4,191680.5,192571.0,196945.1,199016.5,200693.1,201627.5
