time,A01,A02,A03,B05,B06,B07,B08,B09,C10,C11,C12,C13,C14,C15,C16,C17,C18,C19,C20,C21,C22,C23,C24,C25,C26,C27,C28,C29,C30,C31,C32,C33,D35,E36,E37,E38,E39,F41,F42,F43,G45,G46,G47,H49,H50,H51,H52,H53,I55,I56,J58,J59,J60,J61,J62,J63,K64,K65,K66,L68,M69,M70,M71,M72,M73,M74,M75,N77,N78,N79,N80,N81,N82,O84,P85,Q86,Q87,Q88,R90,R91,R92,R93,S94,S95,S96,T97,T98,U99
2015,8777.2,526.7,138.9,289.3,64.6,51.6,204.8,51.9,4175.8,385.9,49.7,570.5,1112.6,491.5,955.7,595.5,710.2,161.4,1191.7,713.1,1475.0,1175.2,1058.3,3328.6,1357.6,1262.1,3124.6,3056.8,803.1,1076.0,1035.9,1062.8,1377.7,379.5,134.5,919.3,54.8,3920.0,1320.8,7344.9,3470.9,6775.2,16520.9,5179.5,264.6,359.1,2556.6,1452.9,2157.4,6525.4,958.1,363.9,290.8,932.9,2451.7,367.5,3184.7,1036.5,1035.9,1492.2,3067.5,1343.2,2561.2,797.0,831.4,1077.4,220.8,358.0,717.3,520.0,1198.3,3661.1,1303.4,13342.8,13527.3,11396.8,4069.8,4327.9,953.4,503.9,312.6,1240.4,1567.1,429.8,2504.0,2230.4,44.7,138.9
2016,8413.3,519.8,141.9,273.0,63.3,56.0,208.5,49.6,4236.6,399.4,49.7,574.2,1108.1,488.9,959.2,568.3,711.2,158.6,1226.2,717.9,1526.5,1200.5,1074.8,3383.7,1384.6,1326.5,3158.3,3174.6,864.4,1099.8,1056.7,1099.1,1382.3,396.6,131.5,891.9,61.7,3949.8,1317.7,7399.7,3570.4,6916.1,16663.3,5317.2,278.3,345.9,2666.5,1487.1,2329.4,6686.0,1006.4,372.9,288.5,909.6,2561.9,367.9,3234.3,1023.1,1062.5,1464.8,3180.3,1413.0,2595.9,820.2,847.0,1116.1,222.0,383.8,768.7,527.9,1237.0,3690.4,1318.2,13440.6,13680.4,11651.7,4138.6,4420.8,970.4,505.5,320.4,1292.2,1610.3,421.3,2560.3,2207.2,50.0,142.5
2017,8300.8,530.9,149.7,257.7,57.5,59.1,197.9,45.6,4269.2,407.3,51.1,584.5,1101.0,516.0,945.0,587.5,683.1,165.1,1253.6,726.9,1616.6,1232.3,1090.1,3436.6,1392.4,1321.2,3177.3,3275.0,882.7,1156.9,1135.0,1117.7,1371.2,398.7,149.4,937.0,61.0,4031.4,1342.9,7594.9,3618.3,7014.6,16703.4,5393.2,278.5,352.4,2838.6,1487.0,2338.7,6858.6,1017.4,388.0,275.6,895.4,2731.7,381.3,3220.4,1025.7,1077.1,1507.9,3235.7,1492.9,2668.7,818.3,868.5,1138.5,221.9,378.1,791.0,547.1,1249.7,3731.8,1335.4,13496.5,13864.8,11821.8,4290.4,4487.7,1013.7,510.0,307.0,1305.3,1664.2,406.1,2635.1,2200.3,54.4,154.2
2018,8083.8,511.2,143.5,247.6,51.7,54.0,191.4,50.7,4259.9,412.8,54.7,593.4,1049.9,508.3,999.9,587.9,674.2,163.5,1281.9,717.8,1636.9,1227.0,1075.9,3550.2,1424.0,1323.6,3246.5,3334.6,861.2,1141.4,1138.0,1128.7,1375.0,405.4,152.5,970.9,65.0,4086.5,1380.6,7718.7,3606.5,7038.4,16769.8,5511.9,283.2,372.7,2864.3,1458.4,2379.6,7009.5,1060.5,406.4,269.3,878.4,2934.6,400.5,3171.2,1027.3,1093.4,1522.6,3247.7,1515.6,2776.1,828.7,873.9,1165.4,236.3,396.1,812.7,567.1,1231.7,3779.4,1381.1,13592.3,14137.4,11952.9,4355.3,4580.5,1002.2,527.0,314.5,1322.1,1685.6,418.5,2672.0,2194.6,53.8,168.2
2019,7884.1,511.5,135.0,251.4,55.3,53.7,197.8,47.0,4258.6,425.2,51.8,605.6,1038.5,480.4,990.3,587.3,683.1,167.2,1260.1,769.3,1591.1,1232.4,1058.7,3541.9,1416.1,1318.2,3313.5,3342.5,922.3,1107.0,1157.3,1175.3,1421.8,415.4,149.2,1010.7,58.4,4220.0,1380.8,7808.7,3666.1,7087.2,16711.4,5570.1,303.2,413.9,2920.3,1471.9,2390.6,7078.5,1092.3,416.7,273.9,854.3,3195.7,395.6,3145.8,994.8,1152.7,1538.6,3358.6,1506.6,2848.3,895.0,890.3,1205.3,258.0,440.6,794.2,574.1,1222.2,3868.6,1408.7,13605.4,14451.3,12277.1,4445.4,4651.8,1046.3,527.9,325.1,1375.8,1677.1,403.8,2725.9,2122.5,47.7,158.7
2020,7687.0,509.8,141.0,248.7,57.9,55.6,205.9,46.3,4045.1,388.6,54.2,603.1,989.0,443.8,1009.6,605.7,676.8,161.0,1263.1,849.8,1466.4,1182.6,1043.1,3595.3,1275.1,1425.2,3200.4,3275.6,893.9,1182.6,1303.1,1209.6,1472.1,431.6,137.4,998.9,64.7,3853.7,1291.7,7727.0,3411.3,6784.3,16359.0,5470.0,313.5,390.4,2654.0,1425.9,1974.0,6290.6,772.6,385.2,286.3,1022.4,3763.1,471.3,3019.8,1191.3,1224.7,1664.3,3432.1,1521.4,2820.1,874.5,925.2,1050.9,274.7,415.2,778.6,480.4,1193.5,3551.8,1228.2,14182.4,14388.6,12315.2,4012.6,4934.7,957.2,534.6,301.8,1316.0,1723.3,444.9,2990.3,1870.3,47.7,144.1
2021,6760.9,472.1,145.4,210.9,57.0,53.2,208.9,44.4,4031.2,398.2,50.1,599.0,954.1,434.2,1038.4,615.8,635.8,146.9,1235.6,882.6,1469.3,1161.9,1010.4,3513.1,1294.9,1444.9,3163.8,3213.2,842.0,1143.3,1262.3,1215.7,1517.3,431.3,146.8,1000.6,63.9,4016.5,1311.8,7802.6,3437.1,6869.3,16521.8,5555.6,286.4,338.6,2765.4,1509.1,1859.0,6057.8,777.3,429.7,281.0,1077.5,4083.7,476.0,3072.1,1206.5,1246.7,1706.8,3513.8,1658.5,2915.3,883.6,918.9,1096.9,268.3,420.0,802.4,403.4,1221.6,3627.7,1331.5,14157.7,14753.3,12557.7,4054.2,5206.0,933.9,528.5,283.8,1315.1,1851.2,430.5,3014.6,1867.6,83.2,157.1
2022,6710.9,468.1,147.2,179.5,49.6,65.4,220.3,50.0,4133.8,427.4,51.3,612.9,941.5,412.8,1040.6,644.2,617.6,150.3,1258.8,916.0,1489.4,1188.1,1014.7,3676.4,1291.6,1409.9,3207.7,2979.8,865.3,1130.4,1274.5,1255.0,1491.7,423.1,172.0,1013.6,60.7,4131.7,1343.1,8193.1,3511.8,7085.7,16819.1,5664.9,296.1,347.8,2943.6,1501.2,2205.9,6899.8,828.0,443.5,266.1,1051.2,4374.0,515.9,3078.9,1179.2,1277.4,1798.0,3551.2,1812.5,3006.3,937.8,976.0,1177.2,277.0,471.3,931.1,433.1,1241.5,3785.9,1453.5,14181.8,14957.7,12846.6,4196.5,5250.7,1072.5,538.5,321.7,1471.3,1829.1,447.3,3091.7,1803.3,112.5,166.3
2023,6573.5,492.5,139.3,168.8,45.5,69.1,202.3,57.7,4021.9,433.6,48.3,603.0,870.8,411.2,993.2,637.1,573.8,164.2,1355.6,927.4,1484.1,1164.0,1024.4,3605.8,1315.9,1349.3,3180.2,3060.3,941.7,1134.8,1190.5,1272.7,1576.4,414.6,174.8,1019.6,57.5,4215.4,1421.5,8270.5,3560.6,7087.4,16948.3,5728.4,302.1,372.6,3094.5,1450.6,2272.4,7292.0,796.7,448.4,257.3,1032.6,4771.2,499.1,3125.2,1177.6,1335.7,1831.4,3648.9,1923.6,3082.9,1002.5,999.6,1265.6,310.6,506.0,960.3,445.9,1189.1,3874.1,1478.1,14278.7,15246.7,13240.9,4262.5,5391.3,1054.1,556.1,301.2,1537.9,1598.6,406.4,3072.1,1821.6,119.9,169.7
2024,6198.6,474.0,125.2,192.3,44.9,64.6,199.6,65.4,4028.7,445.9,46.8,560.7,783.2,405.6,965.4,628.7,560.0,149.2,1361.9,969.4,1424.0,1129.7,1040.9,3610.5,1323.0,1347.9,3177.9,3095.0,961.8,1115.5,1211.4,1290.4,1687.1,458.7,174.1,1037.7,66.8,4353.7,1507.2,8347.3,3694.7,6964.8,16990.4,5760.1,314.8,397.4,3198.2,1449.6,2391.9,7529.1,754.4,459.7,283.9,1020.4,4976.5,519.3,3071.3,1177.0,1366.0,1809.4,3640.5,2005.1,3112.0,1030.4,1024.2,1291.1,316.3,479.1,931.0,465.8,1185.7,3934.8,1512.2,14363.0,15396.0,13409.1,4325.3,5536.5,1099.2,565.0,303.3,1611.8,1573.7,386.2,3160.7,1781.6,122.2,170.0
2025,5946.8,473.5,114.2,180.5,49.4,69.4,185.0,53.3,4080.5,462.2,51.4,528.8,745.9,389.9,971.7,614.1,562.1,158.3,1366.1,995.0,1379.6,1133.9,995.3,3616.1,1332.6,1326.3,3181.6,3053.1,986.9,1128.4,1210.5,1283.7,1714.6,487.6,171.0,1069.2,70.2,4412.1,1522.3,8407.5,3842.5,6863.5,17031.7,5757.8,305.7,409.7,3255.9,1457.8,2414.6,7730.3,729.0,494.8,290.7,1002.4,5038.7,512.1,3064.1,1153.3,1446.4,1866.5,3725.6,2080.5,3190.7,1018.3,1014.7,1323.6,319.9,485.0,916.8,505.6,1198.8,3958.7,1513.1,14445.3,15644.3,13606.7,4367.8,5718.9,1125.2,561.3,291.3,1669.5,1584.9,355.7,3312.0,1687.8,119.0,177.3
