geo,t,b,n
AT,2023,0.021995485523591166,27
AT,2024,0.04589086011445254,27
BE,2023,-0.007318545104548643,61
BE,2024,-0.0075294614514122005,61
CZ,2023,-0.05921028833778298,43
CZ,2024,-0.06855826284452253,43
DE,2023,-0.027892507407770016,90
DE,2024,-0.046077473434913814,90
ES,2023,0.007806399783872292,51
ES,2024,-0.0038625287825916343,51
FR,2023,-0.016894913455760677,88
FR,2024,0.035696792817785886,88
NL,2023,0.010399563515991007,68
NL,2024,0.013594654030531617,68
PT,2023,0.07974776080821663,32
PT,2024,0.033595997882598067,32
SE,2023,-0.007956729101916138,69
SE,2024,-0.02215612614869593,69
