nace,vis,lang,zvis,zlang
C,0.3285997085540357,0.2628591968568251,1.1129487145810328,-0.7368121270332267
D,0.29799544687664764,0.36481400587026713,-0.28028704881702693,0.5906420913123567
E,0.32111366943177677,0.2615357913361869,0.7721524705391706,-0.7540429007255338
F,0.3389849196965702,0.22444577681893843,1.5857275624010907,-1.2369558374064218
G,0.29653804336093637,0.30385688086763923,-0.34663423670855037,-0.20302123370342526
H,0.3244683852098745,0.2705422744640408,0.9248733578244466,-0.6367782602812395
I,0.2941960424135605,0.2782508506707087,-0.4532520506650627,-0.5364124011128837
J,0.273371454133522,0.44223696485583436,-1.4012756120773093,1.5986909954953663
L,0.2920039179110318,0.3825139548236242,-0.5530468533281416,0.8210958789266082
M,0.2722211860307553,0.4464048794818904,-1.453640693619357,1.6529573504186823
N,0.30618276501907044,0.27648809262630464,0.09243438986970223,-0.5593635558902741
