cik,status,entry,ft_date,event,exit,T,rag_docs_pre,cohort,name,sic,assets_base,exclusion
1750,ai_only,,,,,,,,,,,R2 no base-year financial statements
1800,ai_only,,,,,,,,,,,R2 no base-year financial statements
2488,ai_only,,,,,,,,,,,R2 no base-year financial statements
4127,ai_only,,,,,,,,,,,R2 no base-year financial statements
4457,ai_only,,,,,,,,,,,R2 no base-year financial statements
5272,at_risk,2025-03-31,,0.0,2026-09-29,17.971252566735114,1.0,2025.0,"AMERICAN INTERNATIONAL GROUP, INC.",6331.0,522228000000.0,
6281,ft_only,,2025-11-25,,,,,,ANALOG DEVICES INC,3674.0,50302350000.0,R4 supplier industry (SIC)
18926,ai_only,,,,,,,,,,,R2 no base-year financial statements
20286,ai_only,,,,,,,,,,,R2 no base-year financial statements
21076,ai_only,,,,,,,,,,,R2 no base-year financial statements
23217,ai_only,,,,,,,,,,,R2 no base-year financial statements
27093,ai_only,,,,,,,,,,,R2 no base-year financial statements
36377,ft_only,,2026-07-15,,,,,,"FIRST HAWAIIAN, INC.",6022.0,24577223000.0,
39020,ai_only,,,,,,,,,,,R2 no base-year financial statements
40729,ai_only,,,,,,,,,,,R2 no base-year financial statements
43920,ai_only,,,,,,,,,,,R2 no base-year financial statements
50471,ai_only,,,,,,,,,,,R2 no base-year financial statements
50863,at_risk,2024-04-25,,0.0,2026-09-29,29.141683778234086,2.0,2024.0,INTEL CORP,3674.0,182103000000.0,R4 supplier industry (SIC)
51143,ft_first,2025-02-04,2024-04-25,,,,,,INTERNATIONAL BUSINESS MACHINES CORP,3570.0,127243000000.0,R4 supplier industry (SIC)
54480,ai_only,,,,,,,,,,,R2 no base-year financial statements
64463,ft_only,,2025-03-20,,,,,,"Soluna Holdings, Inc",6199.0,84961000.0,
65172,ai_only,,,,,,,,,,,R2 no base-year financial statements
65312,ai_only,,,,,,,,,,,R2 no base-year financial statements
76605,ai_only,,,,,,,,,,,R2 no base-year financial statements
78749,ai_only,,,,,,,,,,,R2 no base-year financial statements
84246,ai_only,,,,,,,,,,,R2 no base-year financial statements
86521,ai_only,,,,,,,,,,,R2 no base-year financial statements
88941,ai_only,,,,,,,,,,,R2 no base-year financial statements
92108,ai_only,,,,,,,,,,,R2 no base-year financial statements
94344,ai_only,,,,,,,,,,,R2 no base-year financial statements
96223,ai_only,,,,,,,,,,,R2 no base-year financial statements
97210,ai_only,,,,,,,,,,,R2 no base-year financial statements
101538,ai_only,,,,,,,,,,,R2 no base-year financial statements
106040,ai_only,,,,,,,,,,,R2 no base-year financial statements
107140,ft_only,,2024-06-13,,,,,,"JOHN WILEY & SONS, INC.",2731.0,3361695000.0,
107263,ai_only,,,,,,,,,,,R2 no base-year financial statements
108516,ai_only,,,,,,,,,,,R2 no base-year financial statements
215466,ai_only,,,,,,,,,,,R2 no base-year financial statements
216085,ai_only,,,,,,,,,,,R2 no base-year financial statements
356171,ft_only,,2026-07-15,,,,,,TRICO BANCSHARES /,6022.0,9930986000.0,
709283,ai_only,,,,,,,,,,,R2 no base-year financial statements
712515,ft_only,,2025-09-29,,,,,,ELECTRONIC ARTS INC.,7372.0,13800000000.0,R4 supplier industry (SIC)
718937,ai_only,,,,,,,,,,,R2 no base-year financial statements
719413,ai_only,,,,,,,,,,,R2 no base-year financial statements
720154,ai_only,,,,,,,,,,,R2 no base-year financial statements
730272,ai_only,,,,,,,,,,,R2 no base-year financial statements
733269,ai_only,,,,,,,,,,,R2 no base-year financial statements
737468,ai_only,,,,,,,,,,,R2 no base-year financial statements
744452,ai_only,,,,,,,,,,,R2 no base-year financial statements
746210,ai_only,,,,,,,,,,,R2 no base-year financial statements
746838,at_risk,2026-06-02,,0.0,2026-09-29,3.909650924024641,1.0,2026.0,UNISYS CORP,7373.0,2065600000.0,R4 supplier industry (SIC)
748592,ai_only,,,,,,,,,,,R2 no base-year financial statements
748790,ai_only,,,,,,,,,,,R2 no base-year financial statements
763532,ai_only,,,,,,,,,,,R2 no base-year financial statements
769397,ai_only,,,,,,,,,,,R2 no base-year financial statements
789933,ai_only,,,,,,,,,,,R2 no base-year financial statements
790526,ai_only,,,,,,,,,,,R2 no base-year financial statements
793952,ai_only,,,,,,,,,,,R2 no base-year financial statements
795266,ai_only,,,,,,,,,,,R2 no base-year financial statements
795800,ai_only,,,,,,,,,,,R2 no base-year financial statements
796534,ai_only,,,,,,,,,,,R2 no base-year financial statements
806172,ai_only,,,,,,,,,,,R2 no base-year financial statements
810332,ai_only,,,,,,,,,,,R2 no base-year financial statements
813672,ai_only,,,,,,,,,,,R2 no base-year financial statements
816761,at_risk,2025-02-21,,0.0,2026-09-29,19.21971252566735,1.0,2025.0,TERADATA CORP /DE/,7372.0,2022000000.0,R4 supplier industry (SIC)
822663,ai_only,,,,,,,,,,,R2 no base-year financial statements
825324,ai_only,,,,,,,,,,,R2 no base-year financial statements
829323,ft_only,,2026-01-29,,,,,,"Inuvo, Inc.",7310.0,35557310.0,
834071,ai_only,,,,,,,,,,,R2 no base-year financial statements
834365,ai_only,,,,,,,,,,,R2 no base-year financial statements
837852,ai_only,,,,,,,,,,,R2 no base-year financial statements
842023,ai_only,,,,,,,,,,,R2 no base-year financial statements
845819,ai_only,,,,,,,,,,,R2 no base-year financial statements
854775,ai_only,,,,,,,,,,,R2 no base-year financial statements
866273,ai_only,,,,,,,,,,,R2 no base-year financial statements
866439,ai_only,,,,,,,,,,,R2 no base-year financial statements
875355,ai_only,,,,,,,,,,,R2 no base-year financial statements
876167,at_risk,2025-01-21,,0.0,2026-09-29,20.238193018480494,8.0,2025.0,PROGRESS SOFTWARE CORP /MA,7372.0,1411479000.0,R4 supplier industry (SIC)
879407,ai_only,,,,,,,,,,,R2 no base-year financial statements
880242,ai_only,,,,,,,,,,,R2 no base-year financial statements
880984,ai_only,,,,,,,,,,,R2 no base-year financial statements
887343,ai_only,,,,,,,,,,,R2 no base-year financial statements
887396,ai_only,,,,,,,,,,,R2 no base-year financial statements
887936,at_risk,2026-05-01,,0.0,2026-09-29,4.960985626283367,1.0,2026.0,"FTI CONSULTING, INC",8742.0,3241407000.0,
891103,ai_only,,,,,,,,,,,R2 no base-year financial statements
896878,ft_only,,2023-09-01,,,,,,INTUIT INC.,7372.0,27734000000.0,R4 supplier industry (SIC)
897723,ai_only,,,,,,,,,,,R2 no base-year financial statements
899629,ai_only,,,,,,,,,,,R2 no base-year financial statements
899751,ai_only,,,,,,,,,,,R2 no base-year financial statements
900075,ai_only,,,,,,,,,,,R2 no base-year financial statements
903651,ft_first,2023-08-10,2023-02-24,,,,,,INNODATA INC,7374.0,48042000.0,R4 supplier industry (SIC)
908259,ft_only,,2026-04-02,,,,,,"Oncotelic Therapeutics, Inc.",2834.0,36116819.0,
912061,ai_only,,,,,,,,,,,R2 no base-year financial statements
912463,ai_only,,,,,,,,,,,R2 no base-year financial statements
913142,ai_only,,,,,,,,,,,R2 no base-year financial statements
914208,ft_only,,2025-02-25,,,,,,Invesco Ltd.,6282.0,29756800000.0,
915913,ai_only,,,,,,,,,,,R2 no base-year financial statements
916789,ai_only,,,,,,,,,,,R2 no base-year financial statements
916907,ai_only,,,,,,,,,,,R2 no base-year financial statements
920760,ai_only,,,,,,,,,,,R2 no base-year financial statements
921638,ai_only,,,,,,,,,,,R2 no base-year financial statements
924717,ai_only,,,,,,,,,,,R2 no base-year financial statements
925741,ai_only,,,,,,,,,,,R2 no base-year financial statements
928022,ai_only,,,,,,,,,,,R2 no base-year financial statements
930245,ft_only,,2026-08-10,,,,,,Agassi Sports Entertainment Corp.,5900.0,38.0,R3 assets below threshold
933738,ai_only,,,,,,,,,,,R2 no base-year financial statements
933972,ai_only,,,,,,,,,,,R2 no base-year financial statements
936395,ai_only,,,,,,,,,,,R2 no base-year financial statements
939930,ai_only,,,,,,,,,,,R2 no base-year financial statements
944480,ai_only,,,,,,,,,,,R2 no base-year financial statements
946673,ai_only,,,,,,,,,,,R2 no base-year financial statements
1001838,ai_only,,,,,,,,,,,R2 no base-year financial statements
1001907,ai_only,,,,,,,,,,,R2 no base-year financial statements
1002047,ft_first,2024-05-30,2024-05-30,,,,,,"NetApp, Inc.",3572.0,10026000000.0,R4 supplier industry (SIC)
1005210,ft_only,,2025-02-21,,,,,,SUBURBAN PROPANE PARTNERS LP,5900.0,2103726000.0,
1006281,ai_only,,,,,,,,,,,R2 no base-year financial statements
1008586,ai_only,,,,,,,,,,,R2 no base-year financial statements
1009759,ai_only,,,,,,,,,,,R2 no base-year financial statements
1011060,ai_only,,,,,,,,,,,R2 no base-year financial statements
1012100,ai_only,,,,,,,,,,,R2 no base-year financial statements
1013237,ft_first,2024-11-14,2024-11-14,,,,,,FACTSET RESEARCH SYSTEMS INC,7370.0,4014305000.0,R4 supplier industry (SIC)
1015739,ai_only,,,,,,,,,,,R2 no base-year financial statements
1018724,at_risk,2024-02-01,2024-04-30,1.0,2024-04-30,2.924024640657084,2.0,2024.0,AMAZON COM INC,5961.0,462675000000.0,
1021561,ai_only,,,,,,,,,,,R2 no base-year financial statements
1023994,ai_only,,,,,,,,,,,R2 no base-year financial statements
1028918,ai_only,,,,,,,,,,,R2 no base-year financial statements
1030192,ai_only,,,,,,,,,,,R2 no base-year financial statements
1031235,ai_only,,,,,,,,,,,R2 no base-year financial statements
1032208,ai_only,,,,,,,,,,,R2 no base-year financial statements
1038357,ai_only,,,,,,,,,,,R2 no base-year financial statements
1039065,ai_only,,,,,,,,,,,R2 no base-year financial statements
1040161,ai_only,,,,,,,,,,,R2 no base-year financial statements
1041061,ai_only,,,,,,,,,,,R2 no base-year financial statements
1041859,ai_only,,,,,,,,,,,R2 no base-year financial statements
1043337,ft_only,,2026-02-02,,,,,,STONERIDGE INC,3714.0,652105000.0,
1045810,ft_only,,2023-11-21,,,,,,NVIDIA CORP,3674.0,44187000000.0,R4 supplier industry (SIC)
1048695,at_risk,2025-01-28,,0.0,2026-09-29,20.008213552361397,1.0,2025.0,"F5, INC.",3576.0,5276194000.0,R4 supplier industry (SIC)
1048911,ai_only,,,,,,,,,,,R2 no base-year financial statements
1050377,ai_only,,,,,,,,,,,R2 no base-year financial statements
1057083,ai_only,,,,,,,,,,,R2 no base-year financial statements
1057379,ft_only,,2026-02-27,,,,,,"HACKETT GROUP, INC.",8742.0,184993000.0,
1058290,ft_only,,2026-04-29,,,,,,COGNIZANT TECHNOLOGY SOLUTIONS CORP,7371.0,,R2 no base-year financial statements
1064728,ai_only,,,,,,,,,,,R2 no base-year financial statements
1069258,ai_only,,,,,,,,,,,R2 no base-year financial statements
1074902,ai_only,,,,,,,,,,,R2 no base-year financial statements
1077688,ai_only,,,,,,,,,,,R2 no base-year financial statements
1082733,at_risk,2026-04-28,,0.0,2026-09-29,5.059548254620124,2.0,2026.0,"VISIUM TECHNOLOGIES, INC.",7371.0,136990.0,R3 assets below threshold
1084048,ft_only,,2026-03-04,,,,,,"ZIFF DAVIS, INC.",4822.0,3533270000.0,
1084267,ai_only,,,,,,,,,,,R2 no base-year financial statements
1086222,ai_only,,,,,,,,,,,R2 no base-year financial statements
1089872,ai_only,,,,,,,,,,,R2 no base-year financial statements
1093691,ai_only,,,,,,,,,,,R2 no base-year financial statements
1101239,at_risk,2025-02-12,,0.0,2026-09-29,19.515400410677618,1.0,2025.0,EQUINIX INC,6798.0,30310742000.0,
1102993,ai_only,,,,,,,,,,,R2 no base-year financial statements
1103795,ai_only,,,,,,,,,,,R2 no base-year financial statements
1108524,at_risk,2025-03-05,,0.0,2026-09-29,18.82546201232033,2.0,2025.0,"Salesforce, Inc.",7372.0,95209000000.0,R4 supplier industry (SIC)
1111485,ai_only,,,,,,,,,,,R2 no base-year financial statements
1113169,ft_only,,2025-02-14,,,,,,PRICE T ROWE GROUP INC,6282.0,11643300000.0,
1114995,ai_only,,,,,,,,,,,R2 no base-year financial statements
1116942,ft_only,,2026-08-17,,,,,,TTM TECHNOLOGIES INC,3672.0,3025547000.0,R4 supplier industry (SIC)
1117057,ft_only,,2023-08-10,,,,,,Planet Green Holdings Corp.,2030.0,60720386.0,
1121788,ai_only,,,,,,,,,,,R2 no base-year financial statements
1124140,ai_only,,,,,,,,,,,R2 no base-year financial statements
1126741,at_risk,2023-05-16,,0.0,2026-09-29,40.47638603696099,5.0,2023.0,GSI TECHNOLOGY INC,3674.0,76422000.0,R4 supplier industry (SIC)
1130781,at_risk,2025-05-21,,0.0,2026-09-29,16.295687885010267,2.0,2025.0,"BMP AI Technologies, Inc.",7812.0,,R2 no base-year financial statements
1132105,ai_only,,,,,,,,,,,R2 no base-year financial statements
1134982,ai_only,,,,,,,,,,,R2 no base-year financial statements
1138724,ai_only,,,,,,,,,,,R2 no base-year financial statements
1140536,ai_only,,,,,,,,WILLIS TOWERS WATSON PLC,6411.0,31769000000.0,
1144879,ai_only,,,,,,,,,,,R2 no base-year financial statements
1158172,ai_only,,,,,,,,,,,R2 no base-year financial statements
1158463,ai_only,,,,,,,,,,,R2 no base-year financial statements
1160791,ai_only,,,,,,,,,,,R2 no base-year financial statements
1162194,ai_only,,,,,,,,,,,R2 no base-year financial statements
1163739,ai_only,,,,,,,,,,,R2 no base-year financial statements
1164727,ai_only,,,,,,,,,,,R2 no base-year financial statements
1169561,at_risk,2026-01-27,,0.0,2026-09-29,8.049281314168377,1.0,2026.0,COMMVAULT SYSTEMS INC,7372.0,816080000.0,R4 supplier industry (SIC)
1174922,ai_only,,,,,,,,,,,R2 no base-year financial statements
1181412,ai_only,,,,,,,,,,,R2 no base-year financial statements
1211805,ai_only,,,,,,,,,,,R2 no base-year financial statements
1235468,ai_only,,,,,,,,,,,R2 no base-year financial statements
1236275,ai_only,,,,,,,,,,,R2 no base-year financial statements
1239819,ai_only,,,,,,,,,,,R2 no base-year financial statements
1261654,ai_only,,,,,,,,,,,R2 no base-year financial statements
1272842,ai_only,,,,,,,,,,,R2 no base-year financial statements
1275168,ai_only,,,,,,,,,,,R2 no base-year financial statements
1278021,ft_only,,2026-07-30,,,,,,MARKETAXESS HOLDINGS INC,6211.0,1607775000.0,
1280263,ft_only,,2026-03-23,,,,,,AMBARELLA INC,3674.0,657545000.0,R4 supplier industry (SIC)
1283140,ai_only,,,,,,,,,,,R2 no base-year financial statements
1285550,ai_only,,,,,,,,,,,R2 no base-year financial statements
1287865,ai_only,,,,,,,,,,,R2 no base-year financial statements
1288847,ai_only,,,,,,,,,,,R2 no base-year financial statements
1289237,ai_only,,,,,,,,,,,R2 no base-year financial statements
1293971,ai_only,,,,,,,,,,,R2 no base-year financial statements
1297341,ai_only,,,,,,,,,,,R2 no base-year financial statements
1297937,ai_only,,,,,,,,,,,R2 no base-year financial statements
1297989,ft_only,,2026-06-24,,,,,,"ExlService Holdings, Inc.",7389.0,,R2 no base-year financial statements
1306830,ai_only,,,,,,,,,,,R2 no base-year financial statements
1317630,ai_only,,,,,,,,,,,R2 no base-year financial statements
1317945,ai_only,,,,,,,,,,,R2 no base-year financial statements
1318605,ai_only,,,,,,,,,,,R2 no base-year financial statements
1318742,ai_only,,,,,,,,,,,R2 no base-year financial statements
1325964,ai_only,,,,,,,,,,,R2 no base-year financial statements
1327567,ai_only,,,,,,,,,,,R2 no base-year financial statements
1327607,ai_only,,,,,,,,,,,R2 no base-year financial statements
1337619,ft_only,,2024-02-28,,,,,,"ENVESTNET, INC.",7389.0,2112165000.0,
1339688,ai_only,,,,,,,,,,,R2 no base-year financial statements
1341439,at_risk,2025-06-18,,0.0,2026-09-29,15.375770020533881,2.0,2025.0,ORACLE CORP,7372.0,109297000000.0,R4 supplier industry (SIC)
1352081,ai_only,,,,,,,,,,,R2 no base-year financial statements
1354866,ai_only,,,,,,,,,,,R2 no base-year financial statements
1355839,ai_only,,,,,,,,,,,R2 no base-year financial statements
1357671,ai_only,,,,,,,,,,,R2 no base-year financial statements
1360214,ai_only,,,,,,,,,,,R2 no base-year financial statements
1360565,ai_only,,,,,,,,,,,R2 no base-year financial statements
1364954,at_risk,2025-02-24,,0.0,2026-09-29,19.121149897330596,1.0,2025.0,"CHEGG, INC",8200.0,2465416000.0,
1368365,ft_only,,2023-11-20,,,,,,"REMARK HOLDINGS, INC.",4899.0,14436000.0,R4 supplier industry (SIC)
1369290,ai_only,,,,,,,,,,,R2 no base-year financial statements
1370637,ai_only,,,,,,,,,,,R2 no base-year financial statements
1371128,ai_only,,,,,,,,,,,R2 no base-year financial statements
1372807,ai_only,,,,,,,,,,,R2 no base-year financial statements
1375195,ai_only,,,,,,,,,,,R2 no base-year financial statements
1378590,at_risk,2024-05-17,2025-12-19,1.0,2025-12-19,19.08829568788501,3.0,2024.0,"Bridgeline Digital, Inc.",7372.0,27513000.0,R4 supplier industry (SIC)
1378950,ai_only,,,,,,,,,,,R2 no base-year financial statements
1379245,ai_only,,,,,,,,,,,R2 no base-year financial statements
1382101,ai_only,,,,,,,,,,,R2 no base-year financial statements
1384101,ft_only,,2026-09-14,,,,,,"VERACYTE, INC.",8071.0,1156422000.0,
1385849,ai_only,,,,,,,,,,,R2 no base-year financial statements
1386301,at_risk,2024-11-14,,0.0,2026-09-29,22.472279260780287,8.0,2024.0,"Research Solutions, Inc.",7389.0,17026276.0,
1394108,ai_only,,,,,,,,,,,R2 no base-year financial statements
1398733,ai_only,,,,,,,,,,,R2 no base-year financial statements
1403256,ai_only,,,,,,,,,,,R2 no base-year financial statements
1404644,ai_only,,,,,,,,,,,R2 no base-year financial statements
1408534,ai_only,,,,,,,,,,,R2 no base-year financial statements
1409269,ai_only,,,,,,,,,,,R2 no base-year financial statements
1410428,ft_only,,2026-07-09,,,,,,"XWELL, Inc.",7200.0,70426000.0,
1414767,at_risk,2026-05-28,,0.0,2026-09-29,4.073921971252567,1.0,2026.0,Netcapital Inc.,6199.0,31760524.0,
1417398,ft_only,,2025-10-16,,,,,,"Hillenbrand, Inc.",3990.0,3867500000.0,
1417926,ai_only,,,,,,,,,,,R2 no base-year financial statements
1418819,ai_only,,,,,,,,,,,R2 no base-year financial statements
1420720,ai_only,,,,,,,,,,,R2 no base-year financial statements
1420924,ai_only,,,,,,,,,,,R2 no base-year financial statements
1424929,ai_only,,,,,,,,,,,R2 no base-year financial statements
1427570,ai_only,,,,,,,,,,,R2 no base-year financial statements
1430306,ai_only,,,,,,,,,,,R2 no base-year financial statements
1434524,ai_only,,,,,,,,,,,R2 no base-year financial statements
1437071,ft_only,,2025-02-20,,,,,,Invesco Mortgage Capital Inc.,6798.0,5097395000.0,
1437491,ft_only,,2024-02-20,,,,,,"RiskOn International, Inc.",7374.0,35977243.0,R4 supplier industry (SIC)
1438423,ai_only,,,,,,,,,,,R2 no base-year financial statements
1438943,at_risk,2026-08-18,,0.0,2026-09-29,1.379876796714579,1.0,2026.0,"RANGE IMPACT, INC.",1600.0,8230465.0,R3 assets below threshold
1441816,at_risk,2023-08-31,,0.0,2026-09-29,36.96098562628337,13.0,2023.0,"MongoDB, Inc.",7372.0,2449588000.0,R4 supplier industry (SIC)
1442145,ai_only,,,,,,,,,,,R2 no base-year financial statements
1442836,ai_only,,,,,,,,,,,R2 no base-year financial statements
1443646,ai_only,,,,,,,,,,,R2 no base-year financial statements
1446159,ft_only,,2026-04-22,,,,,,Axe Compute Inc.,6199.0,25734644.0,
1446847,ai_only,,,,,,,,,,,R2 no base-year financial statements
1448431,ai_only,,,,,,,,,,,R2 no base-year financial statements
1449794,ai_only,,,,,,,,,,,R2 no base-year financial statements
1454789,ai_only,,,,,,,,,,,R2 no base-year financial statements
1454938,ai_only,,,,,,,,,,,R2 no base-year financial statements
1455863,ai_only,,,,,,,,,,,R2 no base-year financial statements
1462056,at_risk,2026-06-23,,0.0,2026-09-29,3.2197125256673513,1.0,2026.0,"Backblaze, Inc.",7372.0,152458000.0,R4 supplier industry (SIC)
1465470,ai_only,,,,,,,,,,,R2 no base-year financial statements
1468174,ft_only,,2026-02-13,,,,,,Hyatt Hotels Corp,7011.0,12312000000.0,
1471781,ft_only,,2023-08-28,,,,,,GBT Technologies Inc.,8742.0,370625.0,R3 assets below threshold
1473334,ft_first,2026-08-14,2026-04-28,,,,,,XMax Inc.,2510.0,11533496.0,
1473490,ft_only,,2026-05-28,,,,,,"Global AI, Inc.",5960.0,16470.0,R3 assets below threshold
1475115,ai_only,,,,,,,,,,,R2 no base-year financial statements
1477720,ai_only,,,,,,,,,,,R2 no base-year financial statements
1477960,ft_only,,2025-04-23,,,,,,LataMed AI Corp.,7370.0,,R2 no base-year financial statements
1479290,ai_only,,,,,,,,,,,R2 no base-year financial statements
1479419,ft_first,2026-03-04,2026-03-04,,,,,,"KALA BIO, Inc.",2834.0,86820000.0,
1479615,ai_only,,,,,,,,,,,R2 no base-year financial statements
1482512,ft_only,,2025-06-13,,,,,,"Hudson Pacific Properties, Inc.",6500.0,9319140000.0,
1485003,ai_only,,,,,,,,,,,R2 no base-year financial statements
1487712,ai_only,,,,,,,,,,,R2 no base-year financial statements
1488139,ai_only,,,,,,,,,,,R2 no base-year financial statements
1490161,ai_only,,,,,,,,,,,R2 no base-year financial statements
1496264,ft_only,,2025-06-13,,,,,,"Hudson Pacific Properties, L.P.",6500.0,,R2 no base-year financial statements
1497230,at_risk,2024-04-15,,0.0,2026-09-29,29.470225872689937,2.0,2024.0,Fyntechnical Innovations Inc,7374.0,308350.0,R3 assets below threshold
1498148,ai_only,,,,,,,,,,,R2 no base-year financial statements
1499275,at_risk,2025-04-15,,0.0,2026-09-29,17.478439425051334,2.0,2025.0,"GROOVY COMPANY, INC.",7372.0,,R2 no base-year financial statements
1505155,at_risk,2026-05-01,,0.0,2026-09-29,4.960985626283367,1.0,2026.0,"Upland Software, Inc.",7372.0,1113459000.0,R4 supplier industry (SIC)
1505952,ai_only,,,,,,,,,,,R2 no base-year financial statements
1506293,ai_only,,,,,,,,,,,R2 no base-year financial statements
1509470,ai_only,,,,,,,,,,,R2 no base-year financial statements
1513761,ai_only,,,,,,,,,,,R2 no base-year financial statements
1515156,ai_only,,,,,,,,,,,R2 no base-year financial statements
1516513,ai_only,,,,,,,,,,,R2 no base-year financial statements
1517228,ai_only,,,,,,,,,,,R2 no base-year financial statements
1517375,ai_only,,,,,,,,,,,R2 no base-year financial statements
1517413,ai_only,,,,,,,,,,,R2 no base-year financial statements
1517681,ai_only,,,,,,,,,,,R2 no base-year financial statements
1518461,ai_only,,,,,,,,,,,R2 no base-year financial statements
1522540,ai_only,,,,,,,,,,,R2 no base-year financial statements
1524607,ai_only,,,,,,,,,,,R2 no base-year financial statements
1526520,ai_only,,,,,,,,,,,R2 no base-year financial statements
1527613,ft_only,,2025-10-02,,,,,,CIMG Inc.,5900.0,11711374.0,
1527728,ft_only,,2024-01-16,,,,,,Lunai Bioworks Inc.,2834.0,84632663.0,
1528287,ai_only,,,,,,,,,,,R2 no base-year financial statements
1530766,ai_only,,,,,,,,,,,R2 no base-year financial statements
1533030,ai_only,,,,,,,,,,,R2 no base-year financial statements
1533998,at_risk,2025-03-10,,0.0,2026-09-29,18.661190965092402,1.0,2025.0,DarioHealth Corp.,3841.0,119191000.0,
1537435,ai_only,,,,,,,,,,,R2 no base-year financial statements
1538263,ai_only,,,,,,,,,,,R2 no base-year financial statements
1539638,ai_only,,,,,,,,,,,R2 no base-year financial statements
1543151,ai_only,,,,,,,,,,,R2 no base-year financial statements
1543916,ai_only,,,,,,,,,,,R2 no base-year financial statements
1554859,ai_only,,,,,,,,,,,R2 no base-year financial statements
1555017,ai_only,,,,,,,,,,,R2 no base-year financial statements
1556739,ai_only,,,,,,,,,,,R2 no base-year financial statements
1559720,ai_only,,,,,,,,,,,R2 no base-year financial statements
1559998,ai_only,,,,,,,,,,,R2 no base-year financial statements
1562088,ai_only,,,,,,,,,,,R2 no base-year financial statements
1564408,ft_only,,2026-05-06,,,,,,Snap Inc,7370.0,8029538000.0,R4 supplier industry (SIC)
1566826,ai_only,,,,,,,,,,,R2 no base-year financial statements
1567900,ai_only,,,,,,,,,,,R2 no base-year financial statements
1568385,ai_only,,,,,,,,,,,R2 no base-year financial statements
1569340,ai_only,,,,,,,,,,,R2 no base-year financial statements
1569345,ft_only,,2025-03-21,,,,,,"Sprinklr, Inc.",7372.0,920046000.0,R4 supplier industry (SIC)
1570585,ai_only,,,,,,,,,,,R2 no base-year financial statements
1571949,ft_only,,2026-07-30,,,,,,"Intercontinental Exchange, Inc.",6200.0,194338000000.0,
1571996,ft_only,,2023-09-12,,,,,,Dell Technologies Inc.,3571.0,92735000000.0,R4 supplier industry (SIC)
1576427,ft_only,,2025-02-28,,,,,,Criteo S.A.,7311.0,2348894000.0,
1577526,ft_first,2025-02-26,2023-09-06,,,,,,"C3.ai, Inc.",7372.0,1170882000.0,R4 supplier industry (SIC)
1578732,ai_only,,,,,,,,,,,R2 no base-year financial statements
1579157,ai_only,,,,,,,,,,,R2 no base-year financial statements
1579878,ft_only,,2026-02-18,,,,,,"Figma, Inc.",7372.0,,R2 no base-year financial statements
1580864,ai_only,,,,,,,,,,,R2 no base-year financial statements
1581091,ai_only,,,,,,,,,,,R2 no base-year financial statements
1581760,ai_only,,,,,,,,,,,R2 no base-year financial statements
1582961,ft_only,,2023-07-06,,,,,,"DigitalOcean Holdings, Inc.",7370.0,1815631000.0,R4 supplier industry (SIC)
1585389,ai_only,,,,,,,,,,,R2 no base-year financial statements
1585521,ft_only,,2026-08-26,,,,,,"Zoom Communications, Inc.",7370.0,7551318000.0,R4 supplier industry (SIC)
1590496,ai_only,,,,,,,,,,,R2 no base-year financial statements
1593001,ft_only,,2026-04-06,,,,,,"NightFood Holdings, Inc.",3590.0,843879.0,R3 assets below threshold
1594805,at_risk,2025-05-08,,0.0,2026-09-29,16.722792607802873,4.0,2025.0,SHOPIFY INC.,7372.0,,R2 no base-year financial statements
1597553,ai_only,,,,,,,,,,,R2 no base-year financial statements
1600033,ai_only,,,,,,,,,,,R2 no base-year financial statements
1600641,at_risk,2026-09-02,,0.0,2026-09-29,0.8870636550308009,1.0,2026.0,"1stdibs.com, Inc.",5961.0,195796000.0,
1601830,at_risk,2023-05-08,2024-02-29,1.0,2024-02-29,9.757700205338809,1.0,2023.0,"RECURSION PHARMACEUTICALS, INC.",2836.0,701288000.0,
1602078,ai_only,,,,,,,,,,,R2 no base-year financial statements
1602409,ai_only,,,,,,,,,,,R2 no base-year financial statements
1603652,ai_only,,,,,,,,,,,R2 no base-year financial statements
1605301,ai_only,,,,,,,,,,,R2 no base-year financial statements
1609550,ai_only,,,,,,,,,,,R2 no base-year financial statements
1611052,ai_only,,,,,,,,,,,R2 no base-year financial statements
1612188,ai_only,,,,,,,,,,,R2 no base-year financial statements
1612630,ai_only,,,,,,,,,,,R2 no base-year financial statements
1615165,ft_only,,2025-04-24,,,,,,"Veritone, Inc.",7374.0,424752000.0,R4 supplier industry (SIC)
1617553,ai_only,,,,,,,,,,,R2 no base-year financial statements
1618732,ft_first,2026-09-18,2023-08-31,,,,,,"Nutanix, Inc.",7372.0,2365749000.0,R4 supplier industry (SIC)
1620459,ai_only,,,,,,,,,,,R2 no base-year financial statements
1624326,ai_only,,,,,,,,,,,R2 no base-year financial statements
1627014,ai_only,,,,,,,,,,,R2 no base-year financial statements
1627475,ft_only,,2025-08-06,,,,,,"UPWORK, INC",7374.0,1080245000.0,R4 supplier industry (SIC)
1631282,ft_only,,2023-05-15,,,,,,DATASEA INC.,7372.0,3755677.0,R3 assets below threshold
1632121,ai_only,,,,,,,,,,,R2 no base-year financial statements
1637873,ai_only,,,,,,,,,,,R2 no base-year financial statements
1640147,ft_first,2025-03-21,2024-03-26,,,,,,Snowflake Inc.,7372.0,6649698000.0,R4 supplier industry (SIC)
1641398,ai_only,,,,,,,,,,,R2 no base-year financial statements
1642896,ft_only,,2023-03-21,,,,,,Samsara Inc.,7373.0,1567929000.0,R4 supplier industry (SIC)
1644903,ai_only,,,,,,,,,,,R2 no base-year financial statements
1645590,ft_first,2024-12-19,2024-12-19,,,,,,Hewlett Packard Enterprise Co,3570.0,57123000000.0,R4 supplier industry (SIC)
1646188,ai_only,,,,,,,,,,,R2 no base-year financial statements
1648087,ai_only,,,,,,,,,,,R2 no base-year financial statements
1649739,ai_only,,,,,,,,,,,R2 no base-year financial statements
1651308,ai_only,,,,,,,,,,,R2 no base-year financial statements
1652044,at_risk,2025-02-05,,0.0,2026-09-29,19.745379876796715,1.0,2025.0,Alphabet Inc.,7370.0,365264000000.0,R4 supplier industry (SIC)
1653558,at_risk,2026-09-21,,0.0,2026-09-29,0.5,1.0,2026.0,"Priority Technology Holdings, Inc.",7389.0,1373363000.0,
1653909,ai_only,,,,,,,,,,,R2 no base-year financial statements
1660280,ai_only,,,,,,,,,,,R2 no base-year financial statements
1661460,ai_only,,,,,,,,,,,R2 no base-year financial statements
1661779,ai_only,,,,,,,,,,,R2 no base-year financial statements
1662579,ai_only,,,,,,,,,,,R2 no base-year financial statements
1662991,at_risk,2026-03-06,,0.0,2026-09-29,6.80082135523614,1.0,2026.0,Sezzle Inc.,7389.0,172576538.0,
1667313,ft_only,,2025-10-28,,,,,,"Zedge, Inc.",7372.0,54626000.0,R4 supplier industry (SIC)
1668010,ai_only,,,,,,,,,,,R2 no base-year financial statements
1670541,ai_only,,,,,,,,,,,R2 no base-year financial statements
1671927,ai_only,,,,,,,,,,,R2 no base-year financial statements
1672688,ai_only,,,,,,,,,,,R2 no base-year financial statements
1673358,ai_only,,,,,,,,,,,R2 no base-year financial statements
1673772,ai_only,,,,,,,,,,,R2 no base-year financial statements
1674440,ft_only,,2026-09-21,,,,,,AIRWA INC.,7370.0,74862946.0,R4 supplier industry (SIC)
1677703,ft_only,,2026-08-10,,,,,,CONDUENT Inc,7389.0,3571000000.0,
1679817,ai_only,,,,,,,,,,,R2 no base-year financial statements
1680062,ai_only,,,,,,,,,,,R2 no base-year financial statements
1690334,ai_only,,,,,,,,,,,R2 no base-year financial statements
1691303,ai_only,,,,,,,,,,,R2 no base-year financial statements
1691421,ai_only,,,,,,,,,,,R2 no base-year financial statements
1692412,ai_only,,,,,,,,,,,R2 no base-year financial statements
1696558,ai_only,,,,,,,,,,,R2 no base-year financial statements
1698538,ai_only,,,,,,,,,,,R2 no base-year financial statements
1699838,ai_only,,,,,,,,,,,R2 no base-year financial statements
1701108,ai_only,,,,,,,,,,,R2 no base-year financial statements
1701732,ai_only,,,,,,,,,,,R2 no base-year financial statements
1703057,ai_only,,,,,,,,,,,R2 no base-year financial statements
1703647,ai_only,,,,,,,,,,,R2 no base-year financial statements
1705110,ft_only,,2026-02-20,,,,,,Angi Inc.,7310.0,1907778000.0,
1705338,ai_only,,,,,,,,,,,R2 no base-year financial statements
1706431,ai_only,,,,,,,,,,,R2 no base-year financial statements
1707753,at_risk,2023-06-01,2026-06-08,1.0,2026-06-08,36.238193018480494,17.0,2023.0,Elastic N.V.,7372.0,1642931000.0,R4 supplier industry (SIC)
1708599,ai_only,,,,,,,,,,,R2 no base-year financial statements
1710340,ai_only,,,,,,,,,,,R2 no base-year financial statements
1712762,ai_only,,,,,,,,,,,R2 no base-year financial statements
1715433,ai_only,,,,,,,,,,,R2 no base-year financial statements
1718405,ai_only,,,,,,,,,,,R2 no base-year financial statements
1720116,ai_only,,,,,,,,,,,R2 no base-year financial statements
1720424,ft_only,,2026-05-12,,,,,,HIVE Digital Technologies Ltd.,6199.0,,R2 no base-year financial statements
1722010,ai_only,,,,,,,,,,,R2 no base-year financial statements
1723128,ai_only,,,,,,,,,,,R2 no base-year financial statements
1725057,at_risk,2024-07-31,,0.0,2026-09-29,25.95482546201232,1.0,2024.0,"Dayforce, Inc.",7372.0,8463500000.0,R4 supplier industry (SIC)
1726978,ai_only,,,,,,,,,,,R2 no base-year financial statements
1727255,ai_only,,,,,,,,,,,R2 no base-year financial statements
1730168,at_risk,2024-12-20,,0.0,2026-09-29,21.28952772073922,1.0,2024.0,Broadcom Inc.,3674.0,73249000000.0,R4 supplier industry (SIC)
1731348,ai_only,,,,,,,,,,,R2 no base-year financial statements
1733413,ai_only,,,,,,,,,,,R2 no base-year financial statements
1736730,ai_only,,,,,,,,,,,R2 no base-year financial statements
1738021,ai_only,,,,,,,,,,,R2 no base-year financial statements
1739614,ai_only,,,,,,,,,,,R2 no base-year financial statements
1739936,ai_only,,,,,,,,,,,R2 no base-year financial statements
1740604,ai_only,,,,,,,,,,,R2 no base-year financial statements
1740797,ft_only,,2023-04-03,,,,,,"AVAI BIO, INC.",7374.0,454664.0,R3 assets below threshold
1741489,at_risk,2026-06-11,,0.0,2026-09-29,3.6139630390143735,1.0,2026.0,"Elvictor Group, Inc.",8742.0,1479331.0,R3 assets below threshold
1743759,ai_only,,,,,,,,,,,R2 no base-year financial statements
1747079,ai_only,,,,,,,,,,,R2 no base-year financial statements
1752828,ai_only,,,,,,,,,,,R2 no base-year financial statements
1756064,at_risk,2026-03-31,,0.0,2026-09-29,5.979466119096509,3.0,2026.0,"Our Bond, Inc.",4899.0,,R2 no base-year financial statements
1756390,ai_only,,,,,,,,,,,R2 no base-year financial statements
1756761,ft_only,,2025-03-24,,,,,,Invesco Real Estate Income Trust Inc.,6798.0,1039158000.0,
1757499,ai_only,,,,,,,,,,,R2 no base-year financial statements
1758730,ai_only,,,,,,,,,,,R2 no base-year financial statements
1759546,ai_only,,,,,,,,,,,R2 no base-year financial statements
1761612,ai_only,,,,,,,,,,,R2 no base-year financial statements
1763950,ai_only,,,,,,,,,,,R2 no base-year financial statements
1764046,at_risk,2026-02-24,,0.0,2026-09-29,7.129363449691992,2.0,2026.0,CLARIVATE PLC,7374.0,,R2 no base-year financial statements
1768267,ft_first,2023-11-27,2023-11-27,,,,,,Cerence Inc.,7372.0,1318493000.0,R4 supplier industry (SIC)
1769624,at_risk,2026-01-26,,0.0,2026-09-29,8.082135523613964,2.0,2026.0,Triller Group Inc.,6282.0,101221333.0,
1769628,ai_only,,,,,,,,,,,R2 no base-year financial statements
1769759,ft_only,,2025-07-14,,,,,,Monogram Technologies Inc.,3841.0,13690063.0,
1774170,ft_only,,2025-06-26,,,,,,"Powerfleet, Inc.",3669.0,218056000.0,R4 supplier industry (SIC)
1776909,ai_only,,,,,,,,,,,R2 no base-year financial statements
1781162,ai_only,,,,,,,,,,,R2 no base-year financial statements
1781174,ft_only,,2025-03-25,,,,,,"Acrivon Therapeutics, Inc.",2834.0,181226000.0,
1781335,ai_only,,,,,,,,,,,R2 no base-year financial statements
1782107,at_risk,2026-02-12,,0.0,2026-09-29,7.523613963039014,1.0,2026.0,"Onconetix, Inc.",2834.0,26310447.0,
1782223,ai_only,,,,,,,,,,,R2 no base-year financial statements
1784970,ft_only,,2025-09-26,,,,,,Next Technology Holding Inc.,7374.0,46523026.0,R4 supplier industry (SIC)
1785279,ft_only,,2025-03-17,,,,,,"Metagenomi Therapeutics, Inc.",2836.0,,R2 no base-year financial statements
1788028,ai_only,,,,,,,,,,,R2 no base-year financial statements
1788882,ai_only,,,,,,,,,,,R2 no base-year financial statements
1794546,ai_only,,,,,,,,,,,R2 no base-year financial statements
1794669,ai_only,,,,,,,,,,,R2 no base-year financial statements
1796022,ai_only,,,,,,,,,,,R2 no base-year financial statements
1799011,ai_only,,,,,,,,,,,R2 no base-year financial statements
1801170,ft_only,,2023-03-01,,,,,,"CLOVER HEALTH INVESTMENTS, CORP. /DE",6324.0,808620000.0,
1802156,ai_only,,,,,,,,,,,R2 no base-year financial statements
1803901,ai_only,,,,,,,,,,,R2 no base-year financial statements
1805077,ai_only,,,,,,,,,,,R2 no base-year financial statements
1805284,at_risk,2024-11-12,,0.0,2026-09-29,22.537987679671456,1.0,2024.0,"Rocket Companies, Inc.",6162.0,20082212000.0,
1805387,ft_only,,2023-02-22,,,,,,"Cerevel Therapeutics Holdings, Inc.",2834.0,1017822000.0,
1805521,ai_only,,,,,,,,,,,R2 no base-year financial statements
1807166,at_risk,2026-09-11,,0.0,2026-09-29,0.5913757700205339,1.0,2026.0,Amesite Inc.,7372.0,8883860.0,R3 assets below threshold
1808377,ai_only,,,,,,,,,,,R2 no base-year financial statements
1808997,ai_only,,,,,,,,,,,R2 no base-year financial statements
1809750,ai_only,,,,,,,,,,,R2 no base-year financial statements
1810019,ai_only,,,,,,,,,,,R2 no base-year financial statements
1810560,ai_only,,,,,,,,,,,R2 no base-year financial statements
1810806,ai_only,,,,,,,,,,,R2 no base-year financial statements
1813452,ai_only,,,,,,,,,,,R2 no base-year financial statements
1813814,ai_only,,,,,,,,,,,R2 no base-year financial statements
1819142,ai_only,,,,,,,,,,,R2 no base-year financial statements
1819411,ai_only,,,,,,,,,,,R2 no base-year financial statements
1819928,ft_only,,2026-08-10,,,,,,"DoubleVerify Holdings, Inc.",7370.0,1037028000.0,R4 supplier industry (SIC)
1819994,ai_only,,,,,,,,,,,R2 no base-year financial statements
1820144,ai_only,,,,,,,,,,,R2 no base-year financial statements
1820302,ai_only,,,,,,,,,,,R2 no base-year financial statements
1820721,ai_only,,,,,,,,,,,R2 no base-year financial statements
1820953,ai_only,,,,,,,,,,,R2 no base-year financial statements
1822479,ai_only,,,,,,,,,,,R2 no base-year financial statements
1822791,ai_only,,,,,,,,,,,R2 no base-year financial statements
1822886,ai_only,,,,,,,,,,,R2 no base-year financial statements
1823466,ai_only,,,,,,,,,,,R2 no base-year financial statements
1823652,ai_only,,,,,,,,,,,R2 no base-year financial statements
1823878,ai_only,,,,,,,,,,,R2 no base-year financial statements
1825024,ai_only,,,,,,,,,,,R2 no base-year financial statements
1826011,ai_only,,,,,,,,,,,R2 no base-year financial statements
1826457,ai_only,,,,,,,,,,,R2 no base-year financial statements
1826667,ai_only,,,,,,,,,,,R2 no base-year financial statements
1827090,ai_only,,,,,,,,,,,R2 no base-year financial statements
1828105,ai_only,,,,,,,,,,,R2 no base-year financial statements
1828318,ai_only,,,,,,,,,,,R2 no base-year financial statements
1828588,ai_only,,,,,,,,,,,R2 no base-year financial statements
1829576,ai_only,,,,,,,,,,,R2 no base-year financial statements
1829864,ft_only,,2024-03-08,,,,,,"TaskUs, Inc.",7374.0,902015000.0,R4 supplier industry (SIC)
1830043,ai_only,,,,,,,,,,,R2 no base-year financial statements
1830214,ft_only,,2023-08-29,,,,,,"Ginkgo Bioworks Holdings, Inc.",2836.0,2539321000.0,
1830696,ai_only,,,,,,,,,,,R2 no base-year financial statements
1831840,ai_only,,,,,,,,,,,R2 no base-year financial statements
1831915,ai_only,,,,,,,,,,,R2 no base-year financial statements
1832161,at_risk,2025-06-04,,0.0,2026-09-29,15.835728952772074,1.0,2025.0,"VIP Play, Inc.",5900.0,77819.0,R3 assets below threshold
1832466,ai_only,,,,,,,,,,,R2 no base-year financial statements
1833756,ai_only,,,,,,,,,,,R2 no base-year financial statements
1834494,ai_only,,,,,,,,,,,R2 no base-year financial statements
1835830,ai_only,,,,,,,,,,,R2 no base-year financial statements
1836981,ai_only,,,,,,,,"BigBear.ai Holdings, Inc.",7372.0,195308000.0,R4 supplier industry (SIC)
1837686,ai_only,,,,,,,,,,,R2 no base-year financial statements
1838163,ft_first,2023-09-08,2023-09-08,,,,,,Brand Engagement Network Inc.,7373.0,314188855.0,R4 supplier industry (SIC)
1840317,ft_only,,2026-08-12,,,,,,VEEA INC.,7373.0,324041674.0,R4 supplier industry (SIC)
1840502,ai_only,,,,,,,,,,,R2 no base-year financial statements
1840563,ai_only,,,,,,,,,,,R2 no base-year financial statements
1840856,ai_only,,,,,,,,,,,R2 no base-year financial statements
1842356,ai_only,,,,,,,,,,,R2 no base-year financial statements
1842556,ai_only,,,,,,,,,,,R2 no base-year financial statements
1842952,ai_only,,,,,,,,,,,R2 no base-year financial statements
1843714,ft_only,,2023-09-06,,,,,,"Zapata Quantum, Inc.",7372.0,240381208.0,R4 supplier industry (SIC)
1845022,at_risk,2024-03-05,,0.0,2026-09-29,30.817248459958932,5.0,2024.0,"Couchbase, Inc.",7372.0,276742000.0,R4 supplier industry (SIC)
1845437,ai_only,,,,,,,,,,,R2 no base-year financial statements
1846975,ai_only,,,,,,,,,,,R2 no base-year financial statements
1847064,ai_only,,,,,,,,,,,R2 no base-year financial statements
1847112,ai_only,,,,,,,,,,,R2 no base-year financial statements
1847577,ai_only,,,,,,,,,,,R2 no base-year financial statements
1848672,at_risk,2025-12-05,,0.0,2026-09-29,9.790554414784394,3.0,2025.0,Glidelogic Corp.,7371.0,38408.0,R3 assets below threshold
1849089,ai_only,,,,,,,,,,,R2 no base-year financial statements
1849221,ai_only,,,,,,,,,,,R2 no base-year financial statements
1850079,ai_only,,,,,,,,,,,R2 no base-year financial statements
1850391,ai_only,,,,,,,,,,,R2 no base-year financial statements
1852353,ai_only,,,,,,,,,,,R2 no base-year financial statements
1853044,at_risk,2024-09-27,,0.0,2026-09-29,24.04928131416838,1.0,2024.0,"Aeries Technology, Inc.",8742.0,235076820.0,
1853962,ai_only,,,,,,,,,,,R2 no base-year financial statements
1854963,ai_only,,,,,,,,,,,R2 no base-year financial statements
1855457,ai_only,,,,,,,,,,,R2 no base-year financial statements
1855631,ai_only,,,,,,,,,,,R2 no base-year financial statements
1858327,ai_only,,,,,,,,,,,R2 no base-year financial statements
1860484,ai_only,,,,,,,,,,,R2 no base-year financial statements
1860514,ft_only,,2025-05-28,,,,,,Roth CH Acquisition Co.,6770.0,238448139.0,R1 blank-check company
1860871,ai_only,,,,,,,,,,,R2 no base-year financial statements
1863127,ai_only,,,,,,,,,,,R2 no base-year financial statements
1866368,ai_only,,,,,,,,,,,R2 no base-year financial statements
1868269,ai_only,,,,,,,,,,,R2 no base-year financial statements
1868778,at_risk,2024-07-30,,0.0,2026-09-29,25.987679671457904,3.0,2024.0,Informatica Inc.,7372.0,4970899000.0,R4 supplier industry (SIC)
1871509,ai_only,,,,,,,,,,,R2 no base-year financial statements
1871638,ft_only,,2025-04-15,,,,,,"Blaize Holdings, Inc.",3674.0,296011458.0,R4 supplier industry (SIC)
1872525,ai_only,,,,,,,,,,,R2 no base-year financial statements
1873722,ft_only,,2024-03-20,,,,,,Bubblr Inc.,7370.0,1416368.0,R3 assets below threshold
1873875,ai_only,,,,,,,,,,,R2 no base-year financial statements
1874178,ai_only,,,,,,,,,,,R2 no base-year financial statements
1874495,ai_only,,,,,,,,,,,R2 no base-year financial statements
1874875,ai_only,,,,,,,,,,,R2 no base-year financial statements
1875493,ai_only,,,,,,,,,,,R2 no base-year financial statements
1876042,ai_only,,,,,,,,,,,R2 no base-year financial statements
1876588,ai_only,,,,,,,,,,,R2 no base-year financial statements
1877461,ai_only,,,,,,,,,,,R2 no base-year financial statements
1877939,ai_only,,,,,,,,,,,R2 no base-year financial statements
1880343,ai_only,,,,,,,,,,,R2 no base-year financial statements
1893219,ai_only,,,,,,,,,,,R2 no base-year financial statements
1894562,ai_only,,,,,,,,,,,R2 no base-year financial statements
1895618,ai_only,,,,,,,,,,,R2 no base-year financial statements
1896212,ai_only,,,,,,,,,,,R2 no base-year financial statements
1898496,ft_only,,2024-05-09,,,,,,"Getty Images Holdings, Inc.",7389.0,2468183000.0,
1901305,ai_only,,,,,,,,,,,R2 no base-year financial statements
1901637,ai_only,,,,,,,,,,,R2 no base-year financial statements
1902733,ai_only,,,,,,,,,,,R2 no base-year financial statements
1905956,ai_only,,,,,,,,,,,R2 no base-year financial statements
1907982,ft_only,,2024-07-29,,,,,,D-Wave Quantum Inc.,7374.0,26947000.0,R4 supplier industry (SIC)
1915380,ai_only,,,,,,,,,,,R2 no base-year financial statements
1915657,ai_only,,,,,,,,,,,R2 no base-year financial statements
1922335,ai_only,,,,,,,,,,,R2 no base-year financial statements
1922858,ai_only,,,,,,,,,,,R2 no base-year financial statements
1929589,ai_only,,,,,,,,,,,R2 no base-year financial statements
1934064,ai_only,,,,,,,,,,,R2 no base-year financial statements
1934245,ai_only,,,,,,,,,,,R2 no base-year financial statements
1938109,ai_only,,,,,,,,,,,R2 no base-year financial statements
1941536,ai_only,,,,,,,,,,,R2 no base-year financial statements
1943896,ft_only,,2024-06-13,,,,,,"Rubrik, Inc.",7372.0,,R2 no base-year financial statements
1945619,ft_first,2024-05-08,2024-03-06,,,,,,Kinetic Seas Inc.,6770.0,1376.0,R1 blank-check company
1948455,ai_only,,,,,,,,,,,R2 no base-year financial statements
1962011,ai_only,,,,,,,,,,,R2 no base-year financial statements
1964979,ft_only,,2023-11-13,,,,,,"ALLURION TECHNOLOGIES, INC.",3841.0,51370000.0,
1973062,ai_only,,,,,,,,VIDA Global Inc.,7372.0,,R2 no base-year financial statements
1976663,ft_only,,2025-09-30,,,,,,"Nexscient, Inc.",7372.0,,R2 no base-year financial statements
1976927,ft_only,,2025-03-24,,,,,,"Invesco Commercial Real Estate Finance Trust, Inc.",6798.0,30000.0,R3 assets below threshold
1992243,ai_only,,,,,,,,,,,R2 no base-year financial statements
1996192,ai_only,,,,,,,,,,,R2 no base-year financial statements
1997350,ft_only,,2026-08-14,,,,,,Accelerant Holdings,6411.0,,R2 no base-year financial statements
2007825,ai_only,,,,,,,,,,,R2 no base-year financial statements
2007919,ai_only,,,,,,,,,,,R2 no base-year financial statements
2021728,ft_only,,2026-06-24,,,,,,Cerebras Systems Inc.,3674.0,,R2 no base-year financial statements
2022308,ai_only,,,,,,,,,,,R2 no base-year financial statements
2022503,ai_only,,,,,,,,,,,R2 no base-year financial statements
2022685,ai_only,,,,,,,,,,,R2 no base-year financial statements
2026448,ft_only,,2026-03-26,,,,,,Principal Credit Real Estate Income Trust,6798.0,,R2 no base-year financial statements
2027304,ai_only,,,,,,,,,,,R2 no base-year financial statements
2028201,ai_only,,,,,,,,,,,R2 no base-year financial statements
2033383,at_risk,2026-03-27,,0.0,2026-09-29,6.11088295687885,1.0,2026.0,Fusemachines Inc.,7373.0,,R2 no base-year financial statements
2033770,ai_only,,,,,,,,,,,R2 no base-year financial statements
2034419,ai_only,,,,,,,,,,,R2 no base-year financial statements
2042022,ai_only,,,,,,,,,,,R2 no base-year financial statements
2052161,ai_only,,,,,,,,,,,R2 no base-year financial statements
2052547,ai_only,,,,,,,,,,,R2 no base-year financial statements
2054696,ai_only,,,,,,,,NIQ Global Intelligence plc,7370.0,,R2 no base-year financial statements
2065779,ft_only,,2026-05-19,,,,,,D. Boral ARC Acquisition I Corp.,7372.0,,R2 no base-year financial statements
2067592,ft_only,,2026-08-05,,,,,,McKinley Acquisition Corp,7372.0,,R2 no base-year financial statements
2068385,ft_first,2026-03-31,2026-03-31,,,,,,SharonAI Holdings Inc.,7374.0,,R2 no base-year financial statements
2069785,ft_only,,2025-12-23,,,,,,"Gloo Holdings, Inc.",7374.0,,R2 no base-year financial statements
2076163,ft_only,,2026-02-18,,,,,,"Silvia, Inc.",6199.0,,R2 no base-year financial statements
2081300,ai_only,,,,,,,,,,,R2 no base-year financial statements
2081532,at_risk,2026-08-03,,0.0,2026-09-29,1.8726899383983573,1.0,2026.0,Bluerock Acquisition Corp.,6770.0,,R1 blank-check company
2086587,ai_only,,,,,,,,,,,R2 no base-year financial statements
2109869,ft_only,,2026-09-02,,,,,,Exascale Labs Holdings Inc.,7372.0,,R2 no base-year financial statements
