cik,month,start,stop,event,cum_rag,cum_docs,S_share,sic,sic2,ind_mu,ind_sigma
5272,2025-03,0,1,0,0,581,0.0,6331,63,0.12482217806474961,0.869988113019797
5272,2025-04,1,2,0,1,582,0.001718213058419244,6331,63,0.11283542504592542,0.873756385630933
5272,2025-05,2,3,0,1,582,0.001718213058419244,6331,63,0.0,1.0467019628978302
5272,2025-06,3,4,0,1,587,0.0017035775127768314,6331,63,0.016894379504506854,1.0615431926244492
5272,2025-07,4,5,0,1,589,0.001697792869269949,6331,63,0.0,1.0764564829725733
5272,2025-08,5,6,0,1,590,0.001694915254237288,6331,63,0.0,1.0764564829725733
5272,2025-09,6,7,0,1,593,0.0016863406408094434,6331,63,0.04577551202783791,1.0995672329455528
5272,2025-10,7,8,0,1,593,0.0016863406408094434,6331,63,0.028881132523331052,1.103409319632654
5272,2025-11,8,9,0,1,594,0.0016835016835016834,6331,63,0.0,1.1132258414273717
5272,2025-12,9,10,0,1,598,0.0016722408026755853,6331,63,0.0119867530188242,1.1270327629859946
5272,2026-01,10,11,0,1,599,0.001669449081803005,6331,63,0.0,1.1408040069487813
5272,2026-02,11,12,0,1,600,0.0016666666666666668,6331,63,0.028881132523331052,1.1495445436564518
5272,2026-03,12,13,0,1,602,0.0016611295681063123,6331,63,0.04138549054209514,1.1766647648354231
5272,2026-04,13,14,0,1,603,0.001658374792703151,6331,63,0.01883271348929406,1.1897404809675411
5272,2026-05,14,15,0,1,605,0.001652892561983471,6331,63,-0.057762265046662105,1.2840368407019345
5272,2026-06,15,16,0,1,607,0.0016474464579901153,6331,63,0.016894379504506854,1.2975057235064746
5272,2026-07,16,17,0,1,607,0.0016474464579901153,6331,63,0.0,1.3097349779472311
5272,2026-08,17,18,0,1,607,0.0016474464579901153,6331,63,-0.028881132523331052,1.3014015771809062
5272,2026-09,18,19,0,1,609,0.0016420361247947454,6331,63,0.028881132523331052,1.3331178158691632
50863,2024-04,0,1,0,0,424,0.0,3674,36,0.09902102579427789,1.1196007929274396
50863,2024-05,1,2,0,1,427,0.00234192037470726,3674,36,0.10729586082894002,1.0793502168873725
50863,2024-06,2,3,0,1,429,0.002331002331002331,3674,36,0.14986845454989817,1.0565648314671656
50863,2024-07,3,4,0,1,431,0.002320185614849188,3674,36,0.08154672712469944,1.0610901275820477
50863,2024-08,4,5,0,1,431,0.002320185614849188,3674,36,0.10810611939196185,1.035557506706097
50863,2024-09,5,6,0,1,434,0.002304147465437788,3674,36,0.12118868910494979,1.0079953562057347
50863,2024-10,6,7,0,1,434,0.002304147465437788,3674,36,0.03465735902799727,1.0546712757671723
50863,2024-11,7,8,0,1,435,0.0022988505747126436,3674,36,0.10964690919019267,1.083885146238306
50863,2024-12,8,9,0,1,437,0.002288329519450801,3674,36,0.11295030226309093,1.0578770685669876
50863,2025-01,9,10,0,1,439,0.002277904328018223,3674,36,0.06027366787477785,1.0639814721622576
50863,2025-02,10,11,0,2,441,0.0045351473922902496,3674,36,0.06705991301808752,1.041125351269241
50863,2025-03,11,12,0,2,442,0.004524886877828055,3674,36,0.08834431400833713,1.068005514239093
50863,2025-04,12,13,0,2,444,0.0045045045045045045,3674,36,0.09155102405567583,1.0643961399390747
50863,2025-05,13,14,0,2,449,0.004454342984409799,3674,36,0.08107958954397139,1.0665699550696714
50863,2025-06,14,15,0,2,450,0.0044444444444444444,3674,36,0.036477864056412505,1.0212994490977243
50863,2025-07,15,16,0,2,450,0.0044444444444444444,3674,36,0.0,1.0567179183493203
50863,2025-08,16,17,0,2,452,0.004424778761061947,3674,36,0.05219845702064033,1.0667123990468685
50863,2025-09,17,18,0,2,456,0.0043859649122807015,3674,36,0.015321865838554887,1.0289684928357572
50863,2025-10,18,19,0,2,461,0.004338394793926247,3674,36,9.25185853854297e-18,1.0488229703270806
50863,2025-11,19,20,0,2,462,0.004329004329004329,3674,36,0.057762265046662105,1.0863264359323217
50863,2025-12,20,21,0,2,464,0.004310344827586207,3674,36,0.024491111037588276,1.0616424780684541
50863,2026-01,21,22,0,2,465,0.004301075268817204,3674,36,0.01689437950450685,1.0744180699368509
50863,2026-02,22,23,0,2,468,0.004273504273504274,3674,36,-0.007596731533081445,1.0552161377143243
50863,2026-03,23,24,0,2,468,0.004273504273504274,3674,36,0.018832713489294068,1.0850801719685974
50863,2026-04,24,25,0,2,469,0.0042643923240938165,3674,36,0.04911062484756859,1.0578518644566202
50863,2026-05,25,26,0,2,475,0.004210526315789474,3674,36,0.014019676525883873,1.065766651851548
50863,2026-06,26,27,0,2,476,0.004201680672268907,3674,36,0.006960586860965253,1.0609644046493114
50863,2026-07,27,28,0,2,476,0.004201680672268907,3674,36,0.01689437950450685,1.0520920085873686
50863,2026-08,28,29,0,2,478,0.0041841004184100415,3674,36,-0.052198457020640326,1.0692110377042636
50863,2026-09,29,30,0,2,479,0.0041753653444676405,3674,36,0.019583484551905634,1.1524440887542091
746838,2026-06,0,1,0,0,304,0.0,7373,73,0.0019383339847872105,1.113879126773931
746838,2026-07,1,2,0,1,305,0.003278688524590164,7373,73,-0.0064229449928024,1.1246289219438257
746838,2026-08,2,3,0,1,307,0.003257328990228013,7373,73,-0.0046344014629259855,1.1248101718553258
746838,2026-09,3,4,0,1,307,0.003257328990228013,7373,73,0.0021372205994812745,1.1322056398347364
816761,2025-02,0,1,0,0,211,0.0,7372,73,0.0973072881590432,1.1142198969623047
816761,2025-03,1,2,0,1,214,0.004672897196261682,7372,73,0.11283542504592543,1.1353609783715244
816761,2025-04,2,3,0,1,214,0.004672897196261682,7372,73,0.06326942225951557,1.1368294821628981
816761,2025-05,3,4,0,1,214,0.004672897196261682,7372,73,0.044493359583389826,1.1542201402402952
816761,2025-06,4,5,0,1,219,0.0045662100456621,7372,73,0.03370745817021112,1.139730556225464
816761,2025-07,5,6,0,1,219,0.0045662100456621,7372,73,-0.004240945596247593,1.1766278325855655
816761,2025-08,6,7,0,1,219,0.0045662100456621,7372,73,0.024491111037588303,1.173985185472681
816761,2025-09,7,8,0,1,221,0.004524886877828055,7372,73,0.0007374823791417388,1.1435010267671695
816761,2025-10,8,9,0,1,221,0.004524886877828055,7372,73,-0.0027482486579915497,1.1463893108873235
816761,2025-11,9,10,0,1,221,0.004524886877828055,7372,73,0.02796534474338209,1.1363171209019782
816761,2025-12,10,11,0,1,224,0.004464285714285714,7372,73,0.011127616052043534,1.1171703483571582
816761,2026-01,11,12,0,1,224,0.004464285714285714,7372,73,0.003087832173071764,1.1248411363421444
816761,2026-02,12,13,0,1,224,0.004464285714285714,7372,73,0.011177666108111653,1.1172457758694734
816761,2026-03,13,14,0,1,228,0.0043859649122807015,7372,73,0.0029953012297215067,1.098664750260752
816761,2026-04,14,15,0,1,229,0.004366812227074236,7372,73,0.018260622122131514,1.0909998676048183
816761,2026-05,15,16,0,1,229,0.004366812227074236,7372,73,-0.0021372205994812563,1.1093018750035222
816761,2026-06,16,17,0,1,232,0.004310344827586207,7372,73,0.0019383339847872105,1.113879126773931
816761,2026-07,17,18,0,1,233,0.004291845493562232,7372,73,-0.0064229449928024,1.1246289219438257
816761,2026-08,18,19,0,1,233,0.004291845493562232,7372,73,-0.0046344014629259855,1.1248101718553258
816761,2026-09,19,20,0,1,237,0.004219409282700422,7372,73,0.0021372205994812745,1.1322056398347364
876167,2025-01,0,1,0,0,302,0.0,7372,73,0.11676423240218049,1.135085206916423
876167,2025-02,1,2,0,1,304,0.003289473684210526,7372,73,0.0973072881590432,1.1142198969623047
876167,2025-03,2,3,0,1,304,0.003289473684210526,7372,73,0.11283542504592543,1.1353609783715244
876167,2025-04,3,4,0,1,306,0.0032679738562091504,7372,73,0.06326942225951557,1.1368294821628981
876167,2025-05,4,5,0,1,306,0.0032679738562091504,7372,73,0.044493359583389826,1.1542201402402952
876167,2025-06,5,6,0,1,307,0.003257328990228013,7372,73,0.03370745817021112,1.139730556225464
876167,2025-07,6,7,0,2,309,0.006472491909385114,7372,73,-0.004240945596247593,1.1766278325855655
876167,2025-08,7,8,0,2,310,0.0064516129032258064,7372,73,0.024491111037588303,1.173985185472681
876167,2025-09,8,9,0,2,310,0.0064516129032258064,7372,73,0.0007374823791417388,1.1435010267671695
876167,2025-10,9,10,0,4,312,0.01282051282051282,7372,73,-0.0027482486579915497,1.1463893108873235
876167,2025-11,10,11,0,4,312,0.01282051282051282,7372,73,0.02796534474338209,1.1363171209019782
876167,2025-12,11,12,0,4,312,0.01282051282051282,7372,73,0.011127616052043534,1.1171703483571582
876167,2026-01,12,13,0,4,312,0.01282051282051282,7372,73,0.003087832173071764,1.1248411363421444
876167,2026-02,13,14,0,5,314,0.01592356687898089,7372,73,0.011177666108111653,1.1172457758694734
876167,2026-03,14,15,0,5,314,0.01592356687898089,7372,73,0.0029953012297215067,1.098664750260752
876167,2026-04,15,16,0,6,316,0.0189873417721519,7372,73,0.018260622122131514,1.0909998676048183
876167,2026-05,16,17,0,6,316,0.0189873417721519,7372,73,-0.0021372205994812563,1.1093018750035222
876167,2026-06,17,18,0,6,317,0.01892744479495268,7372,73,0.0019383339847872105,1.113879126773931
876167,2026-07,18,19,0,7,319,0.0219435736677116,7372,73,-0.0064229449928024,1.1246289219438257
876167,2026-08,19,20,0,8,320,0.025,7372,73,-0.0046344014629259855,1.1248101718553258
876167,2026-09,20,21,0,8,320,0.025,7372,73,0.0021372205994812745,1.1322056398347364
887936,2026-05,0,1,0,0,452,0.0,8742,87,-0.01689437950450683,1.2490529227475076
887936,2026-06,1,2,0,1,453,0.002207505518763797,8742,87,-0.004907626485682641,1.261541479941197
887936,2026-07,2,3,0,1,454,0.0022026431718061676,8742,87,1.850371707708594e-17,1.2584949959751282
887936,2026-08,3,4,0,1,457,0.002188183807439825,8742,87,0.028881132523331073,1.2498199900485487
887936,2026-09,4,5,0,1,457,0.002188183807439825,8742,87,0.005563808026021785,1.2310734810884916
1018724,2024-02,0,1,0,0,271,0.0,5961,59,0.0,0.5802513450102227
1018724,2024-03,1,2,0,1,273,0.003663003663003663,5961,59,0.12380291634108463,0.7126619783131694
1018724,2024-04,2,3,1,1,273,0.003663003663003663,5961,59,0.11495985088815001,0.6855024832363131
1048695,2025-01,0,1,0,0,265,0.0,3576,35,0.06027366787477785,0.6658784997664567
1048695,2025-02,1,2,0,1,266,0.0037593984962406013,3576,35,0.07465664455116895,0.6550427842616093
1048695,2025-03,2,3,0,1,267,0.003745318352059925,3576,35,0.11552453009332421,0.6802926127459297
1048695,2025-04,3,4,0,1,268,0.0037313432835820895,3576,35,0.06705991301808752,0.7285974598416821
1048695,2025-05,4,5,0,1,269,0.0037174721189591076,3576,35,0.02888113252333105,0.6954463698046711
1048695,2025-06,5,6,0,1,270,0.003703703703703704,3576,35,0.06266989153234476,0.6931217514474733
1048695,2025-07,6,7,0,1,270,0.003703703703703704,3576,35,0.0,0.7634622998689308
1048695,2025-08,7,8,0,1,271,0.0036900369003690036,3576,35,0.011986753018824204,0.7723121806982174
1048695,2025-09,8,9,0,1,272,0.003676470588235294,3576,35,0.04215003798660335,0.7972808459752081
1048695,2025-10,9,10,0,1,273,0.003663003663003663,3576,35,0.0,0.8410169698993701
1048695,2025-11,10,11,0,1,275,0.0036363636363636364,3576,35,0.01689437950450685,0.8510597348331016
1048695,2025-12,11,12,0,1,276,0.0036231884057971015,3576,35,0.019583484551905644,0.8518413601227516
1048695,2026-01,12,13,0,1,276,0.0036231884057971015,3576,35,0.038178780494756454,0.8352326235986383
1048695,2026-02,13,14,0,1,277,0.0036101083032490976,3576,35,0.0119867530188242,0.8330675868090024
1048695,2026-03,14,15,0,1,278,0.0035971223021582736,3576,35,0.03724241150092069,0.8755473923654726
1048695,2026-04,15,16,0,1,279,0.0035842293906810036,3576,35,0.06266989153234476,0.8368445801427903
1048695,2026-05,16,17,0,1,281,0.0035587188612099642,3576,35,-0.007596731533081445,0.8166347462564593
1048695,2026-06,17,18,0,1,282,0.0035460992907801418,3576,35,0.014019676525883873,0.8186723965000069
1048695,2026-07,18,19,0,1,283,0.0035335689045936395,3576,35,0.0119867530188242,0.8200917023053527
1048695,2026-08,19,20,0,1,284,0.0035211267605633804,3576,35,-0.01689437950450685,0.8071636998719413
1048695,2026-09,20,21,0,1,285,0.0035087719298245615,3576,35,0.004390021485742764,0.8253162445496178
1101239,2025-02,0,1,0,0,455,0.0,6798,67,0.0,0.7965012041274929
1101239,2025-03,1,2,0,1,459,0.002178649237472767,6798,67,0.12043215657900685,0.9912153511195417
1101239,2025-04,2,3,0,1,460,0.002173913043478261,6798,67,0.09155102405567582,1.0048809062182682
1101239,2025-05,3,4,0,1,462,0.0021645021645021645,6798,67,0.04577551202783791,1.0338380833952265
1101239,2025-06,4,5,0,1,464,0.0021551724137931034,6798,67,0.03817878049475646,1.0295352198061791
1101239,2025-07,5,6,0,1,465,0.002150537634408602,6798,67,0.016894379504506854,1.035621201566785
1101239,2025-08,6,7,0,1,467,0.0021413276231263384,6798,67,0.016894379504506854,1.035621201566785
1101239,2025-09,7,8,0,1,468,0.002136752136752137,6798,67,-0.028881132523331052,1.0286872053401845
1101239,2025-10,8,9,0,1,468,0.002136752136752137,6798,67,-0.028881132523331052,1.0286872053401845
1101239,2025-11,9,10,0,1,470,0.002127659574468085,6798,67,0.0,1.0392098025904501
1101239,2025-12,10,11,0,1,474,0.002109704641350211,6798,67,0.021284400990249603,1.053014832287769
1101239,2026-01,11,12,0,1,475,0.002105263157894737,6798,67,0.08107958954397139,1.0270830176398607
1101239,2026-02,12,13,0,1,475,0.002105263157894737,6798,67,0.0119867530188242,1.011310711497817
1101239,2026-03,13,14,0,1,481,0.002079002079002079,6798,67,0.0491106248475686,1.0634320244800806
1101239,2026-04,14,15,0,1,483,0.002070393374741201,6798,67,0.06869410939947425,1.0577692762668225
1101239,2026-05,15,16,0,1,485,0.002061855670103093,6798,67,-0.08664339756999316,1.2521549643133567
1101239,2026-06,16,17,0,1,488,0.0020491803278688526,6798,67,-0.021284400990249624,1.308690408650168
1101239,2026-07,17,18,0,1,488,0.0020491803278688526,6798,67,0.01689437950450685,1.2732295231260609
1101239,2026-08,18,19,0,1,492,0.0020325203252032522,6798,67,0.01689437950450685,1.2732295231260609
1101239,2026-09,19,20,0,1,493,0.002028397565922921,6798,67,-0.024491111037588303,1.2384555101137251
1108524,2025-03,0,1,0,0,338,0.0,7372,73,0.11283542504592543,1.1353609783715244
1108524,2025-04,1,2,0,1,339,0.0029498525073746312,7372,73,0.06326942225951557,1.1368294821628981
1108524,2025-05,2,3,0,1,339,0.0029498525073746312,7372,73,0.044493359583389826,1.1542201402402952
1108524,2025-06,3,4,0,1,342,0.0029239766081871343,7372,73,0.03370745817021112,1.139730556225464
1108524,2025-07,4,5,0,1,344,0.0029069767441860465,7372,73,-0.004240945596247593,1.1766278325855655
1108524,2025-08,5,6,0,1,345,0.002898550724637681,7372,73,0.024491111037588303,1.173985185472681
1108524,2025-09,6,7,0,1,345,0.002898550724637681,7372,73,0.0007374823791417388,1.1435010267671695
1108524,2025-10,7,8,0,1,347,0.002881844380403458,7372,73,-0.0027482486579915497,1.1463893108873235
1108524,2025-11,8,9,0,1,348,0.0028735632183908046,7372,73,0.02796534474338209,1.1363171209019782
1108524,2025-12,9,10,0,1,349,0.0028653295128939827,7372,73,0.011127616052043534,1.1171703483571582
1108524,2026-01,10,11,0,1,351,0.002849002849002849,7372,73,0.003087832173071764,1.1248411363421444
1108524,2026-02,11,12,0,1,351,0.002849002849002849,7372,73,0.011177666108111653,1.1172457758694734
1108524,2026-03,12,13,0,1,352,0.002840909090909091,7372,73,0.0029953012297215067,1.098664750260752
1108524,2026-04,13,14,0,2,357,0.0056022408963585435,7372,73,0.018260622122131514,1.0909998676048183
1108524,2026-05,14,15,0,2,357,0.0056022408963585435,7372,73,-0.0021372205994812563,1.1093018750035222
1108524,2026-06,15,16,0,2,359,0.005571030640668524,7372,73,0.0019383339847872105,1.113879126773931
1108524,2026-07,16,17,0,2,361,0.00554016620498615,7372,73,-0.0064229449928024,1.1246289219438257
1108524,2026-08,17,18,0,2,361,0.00554016620498615,7372,73,-0.0046344014629259855,1.1248101718553258
1108524,2026-09,18,19,0,2,364,0.005494505494505495,7372,73,0.0021372205994812745,1.1322056398347364
1126741,2023-05,0,1,0,0,199,0.0,3674,36,,
1126741,2023-06,1,2,0,1,200,0.005,3674,36,,
1126741,2023-07,2,3,0,1,202,0.0049504950495049506,3674,36,,
1126741,2023-08,3,4,0,1,204,0.004901960784313725,3674,36,0.11552453009332421,1.0343556047196514
1126741,2023-09,4,5,0,1,207,0.004830917874396135,3674,36,0.31388922533374564,1.0802852078983154
1126741,2023-10,5,6,0,1,208,0.004807692307692308,3674,36,0.13732653608351372,1.117897404160327
1126741,2023-11,6,7,0,1,209,0.004784688995215311,3674,36,0.12206803207423442,1.0466987044757714
1126741,2023-12,7,8,0,1,210,0.004761904761904762,3674,36,0.23025850929940458,1.044461135185081
1126741,2024-01,8,9,0,1,210,0.004761904761904762,3674,36,0.06301338005090412,1.1355568776823648
1126741,2024-02,9,10,0,1,212,0.0047169811320754715,3674,36,0.1493132891023379,1.1232253571510817
1126741,2024-03,10,11,0,1,213,0.004694835680751174,3674,36,0.2030044099704045,1.0926914065809303
1126741,2024-04,11,12,0,1,213,0.004694835680751174,3674,36,0.09902102579427789,1.1196007929274396
1126741,2024-05,12,13,0,1,214,0.004672897196261682,3674,36,0.10729586082894002,1.0793502168873725
1126741,2024-06,13,14,0,1,218,0.0045871559633027525,3674,36,0.14986845454989817,1.0565648314671656
1126741,2024-07,14,15,0,2,220,0.00909090909090909,3674,36,0.08154672712469944,1.0610901275820477
1126741,2024-08,15,16,0,2,221,0.00904977375565611,3674,36,0.10810611939196185,1.035557506706097
1126741,2024-09,16,17,0,2,223,0.008968609865470852,3674,36,0.12118868910494979,1.0079953562057347
1126741,2024-10,17,18,0,2,223,0.008968609865470852,3674,36,0.03465735902799727,1.0546712757671723
1126741,2024-11,18,19,0,2,225,0.008888888888888889,3674,36,0.10964690919019267,1.083885146238306
1126741,2024-12,19,20,0,2,226,0.008849557522123894,3674,36,0.11295030226309093,1.0578770685669876
1126741,2025-01,20,21,0,2,226,0.008849557522123894,3674,36,0.06027366787477785,1.0639814721622576
1126741,2025-02,21,22,0,2,227,0.00881057268722467,3674,36,0.06705991301808752,1.041125351269241
1126741,2025-03,22,23,0,2,228,0.008771929824561403,3674,36,0.08834431400833713,1.068005514239093
1126741,2025-04,23,24,0,2,228,0.008771929824561403,3674,36,0.09155102405567583,1.0643961399390747
1126741,2025-05,24,25,0,2,228,0.008771929824561403,3674,36,0.08107958954397139,1.0665699550696714
1126741,2025-06,25,26,0,2,230,0.008695652173913044,3674,36,0.036477864056412505,1.0212994490977243
1126741,2025-07,26,27,0,3,232,0.01293103448275862,3674,36,0.0,1.0567179183493203
1126741,2025-08,27,28,0,3,233,0.012875536480686695,3674,36,0.05219845702064033,1.0667123990468685
1126741,2025-09,28,29,0,3,235,0.01276595744680851,3674,36,0.015321865838554887,1.0289684928357572
1126741,2025-10,29,30,0,3,235,0.01276595744680851,3674,36,9.25185853854297e-18,1.0488229703270806
1126741,2025-11,30,31,0,4,238,0.01680672268907563,3674,36,0.057762265046662105,1.0863264359323217
1126741,2025-12,31,32,0,4,239,0.016736401673640166,3674,36,0.024491111037588276,1.0616424780684541
1126741,2026-01,32,33,0,4,239,0.016736401673640166,3674,36,0.01689437950450685,1.0744180699368509
1126741,2026-02,33,34,0,4,240,0.016666666666666666,3674,36,-0.007596731533081445,1.0552161377143243
1126741,2026-03,34,35,0,4,241,0.016597510373443983,3674,36,0.018832713489294068,1.0850801719685974
1126741,2026-04,35,36,0,4,242,0.01652892561983471,3674,36,0.04911062484756859,1.0578518644566202
1126741,2026-05,36,37,0,4,242,0.01652892561983471,3674,36,0.014019676525883873,1.065766651851548
1126741,2026-06,37,38,0,4,245,0.0163265306122449,3674,36,0.006960586860965253,1.0609644046493114
1126741,2026-07,38,39,0,5,246,0.02032520325203252,3674,36,0.01689437950450685,1.0520920085873686
1126741,2026-08,39,40,0,5,247,0.020242914979757085,3674,36,-0.052198457020640326,1.0692110377042636
1126741,2026-09,40,41,0,5,249,0.020080321285140562,3674,36,0.019583484551905634,1.1524440887542091
1169561,2026-01,0,1,0,0,208,0.0,7372,73,0.003087832173071764,1.1248411363421444
1169561,2026-02,1,2,0,1,210,0.004761904761904762,7372,73,0.011177666108111653,1.1172457758694734
1169561,2026-03,2,3,0,1,210,0.004761904761904762,7372,73,0.0029953012297215067,1.098664750260752
1169561,2026-04,3,4,0,1,210,0.004761904761904762,7372,73,0.018260622122131514,1.0909998676048183
1169561,2026-05,4,5,0,1,212,0.0047169811320754715,7372,73,-0.0021372205994812563,1.1093018750035222
1169561,2026-06,5,6,0,1,213,0.004694835680751174,7372,73,0.0019383339847872105,1.113879126773931
1169561,2026-07,6,7,0,1,213,0.004694835680751174,7372,73,-0.0064229449928024,1.1246289219438257
1169561,2026-08,7,8,0,1,215,0.004651162790697674,7372,73,-0.0046344014629259855,1.1248101718553258
1169561,2026-09,8,9,0,1,216,0.004629629629629629,7372,73,0.0021372205994812745,1.1322056398347364
1341439,2025-06,0,1,0,0,265,0.0,7372,73,0.03370745817021112,1.139730556225464
1341439,2025-07,1,2,0,1,268,0.0037313432835820895,7372,73,-0.004240945596247593,1.1766278325855655
1341439,2025-08,2,3,0,1,268,0.0037313432835820895,7372,73,0.024491111037588303,1.173985185472681
1341439,2025-09,3,4,0,1,268,0.0037313432835820895,7372,73,0.0007374823791417388,1.1435010267671695
1341439,2025-10,4,5,0,1,272,0.003676470588235294,7372,73,-0.0027482486579915497,1.1463893108873235
1341439,2025-11,5,6,0,1,272,0.003676470588235294,7372,73,0.02796534474338209,1.1363171209019782
1341439,2025-12,6,7,0,1,273,0.003663003663003663,7372,73,0.011127616052043534,1.1171703483571582
1341439,2026-01,7,8,0,1,275,0.0036363636363636364,7372,73,0.003087832173071764,1.1248411363421444
1341439,2026-02,8,9,0,1,276,0.0036231884057971015,7372,73,0.011177666108111653,1.1172457758694734
1341439,2026-03,9,10,0,1,278,0.0035971223021582736,7372,73,0.0029953012297215067,1.098664750260752
1341439,2026-04,10,11,0,1,280,0.0035714285714285713,7372,73,0.018260622122131514,1.0909998676048183
1341439,2026-05,11,12,0,1,281,0.0035587188612099642,7372,73,-0.0021372205994812563,1.1093018750035222
1341439,2026-06,12,13,0,1,282,0.0035460992907801418,7372,73,0.0019383339847872105,1.113879126773931
1341439,2026-07,13,14,0,2,284,0.007042253521126761,7372,73,-0.0064229449928024,1.1246289219438257
1341439,2026-08,14,15,0,2,284,0.007042253521126761,7372,73,-0.0046344014629259855,1.1248101718553258
1341439,2026-09,15,16,0,2,284,0.007042253521126761,7372,73,0.0021372205994812745,1.1322056398347364
1364954,2025-02,0,1,0,0,163,0.0,8200,82,0.0,1.1030402235060066
1364954,2025-03,1,2,0,1,165,0.006060606060606061,8200,82,0.06705991301808752,1.1923226187937361
1364954,2025-04,2,3,0,1,168,0.005952380952380952,8200,82,0.02888113252333106,1.231741635431972
1364954,2025-05,3,4,0,1,169,0.005917159763313609,8200,82,0.0,1.2235884033761941
1364954,2025-06,4,5,0,1,171,0.005847953216374269,8200,82,0.0119867530188242,1.2291297742754352
1364954,2025-07,5,6,0,1,172,0.005813953488372093,8200,82,0.028881132523331052,1.2159164301538326
1364954,2025-08,6,7,0,1,172,0.005813953488372093,8200,82,0.028881132523331052,1.2159164301538326
1364954,2025-09,7,8,0,1,174,0.005747126436781609,8200,82,0.0,1.1902333244321073
1364954,2025-10,8,9,0,1,174,0.005747126436781609,8200,82,0.028881132523331052,1.1632356580976244
1364954,2025-11,9,10,0,1,175,0.005714285714285714,8200,82,0.0,1.1439665429674795
1364954,2025-12,10,11,0,1,178,0.0056179775280898875,8200,82,-0.009297647971425405,1.140535931035193
1364954,2026-01,11,12,0,1,180,0.005555555555555556,8200,82,0.028881132523331052,1.0992315356082114
1364954,2026-02,12,13,0,1,180,0.005555555555555556,8200,82,0.0,1.1090850356239916
1364954,2026-03,13,14,0,1,182,0.005494505494505495,8200,82,-0.01047143451170443,1.0884320596720605
1364954,2026-04,14,15,0,1,184,0.005434782608695652,8200,82,0.02888113252333105,1.0209111866790082
1364954,2026-05,15,16,0,1,185,0.005405405405405406,8200,82,-0.02888113252333106,1.0209111866790082
1364954,2026-06,16,17,0,1,187,0.0053475935828877,8200,82,0.01198675301882419,1.058011929298962
1364954,2026-07,17,18,0,1,188,0.005319148936170213,8200,82,0.0,1.0726696490371403
1364954,2026-08,18,19,0,1,189,0.005291005291005291,8200,82,-0.028881132523331052,1.0624784838273094
1364954,2026-09,19,20,0,1,191,0.005235602094240838,8200,82,-0.021284400990249603,1.0701543706475494
1378590,2024-05,0,1,0,0,251,0.0,7372,73,0.17268447769638845,1.2364442321026
1378590,2024-06,1,2,0,1,253,0.003952569169960474,7372,73,0.23360435114271053,1.2191203436021358
1378590,2024-07,2,3,0,1,254,0.003937007874015748,7372,73,0.14451386898948848,1.236242067557177
1378590,2024-08,3,4,0,1,254,0.003937007874015748,7372,73,0.141054103947682,1.199420791726939
1378590,2024-09,4,5,0,1,258,0.003875968992248062,7372,73,0.191451903143494,1.1861476593875502
1378590,2024-10,5,6,0,1,259,0.003861003861003861,7372,73,0.12424533248940002,1.192992426201793
1378590,2024-11,6,7,0,1,259,0.003861003861003861,7372,73,0.13300990521154843,1.163478643964356
1378590,2024-12,7,8,0,1,259,0.003861003861003861,7372,73,0.15984128309877954,1.1423921320547386
1378590,2025-01,8,9,0,2,261,0.007662835249042145,7372,73,0.11676423240218049,1.135085206916423
1378590,2025-02,9,10,0,2,261,0.007662835249042145,7372,73,0.0973072881590432,1.1142198969623047
1378590,2025-03,10,11,0,3,266,0.011278195488721804,7372,73,0.11283542504592543,1.1353609783715244
1378590,2025-04,11,12,0,3,268,0.011194029850746268,7372,73,0.06326942225951557,1.1368294821628981
1378590,2025-05,12,13,0,3,268,0.011194029850746268,7372,73,0.044493359583389826,1.1542201402402952
1378590,2025-06,13,14,0,3,270,0.011111111111111112,7372,73,0.03370745817021112,1.139730556225464
1378590,2025-07,14,15,0,3,270,0.011111111111111112,7372,73,-0.004240945596247593,1.1766278325855655
1378590,2025-08,15,16,0,3,270,0.011111111111111112,7372,73,0.024491111037588303,1.173985185472681
1378590,2025-09,16,17,0,3,272,0.011029411764705883,7372,73,0.0007374823791417388,1.1435010267671695
1378590,2025-10,17,18,0,3,273,0.01098901098901099,7372,73,-0.0027482486579915497,1.1463893108873235
1378590,2025-11,18,19,0,3,273,0.01098901098901099,7372,73,0.02796534474338209,1.1363171209019782
1378590,2025-12,19,20,1,3,273,0.01098901098901099,7372,73,0.011127616052043534,1.1171703483571582
1386301,2024-11,0,1,0,0,154,0.0,7389,73,0.13300990521154843,1.163478643964356
1386301,2024-12,1,2,0,1,157,0.006369426751592357,7389,73,0.15984128309877954,1.1423921320547386
1386301,2025-01,2,3,0,1,158,0.006329113924050633,7389,73,0.11676423240218049,1.135085206916423
1386301,2025-02,3,4,0,1,158,0.006329113924050633,7389,73,0.0973072881590432,1.1142198969623047
1386301,2025-03,4,5,0,2,160,0.0125,7389,73,0.11283542504592543,1.1353609783715244
1386301,2025-04,5,6,0,2,160,0.0125,7389,73,0.06326942225951557,1.1368294821628981
1386301,2025-05,6,7,0,2,161,0.012422360248447204,7389,73,0.044493359583389826,1.1542201402402952
1386301,2025-06,7,8,0,3,163,0.018404907975460124,7389,73,0.03370745817021112,1.139730556225464
1386301,2025-07,8,9,0,3,163,0.018404907975460124,7389,73,-0.004240945596247593,1.1766278325855655
1386301,2025-08,9,10,0,3,164,0.018292682926829267,7389,73,0.024491111037588303,1.173985185472681
1386301,2025-09,10,11,0,3,165,0.01818181818181818,7389,73,0.0007374823791417388,1.1435010267671695
1386301,2025-10,11,12,0,4,167,0.023952095808383235,7389,73,-0.0027482486579915497,1.1463893108873235
1386301,2025-11,12,13,0,4,167,0.023952095808383235,7389,73,0.02796534474338209,1.1363171209019782
1386301,2025-12,13,14,0,5,170,0.029411764705882353,7389,73,0.011127616052043534,1.1171703483571582
1386301,2026-01,14,15,0,5,171,0.029239766081871343,7389,73,0.003087832173071764,1.1248411363421444
1386301,2026-02,15,16,0,5,171,0.029239766081871343,7389,73,0.011177666108111653,1.1172457758694734
1386301,2026-03,16,17,0,6,173,0.03468208092485549,7389,73,0.0029953012297215067,1.098664750260752
1386301,2026-04,17,18,0,6,173,0.03468208092485549,7389,73,0.018260622122131514,1.0909998676048183
1386301,2026-05,18,19,0,6,173,0.03468208092485549,7389,73,-0.0021372205994812563,1.1093018750035222
1386301,2026-06,19,20,0,7,175,0.04,7389,73,0.0019383339847872105,1.113879126773931
1386301,2026-07,20,21,0,7,175,0.04,7389,73,-0.0064229449928024,1.1246289219438257
1386301,2026-08,21,22,0,7,175,0.04,7389,73,-0.0046344014629259855,1.1248101718553258
1386301,2026-09,22,23,0,7,176,0.03977272727272727,7389,73,0.0021372205994812745,1.1322056398347364
1414767,2026-05,0,1,0,0,149,0.0,6199,61,0.03817878049475646,0.7658193163977582
1414767,2026-06,1,2,0,1,152,0.006578947368421052,6199,61,0.025793300350259313,0.7662657446091471
1414767,2026-07,2,3,0,1,156,0.00641025641025641,6199,61,0.04086788554215525,0.7517643080827278
1414767,2026-08,3,4,0,1,158,0.006329113924050633,6199,61,0.016894379504506857,0.7391268170492111
1414767,2026-09,4,5,0,1,162,0.006172839506172839,6199,61,0.02888113252333104,0.7479821159954347
1441816,2023-08,0,1,0,0,65,0.0,7372,73,0.31618666414764685,1.054404956744955
1441816,2023-09,1,2,0,1,66,0.015151515151515152,7372,73,0.5171266546609977,1.0995967454114626
1441816,2023-10,2,3,0,1,67,0.014925373134328358,7372,73,0.34394191413024355,1.129746081387213
1441816,2023-11,3,4,0,1,67,0.014925373134328358,7372,73,0.22632021414011552,1.1141360828622564
1441816,2023-12,4,5,0,1,67,0.014925373134328358,7372,73,0.34863551900024625,1.1193692038801548
1441816,2024-01,5,6,0,2,69,0.028985507246376812,7372,73,0.2331772143146851,1.1288602634805005
1441816,2024-02,6,7,0,2,69,0.028985507246376812,7372,73,0.12219475573278558,1.1429273798434205
1441816,2024-03,7,8,0,2,69,0.028985507246376812,7372,73,0.3063686212551041,1.2799946269163518
1441816,2024-04,8,9,0,4,71,0.056338028169014086,7372,73,0.2345295961432694,1.258812285923588
1441816,2024-05,9,10,0,4,71,0.056338028169014086,7372,73,0.17268447769638845,1.2364442321026
1441816,2024-06,10,11,0,4,73,0.0547945205479452,7372,73,0.23360435114271053,1.2191203436021358
1441816,2024-07,11,12,0,4,74,0.05405405405405406,7372,73,0.14451386898948848,1.236242067557177
1441816,2024-08,12,13,0,4,74,0.05405405405405406,7372,73,0.141054103947682,1.199420791726939
1441816,2024-09,13,14,0,5,76,0.06578947368421052,7372,73,0.191451903143494,1.1861476593875502
1441816,2024-10,14,15,0,5,76,0.06578947368421052,7372,73,0.12424533248940002,1.192992426201793
1441816,2024-11,15,16,0,5,77,0.06493506493506493,7372,73,0.13300990521154843,1.163478643964356
1441816,2024-12,16,17,0,5,78,0.0641025641025641,7372,73,0.15984128309877954,1.1423921320547386
1441816,2025-01,17,18,0,5,81,0.06172839506172839,7372,73,0.11676423240218049,1.135085206916423
1441816,2025-02,18,19,0,5,81,0.06172839506172839,7372,73,0.0973072881590432,1.1142198969623047
1441816,2025-03,19,20,0,5,83,0.060240963855421686,7372,73,0.11283542504592543,1.1353609783715244
1441816,2025-04,20,21,0,6,85,0.07058823529411765,7372,73,0.06326942225951557,1.1368294821628981
1441816,2025-05,21,22,0,6,87,0.06896551724137931,7372,73,0.044493359583389826,1.1542201402402952
1441816,2025-06,22,23,0,6,87,0.06896551724137931,7372,73,0.03370745817021112,1.139730556225464
1441816,2025-07,23,24,0,6,89,0.06741573033707865,7372,73,-0.004240945596247593,1.1766278325855655
1441816,2025-08,24,25,0,6,90,0.06666666666666667,7372,73,0.024491111037588303,1.173985185472681
1441816,2025-09,25,26,0,6,92,0.06521739130434782,7372,73,0.0007374823791417388,1.1435010267671695
1441816,2025-10,26,27,0,7,93,0.07526881720430108,7372,73,-0.0027482486579915497,1.1463893108873235
1441816,2025-11,27,28,0,7,93,0.07526881720430108,7372,73,0.02796534474338209,1.1363171209019782
1441816,2025-12,28,29,0,7,94,0.07446808510638298,7372,73,0.011127616052043534,1.1171703483571582
1441816,2026-01,29,30,0,9,96,0.09375,7372,73,0.003087832173071764,1.1248411363421444
1441816,2026-02,30,31,0,9,96,0.09375,7372,73,0.011177666108111653,1.1172457758694734
1441816,2026-03,31,32,0,9,96,0.09375,7372,73,0.0029953012297215067,1.098664750260752
1441816,2026-04,32,33,0,11,98,0.11224489795918367,7372,73,0.018260622122131514,1.0909998676048183
1441816,2026-05,33,34,0,11,98,0.11224489795918367,7372,73,-0.0021372205994812563,1.1093018750035222
1441816,2026-06,34,35,0,12,100,0.12,7372,73,0.0019383339847872105,1.113879126773931
1441816,2026-07,35,36,0,12,100,0.12,7372,73,-0.0064229449928024,1.1246289219438257
1441816,2026-08,36,37,0,12,101,0.1188118811881188,7372,73,-0.0046344014629259855,1.1248101718553258
1441816,2026-09,37,38,0,12,101,0.1188118811881188,7372,73,0.0021372205994812745,1.1322056398347364
1462056,2026-06,0,1,0,0,58,0.0,7372,73,0.0019383339847872105,1.113879126773931
1462056,2026-07,1,2,0,1,59,0.01694915254237288,7372,73,-0.0064229449928024,1.1246289219438257
1462056,2026-08,2,3,0,1,60,0.016666666666666666,7372,73,-0.0046344014629259855,1.1248101718553258
1462056,2026-09,3,4,0,1,64,0.015625,7372,73,0.0021372205994812745,1.1322056398347364
1505155,2026-05,0,1,0,0,169,0.0,7372,73,-0.0021372205994812563,1.1093018750035222
1505155,2026-06,1,2,0,1,171,0.005847953216374269,7372,73,0.0019383339847872105,1.113879126773931
1505155,2026-07,2,3,0,1,172,0.005813953488372093,7372,73,-0.0064229449928024,1.1246289219438257
1505155,2026-08,3,4,0,1,175,0.005714285714285714,7372,73,-0.0046344014629259855,1.1248101718553258
1505155,2026-09,4,5,0,1,178,0.0056179775280898875,7372,73,0.0021372205994812745,1.1322056398347364
1533998,2025-03,0,1,0,0,170,0.0,3841,38,0.12482217806474961,1.2441845304850185
1533998,2025-04,1,2,0,1,173,0.005780346820809248,3841,38,0.12268495746526835,1.2444522946482903
1533998,2025-05,2,3,0,1,175,0.005714285714285714,3841,38,0.06705991301808752,1.279516761137865
1533998,2025-06,3,4,0,1,179,0.00558659217877095,3841,38,0.11283542504592542,1.2965517142638843
1533998,2025-07,4,5,0,1,179,0.00558659217877095,3841,38,0.057762265046662105,1.3292134482334792
1533998,2025-08,5,6,0,1,181,0.0055248618784530384,3841,38,0.045775512027837896,1.3245233415713669
1533998,2025-09,6,7,0,1,183,0.00546448087431694,3841,38,0.04577551202783791,1.3245233415713669
1533998,2025-10,7,8,0,1,186,0.005376344086021506,3841,38,0.0,1.3771562209914512
1533998,2025-11,8,9,0,1,186,0.005376344086021506,3841,38,0.08107958954397139,1.3917778957692883
1533998,2025-12,9,10,0,1,188,0.005319148936170213,3841,38,0.02245818753052864,1.3384233259581546
1533998,2026-01,10,11,0,1,188,0.005319148936170213,3841,38,0.028881132523331077,1.3289026640847932
1533998,2026-02,11,12,0,1,189,0.005291005291005291,3841,38,0.06705991301808752,1.341142788146683
1533998,2026-03,12,13,0,1,190,0.005263157894736842,3841,38,0.042440399208107236,1.2980252971388586
1533998,2026-04,13,14,0,1,192,0.005208333333333333,3841,38,0.06200321064290973,1.2911423253430816
1533998,2026-05,14,15,0,1,193,0.0051813471502590676,3841,38,0.07465664455116898,1.2719543338514527
1533998,2026-06,15,16,0,1,194,0.005154639175257732,3841,38,0.04086788554215528,1.2345790761375406
1533998,2026-07,16,17,0,1,194,0.005154639175257732,3841,38,0.03530407751613349,1.2383260473262416
1533998,2026-08,17,18,0,1,196,0.00510204081632653,3841,38,0.05016553351358069,1.2400230421264404
1533998,2026-09,18,19,0,1,198,0.005050505050505051,3841,38,0.04086788554215528,1.2358218221984933
1600641,2026-09,0,1,0,0,61,0.0,5961,59,0.038178780494756474,0.9270856988408348
1601830,2023-05,0,1,0,0,35,0.0,2836,28,,
1601830,2023-06,1,2,0,1,40,0.025,2836,28,,
1601830,2023-07,2,3,0,1,43,0.023255813953488372,2836,28,,
1601830,2023-08,3,4,0,1,44,0.022727272727272728,2836,28,0.11552453009332421,0.5771154111104735
1601830,2023-09,4,5,0,1,46,0.021739130434782608,2836,28,0.4129102511280235,0.9469000480400795
1601830,2023-10,5,6,0,1,47,0.02127659574468085,2836,28,0.13732653608351372,1.1730738443290718
1601830,2023-11,6,7,0,1,48,0.020833333333333332,2836,28,0.12206803207423442,1.0982644768994736
1601830,2023-12,7,8,0,1,50,0.02,2836,28,0.32580965380214827,1.2195371274901814
1601830,2024-01,8,9,0,1,52,0.019230769230769232,2836,28,0.06301338005090416,1.4485249122011088
1601830,2024-02,9,10,1,1,54,0.018518518518518517,2836,28,0.09155102405567588,1.3846477935239305
1652044,2025-02,0,1,0,0,123,0.0,7370,73,0.0973072881590432,1.1142198969623047
1652044,2025-03,1,2,0,1,125,0.008,7370,73,0.11283542504592543,1.1353609783715244
1652044,2025-04,2,3,0,1,126,0.007936507936507936,7370,73,0.06326942225951557,1.1368294821628981
1652044,2025-05,3,4,0,1,129,0.007751937984496124,7370,73,0.044493359583389826,1.1542201402402952
1652044,2025-06,4,5,0,1,131,0.007633587786259542,7370,73,0.03370745817021112,1.139730556225464
1652044,2025-07,5,6,0,1,132,0.007575757575757576,7370,73,-0.004240945596247593,1.1766278325855655
1652044,2025-08,6,7,0,1,135,0.007407407407407408,7370,73,0.024491111037588303,1.173985185472681
1652044,2025-09,7,8,0,1,135,0.007407407407407408,7370,73,0.0007374823791417388,1.1435010267671695
1652044,2025-10,8,9,0,1,137,0.0072992700729927005,7370,73,-0.0027482486579915497,1.1463893108873235
1652044,2025-11,9,10,0,1,139,0.007194244604316547,7370,73,0.02796534474338209,1.1363171209019782
1652044,2025-12,10,11,0,1,140,0.007142857142857143,7370,73,0.011127616052043534,1.1171703483571582
1652044,2026-01,11,12,0,1,140,0.007142857142857143,7370,73,0.003087832173071764,1.1248411363421444
1652044,2026-02,12,13,0,1,140,0.007142857142857143,7370,73,0.011177666108111653,1.1172457758694734
1652044,2026-03,13,14,0,1,143,0.006993006993006993,7370,73,0.0029953012297215067,1.098664750260752
1652044,2026-04,14,15,0,1,144,0.006944444444444444,7370,73,0.018260622122131514,1.0909998676048183
1652044,2026-05,15,16,0,1,148,0.006756756756756757,7370,73,-0.0021372205994812563,1.1093018750035222
1652044,2026-06,16,17,0,1,150,0.006666666666666667,7370,73,0.0019383339847872105,1.113879126773931
1652044,2026-07,17,18,0,1,154,0.006493506493506494,7370,73,-0.0064229449928024,1.1246289219438257
1652044,2026-08,18,19,0,1,156,0.00641025641025641,7370,73,-0.0046344014629259855,1.1248101718553258
1652044,2026-09,19,20,0,1,157,0.006369426751592357,7370,73,0.0021372205994812745,1.1322056398347364
1653558,2026-09,0,1,0,0,152,0.0,7389,73,0.0021372205994812745,1.1322056398347364
1662991,2026-03,0,1,0,0,113,0.0,7389,73,0.0029953012297215067,1.098664750260752
1662991,2026-04,1,2,0,1,115,0.008695652173913044,7389,73,0.018260622122131514,1.0909998676048183
1662991,2026-05,2,3,0,1,117,0.008547008547008548,7389,73,-0.0021372205994812563,1.1093018750035222
1662991,2026-06,3,4,0,1,121,0.008264462809917356,7389,73,0.0019383339847872105,1.113879126773931
1662991,2026-07,4,5,0,1,121,0.008264462809917356,7389,73,-0.0064229449928024,1.1246289219438257
1662991,2026-08,5,6,0,1,122,0.00819672131147541,7389,73,-0.0046344014629259855,1.1248101718553258
1662991,2026-09,6,7,0,1,127,0.007874015748031496,7389,73,0.0021372205994812745,1.1322056398347364
1707753,2023-06,0,1,0,0,58,0.0,7372,73,,
1707753,2023-07,1,2,0,2,61,0.03278688524590164,7372,73,,
1707753,2023-08,2,3,0,2,61,0.03278688524590164,7372,73,0.31618666414764685,1.054404956744955
1707753,2023-09,3,4,0,3,62,0.04838709677419355,7372,73,0.5171266546609977,1.0995967454114626
1707753,2023-10,4,5,0,3,63,0.047619047619047616,7372,73,0.34394191413024355,1.129746081387213
1707753,2023-11,5,6,0,3,64,0.046875,7372,73,0.22632021414011552,1.1141360828622564
1707753,2023-12,6,7,0,4,65,0.06153846153846154,7372,73,0.34863551900024625,1.1193692038801548
1707753,2024-01,7,8,0,4,67,0.05970149253731343,7372,73,0.2331772143146851,1.1288602634805005
1707753,2024-02,8,9,0,4,67,0.05970149253731343,7372,73,0.12219475573278558,1.1429273798434205
1707753,2024-03,9,10,0,4,68,0.058823529411764705,7372,73,0.3063686212551041,1.2799946269163518
1707753,2024-04,10,11,0,4,69,0.057971014492753624,7372,73,0.2345295961432694,1.258812285923588
1707753,2024-05,11,12,0,4,69,0.057971014492753624,7372,73,0.17268447769638845,1.2364442321026
1707753,2024-06,12,13,0,5,70,0.07142857142857142,7372,73,0.23360435114271053,1.2191203436021358
1707753,2024-07,13,14,0,6,71,0.08450704225352113,7372,73,0.14451386898948848,1.236242067557177
1707753,2024-08,14,15,0,6,71,0.08450704225352113,7372,73,0.141054103947682,1.199420791726939
1707753,2024-09,15,16,0,8,73,0.1095890410958904,7372,73,0.191451903143494,1.1861476593875502
1707753,2024-10,16,17,0,8,73,0.1095890410958904,7372,73,0.12424533248940002,1.192992426201793
1707753,2024-11,17,18,0,8,74,0.10810810810810811,7372,73,0.13300990521154843,1.163478643964356
1707753,2024-12,18,19,0,10,76,0.13157894736842105,7372,73,0.15984128309877954,1.1423921320547386
1707753,2025-01,19,20,0,10,76,0.13157894736842105,7372,73,0.11676423240218049,1.135085206916423
1707753,2025-02,20,21,0,10,76,0.13157894736842105,7372,73,0.0973072881590432,1.1142198969623047
1707753,2025-03,21,22,0,11,78,0.14102564102564102,7372,73,0.11283542504592543,1.1353609783715244
1707753,2025-04,22,23,0,11,78,0.14102564102564102,7372,73,0.06326942225951557,1.1368294821628981
1707753,2025-05,23,24,0,11,78,0.14102564102564102,7372,73,0.044493359583389826,1.1542201402402952
1707753,2025-06,24,25,0,12,79,0.1518987341772152,7372,73,0.03370745817021112,1.139730556225464
1707753,2025-07,25,26,0,13,80,0.1625,7372,73,-0.004240945596247593,1.1766278325855655
1707753,2025-08,26,27,0,13,80,0.1625,7372,73,0.024491111037588303,1.173985185472681
1707753,2025-09,27,28,0,14,82,0.17073170731707318,7372,73,0.0007374823791417388,1.1435010267671695
1707753,2025-10,28,29,0,14,83,0.1686746987951807,7372,73,-0.0027482486579915497,1.1463893108873235
1707753,2025-11,29,30,0,14,85,0.16470588235294117,7372,73,0.02796534474338209,1.1363171209019782
1707753,2025-12,30,31,0,16,87,0.1839080459770115,7372,73,0.011127616052043534,1.1171703483571582
1707753,2026-01,31,32,0,16,87,0.1839080459770115,7372,73,0.003087832173071764,1.1248411363421444
1707753,2026-02,32,33,0,16,87,0.1839080459770115,7372,73,0.011177666108111653,1.1172457758694734
1707753,2026-03,33,34,0,17,89,0.19101123595505617,7372,73,0.0029953012297215067,1.098664750260752
1707753,2026-04,34,35,0,17,89,0.19101123595505617,7372,73,0.018260622122131514,1.0909998676048183
1707753,2026-05,35,36,0,17,89,0.19101123595505617,7372,73,-0.0021372205994812563,1.1093018750035222
1707753,2026-06,36,37,1,17,90,0.18888888888888888,7372,73,0.0019383339847872105,1.113879126773931
1725057,2024-07,0,1,0,0,104,0.0,7372,73,0.14451386898948848,1.236242067557177
1725057,2024-08,1,2,0,1,106,0.009433962264150943,7372,73,0.141054103947682,1.199420791726939
1725057,2024-09,2,3,0,1,106,0.009433962264150943,7372,73,0.191451903143494,1.1861476593875502
1725057,2024-10,3,4,0,1,108,0.009259259259259259,7372,73,0.12424533248940002,1.192992426201793
1725057,2024-11,4,5,0,1,111,0.009009009009009009,7372,73,0.13300990521154843,1.163478643964356
1725057,2024-12,5,6,0,1,111,0.009009009009009009,7372,73,0.15984128309877954,1.1423921320547386
1725057,2025-01,6,7,0,1,111,0.009009009009009009,7372,73,0.11676423240218049,1.135085206916423
1725057,2025-02,7,8,0,1,111,0.009009009009009009,7372,73,0.0973072881590432,1.1142198969623047
1725057,2025-03,8,9,0,1,115,0.008695652173913044,7372,73,0.11283542504592543,1.1353609783715244
1725057,2025-04,9,10,0,1,116,0.008620689655172414,7372,73,0.06326942225951557,1.1368294821628981
1725057,2025-05,10,11,0,1,116,0.008620689655172414,7372,73,0.044493359583389826,1.1542201402402952
1725057,2025-06,11,12,0,1,119,0.008403361344537815,7372,73,0.03370745817021112,1.139730556225464
1725057,2025-07,12,13,0,1,119,0.008403361344537815,7372,73,-0.004240945596247593,1.1766278325855655
1725057,2025-08,13,14,0,1,119,0.008403361344537815,7372,73,0.024491111037588303,1.173985185472681
1725057,2025-09,14,15,0,1,123,0.008130081300813009,7372,73,0.0007374823791417388,1.1435010267671695
1725057,2025-10,15,16,0,1,124,0.008064516129032258,7372,73,-0.0027482486579915497,1.1463893108873235
1725057,2025-11,16,17,0,1,127,0.007874015748031496,7372,73,0.02796534474338209,1.1363171209019782
1725057,2025-12,17,18,0,1,129,0.007751937984496124,7372,73,0.011127616052043534,1.1171703483571582
1725057,2026-01,18,19,0,1,129,0.007751937984496124,7372,73,0.003087832173071764,1.1248411363421444
1725057,2026-02,19,20,0,1,129,0.007751937984496124,7372,73,0.011177666108111653,1.1172457758694734
1725057,2026-03,20,21,0,1,131,0.007633587786259542,7372,73,0.0029953012297215067,1.098664750260752
1725057,2026-04,21,22,0,1,131,0.007633587786259542,7372,73,0.018260622122131514,1.0909998676048183
1725057,2026-05,22,23,0,1,131,0.007633587786259542,7372,73,-0.0021372205994812563,1.1093018750035222
1725057,2026-06,23,24,0,1,131,0.007633587786259542,7372,73,0.0019383339847872105,1.113879126773931
1725057,2026-07,24,25,0,1,131,0.007633587786259542,7372,73,-0.0064229449928024,1.1246289219438257
1725057,2026-08,25,26,0,1,131,0.007633587786259542,7372,73,-0.0046344014629259855,1.1248101718553258
1725057,2026-09,26,27,0,1,131,0.007633587786259542,7372,73,0.0021372205994812745,1.1322056398347364
1730168,2024-12,0,1,0,0,124,0.0,3674,36,0.11295030226309093,1.0578770685669876
1730168,2025-01,1,2,0,1,126,0.007936507936507936,3674,36,0.06027366787477785,1.0639814721622576
1730168,2025-02,2,3,0,1,128,0.0078125,3674,36,0.06705991301808752,1.041125351269241
1730168,2025-03,3,4,0,1,128,0.0078125,3674,36,0.08834431400833713,1.068005514239093
1730168,2025-04,4,5,0,1,130,0.007692307692307693,3674,36,0.09155102405567583,1.0643961399390747
1730168,2025-05,5,6,0,1,131,0.007633587786259542,3674,36,0.08107958954397139,1.0665699550696714
1730168,2025-06,6,7,0,1,131,0.007633587786259542,3674,36,0.036477864056412505,1.0212994490977243
1730168,2025-07,7,8,0,1,133,0.007518796992481203,3674,36,0.0,1.0567179183493203
1730168,2025-08,8,9,0,1,134,0.007462686567164179,3674,36,0.05219845702064033,1.0667123990468685
1730168,2025-09,9,10,0,1,134,0.007462686567164179,3674,36,0.015321865838554887,1.0289684928357572
1730168,2025-10,10,11,0,1,139,0.007194244604316547,3674,36,9.25185853854297e-18,1.0488229703270806
1730168,2025-11,11,12,0,1,139,0.007194244604316547,3674,36,0.057762265046662105,1.0863264359323217
1730168,2025-12,12,13,0,1,139,0.007194244604316547,3674,36,0.024491111037588276,1.0616424780684541
1730168,2026-01,13,14,0,1,141,0.0070921985815602835,3674,36,0.01689437950450685,1.0744180699368509
1730168,2026-02,14,15,0,1,142,0.007042253521126761,3674,36,-0.007596731533081445,1.0552161377143243
1730168,2026-03,15,16,0,1,142,0.007042253521126761,3674,36,0.018832713489294068,1.0850801719685974
1730168,2026-04,16,17,0,1,145,0.006896551724137931,3674,36,0.04911062484756859,1.0578518644566202
1730168,2026-05,17,18,0,1,148,0.006756756756756757,3674,36,0.014019676525883873,1.065766651851548
1730168,2026-06,18,19,0,1,148,0.006756756756756757,3674,36,0.006960586860965253,1.0609644046493114
1730168,2026-07,19,20,0,1,152,0.006578947368421052,3674,36,0.01689437950450685,1.0520920085873686
1730168,2026-08,20,21,0,1,153,0.006535947712418301,3674,36,-0.052198457020640326,1.0692110377042636
1730168,2026-09,21,22,0,1,153,0.006535947712418301,3674,36,0.019583484551905634,1.1524440887542091
1769624,2026-01,0,1,0,0,111,0.0,6282,62,-0.02888113252333106,1.2821075313414316
1769624,2026-02,1,2,0,1,116,0.008620689655172414,6282,62,0.0577622650466621,1.3053184855284152
1769624,2026-03,2,3,0,1,118,0.00847457627118644,6282,62,0.03647786405641249,1.2708323218688877
1769624,2026-04,3,4,0,1,119,0.008403361344537815,6282,62,0.09991230303326544,1.1840322673324508
1769624,2026-05,4,5,0,2,122,0.01639344262295082,6282,62,0.0,1.1718723223953744
1769624,2026-06,5,6,0,2,123,0.016260162601626018,6282,62,0.02888113252333105,1.173014902670792
1769624,2026-07,6,7,0,2,130,0.015384615384615385,6282,62,0.04577551202783791,1.1589051150729246
1769624,2026-08,7,8,0,2,131,0.015267175572519083,6282,62,0.01689437950450685,1.1323788912868606
1769624,2026-09,8,9,0,2,133,0.015037593984962405,6282,62,0.021284400990249603,1.1313505313139245
1782107,2026-02,0,1,0,0,124,0.0,2834,28,0.021284400990249617,1.8800389188306892
1782107,2026-03,1,2,0,1,126,0.007936507936507936,2834,28,0.024354722481547925,1.8841953999110919
1782107,2026-04,2,3,0,1,129,0.007751937984496124,2834,28,0.057144969805614586,1.8905899805929998
1782107,2026-05,3,4,0,1,130,0.007692307692307693,2834,28,-0.004907626485682641,1.9611904370763655
1782107,2026-06,4,5,0,1,134,0.007462686567164179,2834,28,0.027611998878134886,1.9970878604039006
1782107,2026-07,5,6,0,1,134,0.007462686567164179,2834,28,0.01401967652588391,2.014669622371507
1782107,2026-08,6,7,0,1,135,0.007407407407407408,2834,28,0.03817878049475651,2.0151784164013544
1782107,2026-09,7,8,0,1,136,0.007352941176470588,2834,28,0.028881132523331066,2.0034021650047102
1805284,2024-11,0,1,0,0,79,0.0,6162,61,0.07663990059210002,0.49002285443569443
1805284,2024-12,1,2,0,1,81,0.012345679012345678,6162,61,0.09452007007635617,0.48551149122142656
1805284,2025-01,2,3,0,1,83,0.012048192771084338,6162,61,0.06997556141017827,0.4887358749660907
1805284,2025-02,3,4,0,1,84,0.011904761904761904,6162,61,0.028881132523331052,0.5186592989015084
1805284,2025-03,4,5,0,1,85,0.011764705882352941,6162,61,0.11552453009332421,0.6662995071194737
1805284,2025-04,5,6,0,1,89,0.011235955056179775,6162,61,0.12482217806474961,0.6661742489705539
1805284,2025-05,6,7,0,1,89,0.011235955056179775,6162,61,0.08664339756999316,0.6990826175653688
1805284,2025-06,7,8,0,1,93,0.010752688172043012,6162,61,0.06266989153234476,0.6871430768252624
1805284,2025-07,8,9,0,1,97,0.010309278350515464,6162,61,0.06705991301808752,0.6824247286117657
1805284,2025-08,9,10,0,1,99,0.010101010101010102,6162,61,0.10353777707450001,0.7018073964948599
1805284,2025-09,10,11,0,1,104,0.009615384615384616,6162,61,0.09155102405567579,0.6937091794937269
1805284,2025-10,11,12,0,1,108,0.009259259259259259,6162,61,0.06266989153234476,0.7118773892401082
1805284,2025-11,12,13,0,1,110,0.00909090909090909,6162,61,0.0577622650466621,0.712733693380669
1805284,2025-12,13,14,0,1,112,0.008928571428571428,6162,61,0.055073159999263314,0.7103499557287463
1805284,2026-01,14,15,0,1,113,0.008849557522123894,6162,61,0.02888113252333105,0.7347088893086909
1805284,2026-02,15,16,0,1,113,0.008849557522123894,6162,61,0.02888113252333105,0.7347088893086909
1805284,2026-03,16,17,0,1,115,0.008695652173913044,6162,61,0.03530407751613348,0.7424756949102054
1805284,2026-04,17,18,0,1,116,0.008620689655172414,6162,61,0.06585209898170201,0.74524754329594
1805284,2026-05,18,19,0,1,116,0.008620689655172414,6162,61,0.03817878049475646,0.7658193163977582
1805284,2026-06,19,20,0,1,118,0.00847457627118644,6162,61,0.025793300350259313,0.7662657446091471
1805284,2026-07,20,21,0,1,122,0.00819672131147541,6162,61,0.04086788554215525,0.7517643080827278
1805284,2026-08,21,22,0,1,123,0.008130081300813009,6162,61,0.016894379504506857,0.7391268170492111
1805284,2026-09,22,23,0,1,126,0.007936507936507936,6162,61,0.02888113252333104,0.7479821159954347
1845022,2024-03,0,1,0,0,29,0.0,7372,73,0.3063686212551041,1.2799946269163518
1845022,2024-04,1,2,0,1,31,0.03225806451612903,7372,73,0.2345295961432694,1.258812285923588
1845022,2024-05,2,3,0,1,31,0.03225806451612903,7372,73,0.17268447769638845,1.2364442321026
1845022,2024-06,3,4,0,1,31,0.03225806451612903,7372,73,0.23360435114271053,1.2191203436021358
1845022,2024-07,4,5,0,2,33,0.06060606060606061,7372,73,0.14451386898948848,1.236242067557177
1845022,2024-08,5,6,0,2,33,0.06060606060606061,7372,73,0.141054103947682,1.199420791726939
1845022,2024-09,6,7,0,2,34,0.058823529411764705,7372,73,0.191451903143494,1.1861476593875502
1845022,2024-10,7,8,0,2,36,0.05555555555555555,7372,73,0.12424533248940002,1.192992426201793
1845022,2024-11,8,9,0,2,36,0.05555555555555555,7372,73,0.13300990521154843,1.163478643964356
1845022,2024-12,9,10,0,2,36,0.05555555555555555,7372,73,0.15984128309877954,1.1423921320547386
1845022,2025-01,10,11,0,2,38,0.05263157894736842,7372,73,0.11676423240218049,1.135085206916423
1845022,2025-02,11,12,0,2,38,0.05263157894736842,7372,73,0.0973072881590432,1.1142198969623047
1845022,2025-03,12,13,0,3,39,0.07692307692307693,7372,73,0.11283542504592543,1.1353609783715244
1845022,2025-04,13,14,0,4,40,0.1,7372,73,0.06326942225951557,1.1368294821628981
1845022,2025-05,14,15,0,4,40,0.1,7372,73,0.044493359583389826,1.1542201402402952
1845022,2025-06,15,16,0,4,40,0.1,7372,73,0.03370745817021112,1.139730556225464
1845022,2025-07,16,17,0,5,43,0.11627906976744186,7372,73,-0.004240945596247593,1.1766278325855655
1845022,2025-08,17,18,0,5,43,0.11627906976744186,7372,73,0.024491111037588303,1.173985185472681
1845022,2025-09,18,19,0,5,44,0.11363636363636363,7372,73,0.0007374823791417388,1.1435010267671695
1845022,2025-10,19,20,0,5,49,0.10204081632653061,7372,73,-0.0027482486579915497,1.1463893108873235
1845022,2025-11,20,21,0,5,49,0.10204081632653061,7372,73,0.02796534474338209,1.1363171209019782
1845022,2025-12,21,22,0,5,49,0.10204081632653061,7372,73,0.011127616052043534,1.1171703483571582
1845022,2026-01,22,23,0,5,49,0.10204081632653061,7372,73,0.003087832173071764,1.1248411363421444
1845022,2026-02,23,24,0,5,49,0.10204081632653061,7372,73,0.011177666108111653,1.1172457758694734
1845022,2026-03,24,25,0,5,49,0.10204081632653061,7372,73,0.0029953012297215067,1.098664750260752
1845022,2026-04,25,26,0,5,49,0.10204081632653061,7372,73,0.018260622122131514,1.0909998676048183
1845022,2026-05,26,27,0,5,49,0.10204081632653061,7372,73,-0.0021372205994812563,1.1093018750035222
1845022,2026-06,27,28,0,5,49,0.10204081632653061,7372,73,0.0019383339847872105,1.113879126773931
1845022,2026-07,28,29,0,5,49,0.10204081632653061,7372,73,-0.0064229449928024,1.1246289219438257
1845022,2026-08,29,30,0,5,49,0.10204081632653061,7372,73,-0.0046344014629259855,1.1248101718553258
1845022,2026-09,30,31,0,5,49,0.10204081632653061,7372,73,0.0021372205994812745,1.1322056398347364
1853044,2024-09,0,1,0,0,43,0.0,8742,87,0.10241632363449019,1.0476611216707201
1853044,2024-10,1,2,0,1,45,0.022222222222222223,8742,87,0.0549306144334055,1.0415966500181526
1853044,2024-11,2,3,0,1,46,0.021739130434782608,8742,87,0.05231487088895762,1.0152935962876366
1853044,2024-12,3,4,0,1,48,0.020833333333333332,8742,87,0.10466295877245663,1.0207945233794418
1853044,2025-01,4,5,0,1,49,0.02040816326530612,8742,87,0.03013683393738894,1.0594348222981556
1853044,2025-02,5,6,0,1,49,0.02040816326530612,8742,87,0.04577551202783792,1.038976269024055
1853044,2025-03,6,7,0,1,52,0.019230769230769232,8742,87,0.08664339756999317,1.0562442590132928
1853044,2025-04,7,8,0,1,52,0.019230769230769232,8742,87,0.040867885542155265,1.0340534634194543
1853044,2025-05,8,9,0,1,53,0.018867924528301886,8742,87,0.028881132523331077,1.0493902916487614
1853044,2025-06,9,10,0,1,53,0.018867924528301886,8742,87,0.019583484551905655,1.0356765456372883
1853044,2025-07,10,11,0,1,54,0.018518518518518517,8742,87,1.850371707708594e-17,1.058337981775533
1853044,2025-08,11,12,0,1,59,0.01694915254237288,8742,87,0.04577551202783792,1.0818358580221705
1853044,2025-09,12,13,0,1,61,0.01639344262295082,8742,87,0.02128440099024964,1.0634622236266966
1853044,2025-10,13,14,0,1,62,0.016129032258064516,8742,87,1.850371707708594e-17,1.105603562435001
1853044,2025-11,14,15,0,1,64,0.015625,8742,87,1.850371707708594e-17,1.105603562435001
1853044,2025-12,15,16,0,1,66,0.015151515151515152,8742,87,0.004907626485682677,1.1103976443890622
1853044,2026-01,16,17,0,1,66,0.015151515151515152,8742,87,-0.04577551202783789,1.1827503995218311
1853044,2026-02,17,18,0,1,68,0.014705882352941176,8742,87,1.850371707708594e-17,1.189464736654906
1853044,2026-03,18,19,0,1,70,0.014285714285714285,8742,87,0.009297647971425441,1.201582469301779
1853044,2026-04,19,20,0,1,74,0.013513513513513514,8742,87,0.028881132523331077,1.2003612846019063
1853044,2026-05,20,21,0,1,75,0.013333333333333334,8742,87,-0.01689437950450683,1.2490529227475076
1853044,2026-06,21,22,0,1,75,0.013333333333333334,8742,87,-0.004907626485682641,1.261541479941197
1853044,2026-07,22,23,0,1,79,0.012658227848101266,8742,87,1.850371707708594e-17,1.2584949959751282
1853044,2026-08,23,24,0,1,79,0.012658227848101266,8742,87,0.028881132523331073,1.2498199900485487
1853044,2026-09,24,25,0,1,82,0.012195121951219513,8742,87,0.005563808026021785,1.2310734810884916
1868778,2024-07,0,1,0,0,30,0.0,7372,73,0.14451386898948848,1.236242067557177
1868778,2024-08,1,2,0,1,32,0.03125,7372,73,0.141054103947682,1.199420791726939
1868778,2024-09,2,3,0,1,32,0.03125,7372,73,0.191451903143494,1.1861476593875502
1868778,2024-10,3,4,0,1,32,0.03125,7372,73,0.12424533248940002,1.192992426201793
1868778,2024-11,4,5,0,2,34,0.058823529411764705,7372,73,0.13300990521154843,1.163478643964356
1868778,2024-12,5,6,0,2,36,0.05555555555555555,7372,73,0.15984128309877954,1.1423921320547386
1868778,2025-01,6,7,0,2,36,0.05555555555555555,7372,73,0.11676423240218049,1.135085206916423
1868778,2025-02,7,8,0,2,36,0.05555555555555555,7372,73,0.0973072881590432,1.1142198969623047
1868778,2025-03,8,9,0,3,38,0.07894736842105263,7372,73,0.11283542504592543,1.1353609783715244
1868778,2025-04,9,10,0,3,39,0.07692307692307693,7372,73,0.06326942225951557,1.1368294821628981
1868778,2025-05,10,11,0,3,39,0.07692307692307693,7372,73,0.044493359583389826,1.1542201402402952
1868778,2025-06,11,12,0,3,43,0.06976744186046512,7372,73,0.03370745817021112,1.139730556225464
1868778,2025-07,12,13,0,3,44,0.06818181818181818,7372,73,-0.004240945596247593,1.1766278325855655
1868778,2025-08,13,14,0,3,44,0.06818181818181818,7372,73,0.024491111037588303,1.173985185472681
1868778,2025-09,14,15,0,3,46,0.06521739130434782,7372,73,0.0007374823791417388,1.1435010267671695
1868778,2025-10,15,16,0,3,46,0.06521739130434782,7372,73,-0.0027482486579915497,1.1463893108873235
1868778,2025-11,16,17,0,3,46,0.06521739130434782,7372,73,0.02796534474338209,1.1363171209019782
1868778,2025-12,17,18,0,3,49,0.061224489795918366,7372,73,0.011127616052043534,1.1171703483571582
1868778,2026-01,18,19,0,3,49,0.061224489795918366,7372,73,0.003087832173071764,1.1248411363421444
1868778,2026-02,19,20,0,3,49,0.061224489795918366,7372,73,0.011177666108111653,1.1172457758694734
1868778,2026-03,20,21,0,3,49,0.061224489795918366,7372,73,0.0029953012297215067,1.098664750260752
1868778,2026-04,21,22,0,3,49,0.061224489795918366,7372,73,0.018260622122131514,1.0909998676048183
1868778,2026-05,22,23,0,3,49,0.061224489795918366,7372,73,-0.0021372205994812563,1.1093018750035222
1868778,2026-06,23,24,0,3,49,0.061224489795918366,7372,73,0.0019383339847872105,1.113879126773931
1868778,2026-07,24,25,0,3,49,0.061224489795918366,7372,73,-0.0064229449928024,1.1246289219438257
1868778,2026-08,25,26,0,3,49,0.061224489795918366,7372,73,-0.0046344014629259855,1.1248101718553258
1868778,2026-09,26,27,0,3,49,0.061224489795918366,7372,73,0.0021372205994812745,1.1322056398347364
