id,occupation,task,score_0_1_2,notes
16163,"Lathe and Turning Machine Tool Setters, Operators, and Tenders, Metal and Plastic","Study blueprints, layouts or charts, and job orders for information on specifications and tooling instructions, and to determine material requirements and operational sequences.",1,
11416,"First-Line Supervisors of Entertainment and Recreation Workers, Except Gambling Services","Plan, direct, or supervise recreational and entertainment activities led by staff, such as sports, aquatics, games, or performing arts.",0,
17146,Gas Plant Operators,"Distribute or process gas for utility companies or industrial plants, using panel boards, control boards, and semi-automatic equipment.",1,
8769,Advanced Practice Psychiatric Nurses,"Distinguish between physiologically- and psychologically-based disorders, and diagnose appropriately.",0,
8404,Optometrists,Remove foreign bodies from the eye.,2,
9836,Hearing Aid Specialists,"Perform basic screening procedures, such as pure tone screening, otoacoustic screening, immittance screening, and screening of ear canal status using otoscope.",0,
7689,Set and Exhibit Designers,Observe sets during rehearsals in order to ensure that set elements do not interfere with performance aspects such as cast movement and camera angles.,2,
17848,Tire Builders,"Pull plies from supply racks, and align plies with edges of drums.",2,
12032,Cashiers,Assist customers by providing information and resolving their complaints.,0,
2714,Information Security Engineers,Conduct investigations of information security breaches to identify vulnerabilities and evaluate the damage.,1,
10794,Security Guards,"Monitor and adjust controls that regulate building systems, such as air conditioning, furnace, or boiler.",2,
6352,"Health Specialties Teachers, Postsecondary",Act as advisers to student organizations.,0,
12584,Payroll and Timekeeping Clerks,"Coordinate special programs, such as United Way campaigns, that involve payroll deductions.",0,
11102,Baristas,Stock customer service stations with paper products or beverage preparation items.,0,
5944,"Architecture Teachers, Postsecondary","Compile, administer, and grade examinations, or assign this work to others.",1,
130,Marketing Managers,Compile lists describing product or service offerings.,0,
18625,Cleaners of Vehicles and Equipment,"Inspect parts, equipment, or vehicles for cleanliness, damage, and compliance with standards or regulations.",2,
10087,Orderlies,"Respond to emergency situations, such as emergency medical calls, security calls, or fire alarms.",0,
14826,"Radio, Cellular, and Tower Equipment Installers and Repairers",Turn setscrews to adjust receivers for maximum sensitivity and transmitters for maximum output.,1,
7047,"Special Education Teachers, Elementary School","Observe and evaluate students' performance, behavior, social development, and physical health.",1,
9203,Urologists,"Treat lower urinary tract dysfunctions using equipment such as diathermy machines, catheters, cystoscopes, or radium emanation tubes.",2,
395,Geothermal Production Managers,"Obtain permits for constructing, upgrading, or operating geothermal power plants.",0,
18548,"Transportation Vehicle, Equipment and Systems Inspectors, Except Aviation","Examine carrier operating rules, employee qualification guidelines, or carrier training and testing programs for compliance with regulations or safety standards.",1,
5713,Clergy,Respond to requests for assistance during emergencies or crises.,0,
2076,Financial Examiners,"Verify and inspect cash reserves, assigned collateral, and bank-owned securities to check internal control procedures.",0,
5726,"Directors, Religious Activities and Education",Collaborate with other ministry members to establish goals and objectives for religious education programs or to develop ways to encourage program participation.,0,
14851,"Telecommunications Equipment Installers and Repairers, Except Line Installers",Drive crew trucks to and from work areas.,2,
16005,Food Batchmakers,Clean and sterilize vats and factory processing areas.,0,
4128,Automotive Engineering Technicians,"Analyze performance of vehicles or components that have been redesigned to increase fuel efficiency, such as camless or dual-clutch engines or alternative types of air-conditioning systems.",1,
6106,"Chemistry Teachers, Postsecondary",Serve on committees or in professional societies.,0,
1647,Management Analysts,Recommend purchase of storage equipment and design area layout to locate equipment in space available.,1,
6862,"Middle School Teachers, Except Special and Career/Technical Education","Select, store, order, issue, and inventory classroom equipment, materials, and supplies.",0,
14440,Highway Maintenance Workers,"Clean and clear debris from culverts, catch basins, drop inlets, ditches, and other drain structures.",0,
18710,Stockers and Order Fillers,"Clean and maintain supplies, tools, equipment, and storage areas to ensure compliance with safety regulations.",0,
1110,Compliance Managers,"Serve as a confidential point of contact for employees to communicate with management, seek clarification on issues or dilemmas, or report irregularities.",0,
3864,Electrical and Electronics Drafters,"Measure factors that affect installation and arrangement of equipment, such as distances to be spanned by wire and cable.",1,
8940,Anesthesiologists,Record type and amount of anesthesia and patient condition throughout procedure.,2,
10022,Midwives,Complete birth certificates.,1,
3252,Electrical Engineers,Assist in developing capital project programs for new equipment or major repairs.,1,
1509,Labor Relations Specialists,Draft contract proposals or counter-proposals for collective bargaining or other labor negotiations.,0,
18220,Taxi Drivers,"Determine fares based on trip distances and times, using taximeters and fee schedules, and announce fares to passengers.",0,
3749,Photonics Engineers,Design or develop new crystals for photonics applications.,2,
17867,Helpers--Production Workers,"Record information, such as the number of products tested, meter readings, or dates and times of product production.",0,
1855,Online Merchants,Integrate online retailing strategy with physical or catalogue retailing operations.,2,
15432,"Maintenance Workers, Machinery","Clean machines and machine parts, using cleaning solvents, cloths, air guns, hoses, vacuums, or other equipment.",0,
2089,Credit Counselors,"Negotiate with creditors on behalf of clients to arrange for payment adjustments, interest rate reductions, time extensions, or payment plans.",0,
10314,Veterinary Assistants and Laboratory Animal Caretakers,"Perform accounting duties, such as bookkeeping, billing customers for services, or maintaining inventories.",0,
16826,"Extruding and Forming Machine Setters, Operators, and Tenders, Synthetic and Glass Fibers","Remove excess, entangled, or completed filaments from machines, using hand tools.",1,
1930,Appraisers and Assessors of Real Estate,"Inspect properties, considering factors such as market value, location, and building or replacement costs to determine appraisal value.",2,
801,"Entertainment and Recreation Managers, Except Gambling",Calculate and record department expenses and revenue.,0,
15098,Automotive Service Technicians and Mechanics,"Overhaul or replace carburetors, blowers, generators, distributors, starters, and pumps.",1,
6950,"Career/Technical Education Teachers, Secondary School","Place students in jobs, or make referrals to job placement services.",0,
10749,Animal Control Workers,"Examine animals for injuries or malnutrition, and arrange for any necessary medical treatment.",1,
13711,Carpenters,"Apply shock-absorbing, sound-deadening, or decorative paneling to ceilings or walls.",2,
13302,"Mail Clerks and Mail Machine Operators, Except Postal Service","Determine manner in which mail is to be sent, and prepare it for delivery to mailing facilities.",0,
18529,Aviation Inspectors,"Start aircraft and observe gauges, meters, and other instruments to detect evidence of malfunctions.",2,
11279,"Janitors and Cleaners, Except Maids and Housekeeping Cleaners","Clean chimneys, flues, and connecting pipes, using power or hand tools.",0,
14191,Structural Iron and Steel Workers,"Hoist steel beams, girders, or columns into place, using cranes or signaling hoisting equipment operators to lift and position structural steel members.",2,
5727,"Directors, Religious Activities and Education",Train and supervise religious education instructional staff.,0,
11485,Gambling Dealers,"Apply rule variations to card games such as poker, in which players bet on the value of their hands.",0,
15132,Bus and Truck Mechanics and Diesel Engine Specialists,"Maintain or repair vehicles with alternative fuel systems, including biodiesel, hybrid, or compressed natural gas vehicles.",2,
5341,Forensic Science Technicians,"Confer with ballistics, fingerprinting, handwriting, documents, electronics, medical, chemical, or metallurgical experts concerning evidence and its interpretation.",2,
10949,"Cooks, Fast Food","Pre-cook items, such as bacon, to prepare them for later use.",0,
11869,Travel Guides,"Instruct novices in climbing techniques, mountaineering, and wilderness survival, and demonstrate use of hunting, fishing, and climbing equipment.",0,
5,Chief Executives,Implement corrective action plans to solve organizational or departmental problems.,0,
3203,Water/Wastewater Engineers,"Conduct cost-benefit analyses for the construction of water supply systems, runoff collection networks, water and wastewater treatment plants, or wastewater collection systems.",1,
11461,Animal Caretakers,Exercise animals to maintain their physical and mental health.,0,
4443,Range Managers,"Measure and assess vegetation resources for biological assessment companies, environmental impact statements, and rangeland monitoring programs.",2,
10287,Pharmacy Aides,Prepare prescription labels by typing or operating a computer and printer.,2,
12513,Billing and Posting Clerks,Review compiled data on operating costs and revenues to set rates.,1,
3896,Mechanical Drafters,"Coordinate with and consult other workers to design, lay out, or detail components and systems and to resolve design or other problems.",2,
8348,Orthodontists,Diagnose teeth and jaw or other dental-facial abnormalities.,2,
8479,Occupational Therapists,"Develop and participate in health promotion programs, group activities, or discussions to promote client health, facilitate social adjustment, alleviate stress, and prevent physical or mental disability.",0,
2165,Financial Quantitative Analysts,"Research or develop analytical tools to address issues such as portfolio construction or optimization, performance measurement, attribution, profit and loss measurement, or pricing models.",0,
6109,"Chemistry Teachers, Postsecondary",Act as advisers to student organizations.,0,
1738,Training and Development Specialists,"Develop or implement training programs related to efficiency, recycling, or other issues with environmental impacts.",0,
11380,First-Line Supervisors of Gambling Services Workers,"Perform minor repairs or make adjustments to slot machines, resolving problems such as machine tilts and coin jams.",2,
10884,Retail Loss Prevention Specialists,Recommend new or improved processes or equipment to reduce risk exposure.,0,
3028,Cartographers and Photogrammetrists,"Identify, scale, and orient geodetic points, elevations, and other planimetric or topographic features, applying standard mathematical formulas.",2,
18087,Flight Attendants,"Inspect and clean cabins, checking for any problems and making sure that cabins are in order.",0,
4505,Epidemiologists,Monitor and report incidents of infectious diseases to local and state health agencies.,0,
17700,Cooling and Freezing Equipment Operators and Tenders,Weigh packages and adjust freezer air valves or switches on filler heads to obtain specified amounts of product in each container.,2,
16467,"Plating Machine Setters, Operators, and Tenders, Metal and Plastic",Maintain production records.,0,
14654,"Explosives Workers, Ordnance Handling Experts, and Blasters","Lower perforating guns into wells, using hoists; then use measuring devices and instrument panels to position guns in correct positions for taking samples.",2,
16849,Upholsterers,"Make, restore, or create custom upholstered furniture, using hand tools and knowledge of fabrics and upholstery methods.",1,
663,"Education Administrators, Kindergarten through Secondary","Recruit, hire, train, and evaluate primary and supplemental staff.",0,
6990,"Special Education Teachers, Preschool",Organize and display students' work in a manner appropriate for their perceptual skills.,0,
2351,Telecommunications Engineering Specialists,"Review and evaluate requests from engineers, managers, and technicians for system modifications.",0,
6732,"Preschool Teachers, Except Special Education","Assimilate arriving children to the school environment by greeting them, helping them remove outerwear, and selecting activities of interest to them.",0,
10248,Medical Assistants,"Keep financial records or perform other bookkeeping duties, such as handling credit or collections or mailing monthly statements to patients.",0,
379,Quality Control Systems Managers,Audit and inspect subcontractor facilities including external laboratories.,0,
13128,"Weighers, Measurers, Checkers, and Samplers, Recordkeeping","Collect or prepare measurement, weight, or identification labels and attach them to products.",2,
13283,Insurance Claims and Policy Processing Clerks,"Compare information from application to criteria for policy reinstatement, and approve reinstatement when criteria are met.",1,
16546,Printing Press Operators,Direct or monitor work of press crews.,0,
3748,Photonics Engineers,"Develop laser-processed designs, such as laser-cut medical devices.",2,
17614,Photographic Process Workers and Processing Machine Operators,"Immerse film, negatives, paper, or prints in developing solutions, fixing solutions, and water to complete photographic development processes.",1,
8129,Interpreters and Translators,"Read written materials, such as legal documents, scientific works, or news reports, and rewrite material into specified languages.",0,
8449,Anesthesiologist Assistants,Collect and document patients' pre-anesthetic health histories.,0,
14962,"Electronic Equipment Installers and Repairers, Motor Vehicles","Cut openings and drill holes for fixtures and equipment, using electric drills and routers.",2,
13693,Carpenters,"Install structures or fixtures, such as windows, frames, floorings, trim, or hardware, using carpenters' hand or power tools.",1,
10223,Dental Assistants,Make preliminary impressions for study casts and occlusal registrations for mounting study casts.,0,
8737,Acute Care Nurses,"Manage patients' pain relief and sedation by providing pharmacologic and non-pharmacologic interventions, monitoring patients' responses, and changing care plans accordingly.",0,
18399,Motorboat Operators,Perform general labor duties such as repairing booms.,1,
11423,"First-Line Supervisors of Entertainment and Recreation Workers, Except Gambling Services",Train workers in proper operational procedures and functions and explain company policies.,0,
11083,Fast Food and Counter Workers,Replenish foods at serving stations.,0,
14989,Security and Fire Alarm Systems Installers,"Test backup batteries, keypad programming, sirens, or other security features to ensure proper functioning or to diagnose malfunctions.",0,
5587,Healthcare Social Workers,Educate clients about end-of-life symptoms and options to assist them in making informed decisions.,0,
14621,"Earth Drillers, Except Oil and Gas","Place and install screens, casings, pumps, and other well fixtures to develop wells.",1,
6448,"Criminal Justice and Law Enforcement Teachers, Postsecondary",Participate in campus and community events.,0,
10404,First-Line Supervisors of Police and Detectives,"Inspect facilities, supplies, vehicles, and equipment to ensure conformance to standards.",2,
16655,Shoe and Leather Workers and Repairers,"Repair and recondition leather products such as trunks, luggage, shoes, saddles, belts, purses, and baseball gloves.",2,
14790,"Computer, Automated Teller, and Office Machine Repairers","Test components or circuits of faulty equipment to locate defects, using oscilloscopes, signal generators, ammeters, voltmeters, or special diagnostic software programs.",1,
366,Quality Control Systems Managers,"Produce reports regarding nonconformance of products or processes, daily production quality, root cause analyses, or quality trends.",0,
11970,Residential Advisors,Develop program plans for individuals or assist in plan development.,1,
12359,Real Estate Sales Agents,Contact utility companies for service hookups to clients' property.,0,
3110,Bioengineers and Biomedical Engineers,Adapt or design computer hardware or software for medical science uses.,2,
12749,File Clerks,Design forms related to filing systems.,1,
15472,Electrical Power-Line Installers and Repairers,"Install, maintain, and repair electrical distribution and transmission systems, including conduits, cables, wires, and related equipment, such as transformers, circuit breakers, and switches.",2,
14766,"First-Line Supervisors of Mechanics, Installers, and Repairers",Meet with vendors or suppliers to discuss products used in repair work.,0,
7985,Broadcast Announcers and Radio Disc Jockeys,"Host civic, charitable, or promotional events broadcast over television or radio.",0,
13029,"Dispatchers, Except Police, Fire, and Ambulance","Advise personnel about traffic problems, such as construction areas, accidents, congestion, weather conditions, or other hazards.",1,
14585,"Service Unit Operators, Oil and Gas",Examine unserviceable wells to determine actions to be taken to improve well conditions.,2,
3751,Photonics Engineers,"Select, purchase, set up, operate, or troubleshoot state-of-the-art laser cutting equipment.",2,
6687,"Recreation and Fitness Studies Teachers, Postsecondary",Advise students on academic and vocational curricula and on career issues.,0,
15397,Home Appliance Repairers,Install gas pipes and water lines to connect appliances to existing gas lines or plumbing.,2,
17429,Jewelers and Precious Stone and Metal Workers,"Clean and polish metal items and jewelry pieces, using jewelers' tools, polishing wheels, and chemical baths.",2,
9268,"Ophthalmologists, Except Pediatric","Diagnose or treat injuries, disorders, or diseases of the eye and eye structures including the cornea, sclera, conjunctiva, or eyelids.",2,
5848,"Title Examiners, Abstractors, and Searchers","Examine individual titles to determine if restrictions, such as delinquent taxes, will affect titles and limit property use.",1,
13698,Carpenters,"Bore boltholes in timber, masonry or concrete walls, using power drill.",1,
10323,Phlebotomists,"Draw blood from veins by vacuum tube, syringe, or butterfly venipuncture methods.",0,
16015,Food Batchmakers,Turn valve controls to start equipment and to adjust operation to maintain product quality.,0,
3427,Validation Engineers,Resolve testing problems by modifying testing methods or revising test objectives and standards.,0,
8516,Physical Therapists,Review physician's referral and patient's medical records to help determine diagnosis and physical therapy treatment required.,1,
10937,"Cooks, Fast Food","Operate large-volume cooking equipment, such as grills, deep-fat fryers, or griddles.",0,
17657,Computer Numerically Controlled Tool Programmers,Modify existing programs to enhance efficiency.,1,
9353,Naturopathic Physicians,Educate patients about health care management.,0,
6289,"Psychology Teachers, Postsecondary","Develop and use multimedia course materials and other current technology, such as online courses.",2,
10730,Customs and Border Protection Officers,"Collect samples of merchandise for examination, appraisal, or testing.",2,
18727,Gas Compressor and Gas Pumping Station Operators,"Operate power-driven pumps that transfer liquids, semi-liquids, gases, or powdered materials.",0,
14290,"Helpers--Painters, Paperhangers, Plasterers, and Stucco Masons",Clean work areas and equipment.,1,
17342,"Cutting and Slicing Machine Setters, Operators, and Tenders","Mark cutting lines or identifying information on stock, using marking pencils, rulers, or scribes.",2,
13744,Floor Sanders and Finishers,Buff and vacuum floors to ensure their cleanliness prior to the application of finish.,0,
11262,"Janitors and Cleaners, Except Maids and Housekeeping Cleaners",Gather and empty trash.,0,
2313,Computer User Support Specialists,"Hire, supervise, and direct workers engaged in special project work, problem-solving, monitoring, and installation of data communication equipment and software.",0,
18172,"Bus Drivers, School",Record bus routes.,0,
14251,Helpers--Carpenters,Drill holes in timbers or lumber.,2,
3312,Environmental Engineers,"Coordinate or manage environmental protection programs or projects, assigning or evaluating work.",1,
10085,Orderlies,"Disinfect or sterilize equipment or supplies, using germicides or sterilizing equipment.",0,
16790,"Textile Winding, Twisting, and Drawing Out Machine Setters, Operators, and Tenders",Notify supervisors or mechanics of equipment malfunctions.,0,
6520,"Art, Drama, and Music Teachers, Postsecondary","Serve on academic or administrative committees that deal with institutional policies, departmental matters, and academic issues.",0,
12187,"Securities, Commodities, and Financial Services Sales Agents",Calculate costs for billings or commissions.,0,
7926,Musicians and Singers,Specialize in playing a specific family of instruments or a particular type of music.,0,
14047,Paperhangers,"Set up equipment, such as pasteboards and scaffolds.",0,
14647,"Explosives Workers, Ordnance Handling Experts, and Blasters",Drive trucks to transport explosives and blasting equipment to blasting sites.,0,
18038,Air Traffic Controllers,"Compile information about flights from flight plans, pilot reports, radar, or observations.",2,
7043,"Special Education Teachers, Elementary School","Maintain accurate and complete student records as required by laws, district policies, or administrative regulations.",1,
18131,Heavy and Tractor-Trailer Truck Drivers,Read and interpret maps to determine vehicle routes.,2,
9208,Urologists,Teach or train medical and clinical staff.,1,
16357,Tool and Die Makers,"Smooth and polish flat and contoured surfaces of parts or tools, using scrapers, abrasive stones, files, emery cloths, or power grinders.",0,
11400,First-Line Supervisors of Gambling Services Workers,Direct workers compiling summary sheets for each race or event to record amounts wagered and amounts to be paid to winners.,0,
8053,Editors,Review and approve proofs submitted by composing room prior to publication production.,2,
10238,Medical Assistants,Greet and log in patients arriving at office or clinic.,0,
15938,Bakers,"Check equipment to ensure that it meets health and safety regulations, and perform maintenance or cleaning, as necessary.",1,
2029,Insurance Underwriters,"Decrease value of policy when risk is substandard and specify applicable endorsements or apply rating to ensure safe, profitable distribution of risks, using reference materials.",1,
18739,"Pump Operators, Except Wellhead Pumpers","Communicate with other workers, using signals, radios, or telephones, to start and stop flows of materials or substances.",1,
9687,Psychiatric Technicians,"Interview new patients to complete admission forms, to assess their mental health status, or to obtain their mental health and treatment history.",1,
17014,Power Distributors and Dispatchers,"Distribute or regulate the flow of power between entities, such as generating stations, substations, distribution lines, or users, keeping track of the status of circuits or connections.",1,
3422,Validation Engineers,"Prepare, maintain, or review validation and compliance documentation, such as engineering change notices, schematics, or protocols.",1,
14653,"Explosives Workers, Ordnance Handling Experts, and Blasters","Clean, gauge, and lubricate gun ports.",1,
11174,Dishwashers,"Place clean dishes, utensils, or cooking equipment in storage areas.",0,
4366,Geneticists,"Plan or conduct basic genomic and biological research related to areas such as regulation of gene expression, protein interactions, metabolic networks, and nucleic acid or protein complexes.",2,
2974,Bioinformatics Technicians,Confer with database users about project timelines and changes.,0,
8353,Orthodontists,Provide patients with proposed treatment plans and cost estimates.,1,
17759,"Molders, Shapers, and Casters, Except Metal and Plastic","Pour, pack, spread, or press plaster, concrete, or other materials into or around models or molds.",0,
18148,Light Truck Drivers,Report any mechanical problems encountered with vehicles.,2,
2241,Health Informatics Specialists,"Read current literature, talk with colleagues, and participate in professional organizations or conferences to keep abreast of developments in informatics.",1,
14266,Helpers--Electricians,"Trace out short circuits in wiring, using test meter.",1,
5822,"Judges, Magistrate Judges, and Magistrates","Advise attorneys, juries, litigants, and court personnel regarding conduct, issues, and proceedings.",0,
15778,First-Line Supervisors of Production and Operating Workers,"Maintain operations data, such as time, production, and cost records, and prepare management reports of production results.",1,
16416,"Welding, Soldering, and Brazing Machine Setters, Operators, and Tenders",Tend auxiliary equipment used in welding processes.,1,
165,Public Relations Managers,"Design and edit promotional publications, such as brochures.",1,
15757,Geothermal Technicians,Integrate hot water heater systems with geothermal heat exchange systems.,1,
5137,Food Science Technicians,Monitor and control temperature of products.,1,
1020,Funeral Home Managers,Set prices or credit terms for funeral products or services.,1,
16493,"Plating Machine Setters, Operators, and Tenders, Metal and Plastic",Preheat workpieces in ovens.,0,
7052,"Special Education Teachers, Elementary School","Prepare classrooms with a variety of materials or resources for children to explore, manipulate, or use in learning activities or imaginative play.",0,
513,Supply Chain Managers,"Design, implement, or oversee product take back or reverse logistics programs to ensure products are recycled, reused, or responsibly disposed.",1,
8774,Advanced Practice Psychiatric Nurses,Consult with psychiatrists or other professionals when unusual or complex cases are encountered.,1,
15456,Millwrights,"Operate engine lathe to grind, file, and turn machine parts to dimensional specifications.",1,
18165,"Bus Drivers, School",Keep bus interiors clean for students.,0,
2488,Software Developers,"Supervise and assign work to programmers, designers, technologists, technicians, or other engineering or scientific personnel.",2,
15888,Fiberglass Laminators and Fabricators,"Mix catalysts into resins, and saturate cloth and mats with mixtures, using brushes.",1,
11586,Costume Attendants,Return borrowed or rented items when productions are complete and return other items to storage.,0,
6072,"Atmospheric, Earth, Marine, and Space Sciences Teachers, Postsecondary","Conduct research in a particular field of knowledge and publish findings in professional journals, books, or electronic media.",1,
16985,"Woodworking Machine Setters, Operators, and Tenders, Except Sawing",Grease or oil woodworking machines.,1,
18447,Parking Attendants,Escort customers to their vehicles to ensure their safety.,0,
14153,Roofers,"Apply reflective roof coatings, such as special paints or single-ply roofing sheets, to existing roofs to reduce solar heat absorption.",1,
13937,Tapers,Sand or patch nicks or cracks in plasterboard or wallboard.,1,
2019,Personal Financial Advisors,Devise debt liquidation plans that include payoff priorities and timelines.,1,
4764,Hydrologists,"Investigate complaints or conflicts related to the alteration of public waters, gathering information, recommending alternatives, informing participants of progress, and preparing draft orders.",1,
