row,id,soc,occupation,text,s,rule,stratum,weight
1,3832,17-3011.00,Architectural and Civil Drafters,"Coordinate structural, electrical, and mechanical designs and determine a method of presentation to graphically represent building plans.",1,1,B,12.345454545454546
2,17798,51-9195.05,"Potters, Manufacturing","Prepare work for sale or exhibition, and maintain relationships with retail, pottery, art, and resource networks that can facilitate sale or exhibition of work.",0,1,C,4.025
3,2559,15-1255.00,Web and Digital Interface Designers,Develop new visual design concepts and modify concepts based on stakeholder feedback.,2,1,A,4.0
4,7745,27-2012.00,Producers and Directors,Cut and edit film or tape to integrate component parts into desired sequences.,2,2,A,4.0
5,13460,45-2091.00,Agricultural Equipment Operators,"Spray fertilizer or pesticide solutions to control insects, fungus and weed growth, and diseases, using hand sprayers.",0,0,D,296.26666666666665
6,8275,27-4031.00,"Camera Operators, Television, Video, and Film","Set up cameras, optical printers, and related equipment to produce photographs and special effects.",2,2,A,4.0
7,15521,49-9061.00,Camera and Photographic Equipment Repairers,"Assemble aircraft cameras, still or motion picture cameras, photographic equipment, or frames, using diagrams, blueprints, bench machines, hand tools, or power tools.",0,2,C,4.025
8,5648,21-1092.00,Probation Officers and Correctional Treatment Specialists,"Develop and prepare packets containing information about social service agencies, assistance organizations, and programs that might be useful for inmates or offenders.",1,0,B,12.345454545454546
9,5898,25-1021.00,"Computer Science Teachers, Postsecondary",Develop and maintain Web sites for online courses.,1,1,B,12.345454545454546
10,9148,29-1224.00,Radiologists,"Instruct radiologic staff in desired techniques, positions, or projections.",1,0,B,12.345454545454546
11,11741,39-5012.00,"Hairdressers, Hairstylists, and Cosmetologists","Attach wigs or hairpieces to model heads and dress wigs and hairpieces according to instructions, samples, sketches or photographs.",0,2,C,4.025
12,1833,13-1199.06,Online Merchants,"Upload digital media, such as photos, video, or scanned images to online storefront, auction sites, or other shopping Web sites.",1,0,B,12.345454545454546
13,2558,15-1255.00,Web and Digital Interface Designers,Develop and document style guidelines for Web site content.,0,1,C,4.025
14,3153,17-2051.00,Civil Engineers,"Plan and design transportation or hydraulic systems or structures, using computer-assisted design or drawing tools.",1,1,B,12.345454545454546
15,12906,43-4171.00,Receptionists and Information Clerks,Keep a current record of staff members' whereabouts and availability.,0,0,D,296.26666666666665
16,13669,47-2022.00,Stonemasons,"Shape, trim, face and cut marble or stone preparatory to setting, using power saws, cutting equipment, and hand tools.",0,0,D,296.26666666666665
17,3171,17-2051.01,Transportation Engineers,Prepare final project layout drawings that include details such as stress calculations.,2,1,A,4.0
18,14029,47-2141.00,"Painters, Construction and Maintenance","Use special finishing techniques such as sponging, ragging, layering, or faux finishing.",1,0,B,12.345454545454546
19,7013,25-2055.00,"Special Education Teachers, Kindergarten",Modify the general kindergarten education curriculum for students with disabilities.,0,0,D,296.26666666666665
20,13754,47-2044.00,Tile and Stone Setters,Determine and implement the best layout to achieve a desired pattern.,1,0,B,12.345454545454546
21,117,11-2011.00,Advertising and Promotions Managers,Analyze marketing or sales trends to forecast future conditions.,0,0,D,296.26666666666665
22,7720,27-2011.00,Actors,"Prepare and perform action stunts for motion picture, television, or stage productions.",0,1,C,4.025
23,9954,29-9092.00,Genetic Counselors,Refer patients to specialists or community resources.,0,0,D,296.26666666666665
24,10644,33-3021.06,Intelligence Analysts,"Operate cameras, radios, or other surveillance equipment to intercept communications or document activities.",1,0,B,12.345454545454546
25,5926,25-1022.00,"Mathematical Science Teachers, Postsecondary","Serve on academic or administrative committees that deal with institutional policies, departmental matters, and academic issues.",0,0,D,296.26666666666665
26,17551,51-9124.00,"Coating, Painting, and Spraying Machine Setters, Operators, and Tenders","Disassemble, clean, and reassemble sprayers or power equipment, using solvents, wire brushes, and cloths.",0,0,D,296.26666666666665
27,5030,19-3093.00,Historians,"Gather historical data from sources such as archives, court records, diaries, news files, and photographs, as well as from books, pamphlets, and periodicals.",0,2,C,4.025
28,15303,49-9011.00,Mechanical Door Repairers,"Install dock seals, bumpers, or shelters.",0,0,D,296.26666666666665
29,13832,47-2061.00,Construction Laborers,"Measure, mark, or record openings or distances to layout areas where construction work will be performed.",0,1,C,4.025
30,7716,27-2011.00,Actors,"Work with other crew members responsible for lighting, costumes, make-up, and props.",0,0,D,296.26666666666665
31,7507,27-1011.00,Art Directors,Review illustrative material to determine if it conforms to standards and specifications.,1,2,B,12.345454545454546
32,2213,15-1211.00,Computer Systems Analysts,"Use object-oriented programming languages, as well as client and server applications development processes and multimedia and Internet technology.",0,1,C,4.025
33,8310,29-1011.00,Chiropractors,"Counsel patients about nutrition, exercise, sleeping habits, stress management, or other matters.",0,0,D,296.26666666666665
34,3790,17-2199.09,Nanosystems Engineers,"Design or engineer nanomaterials, nanodevices, nano-enabled products, or nanosystems, using three-dimensional computer-aided design (CAD) software.",1,0,B,12.345454545454546
35,2736,15-1299.06,Digital Forensics Analysts,Create system images or capture network settings from information technology environments to preserve as evidence.,0,1,C,4.025
36,12129,41-3011.00,Advertising Sales Agents,Prepare and deliver sales presentations to new and existing customers to sell new advertising programs and to protect and increase existing advertising.,1,1,B,12.345454545454546
37,2625,15-1299.01,Web Administrators,Develop Web site performance metrics.,0,1,C,4.025
38,3751,17-2199.07,Photonics Engineers,"Select, purchase, set up, operate, or troubleshoot state-of-the-art laser cutting equipment.",0,0,D,296.26666666666665
39,11582,39-3092.00,Costume Attendants,"Collaborate with production designers, costume designers, or other production staff to discuss and execute costume design details.",1,0,B,12.345454545454546
40,17767,51-9195.03,"Stone Cutters and Carvers, Manufacturing","Study artistic objects or graphic materials, such as models, sketches, or blueprints, to plan carving or cutting techniques.",0,1,C,4.025
41,16186,51-4035.00,"Milling and Planing Machine Setters, Operators, and Tenders, Metal and Plastic","Study blueprints, layouts, sketches, or work orders to assess workpiece specifications and to determine tooling instructions, tools and materials needed, and sequences of operations.",0,1,C,4.025
42,7538,27-1013.00,"Fine Artists, Including Painters, Sculptors, and Illustrators","Create sculptures, statues, and other three-dimensional artwork by using abrasives and tools to shape, carve, and fabricate materials such as clay, stone, wood, or metal.",0,1,C,4.025
43,12302,41-9011.00,Demonstrators and Product Promoters,"Provide product information, using lectures, films, charts, or slide shows.",1,1,B,12.345454545454546
44,16522,51-5111.00,Prepress Technicians and Workers,Examine unexposed photographic plates to detect flaws or foreign particles prior to printing.,0,2,C,4.025
45,7512,27-1011.00,Art Directors,Prepare detailed storyboards showing sequence and timing of story development for television production.,2,2,A,4.0
46,13254,43-9031.00,Desktop Publishers,"Operate desktop publishing software and equipment to design, lay out, and produce camera-ready copy.",2,0,A,4.0
47,7642,27-1025.00,Interior Designers,Use computer-aided drafting (CAD) and related software to produce construction documents.,1,0,B,12.345454545454546
48,12495,43-3021.00,Billing and Posting Clerks,Post stop-payment notices to prevent payment of protested checks.,0,0,D,296.26666666666665
49,3866,17-3012.00,Electrical and Electronics Drafters,Draw master sketches to scale showing relation of proposed installations to existing facilities and exact specifications and dimensions.,2,1,A,4.0
50,17111,51-8021.00,Stationary Engineers and Boiler Operators,Check the air quality of ventilation systems and make adjustments to ensure compliance with mandated safety codes.,0,0,D,296.26666666666665
51,17598,51-9151.00,Photographic Process Workers and Processing Machine Operators,"Produce color or black-and-white photographs, negatives, or slides, applying standard photographic reproduction techniques and procedures.",2,2,A,4.0
52,3967,17-3024.00,Electro-Mechanical and Mechatronics Technologists and Technicians,"Produce electrical, electronic, or mechanical drawings or other related documents or graphics necessary for electromechanical design, using computer-aided design (CAD) software.",2,1,A,4.0
53,13688,47-2031.00,Carpenters,"Study specifications in blueprints, sketches, or building plans to prepare project layout and determine dimensions and materials required.",0,1,C,4.025
54,2639,15-1299.02,Geographic Information Systems Technologists and Technicians,"Produce data layers, maps, tables, or reports, using spatial analysis procedures or Geographic Information Systems (GIS) technology, equipment, or systems.",1,0,B,12.345454545454546
55,2895,15-2041.01,Biostatisticians,Prepare articles for publication or presentation at professional conferences.,0,1,C,4.025
56,7564,27-1014.00,Special Effects Artists and Animators,"Script, plan, and create animated narrative sequences under tight deadlines, using computer software and hand drawing techniques.",2,2,A,4.0
57,7565,27-1014.00,Special Effects Artists and Animators,"Develop briefings, brochures, multimedia presentations, web pages, promotional products, technical illustrations, and computer artwork for use in products, technical manuals, literature, newsletters, and slide shows.",2,2,A,4.0
58,4891,19-3033.00,Clinical and Counseling Psychologists,Conduct research to develop or improve diagnostic or therapeutic counseling techniques.,0,0,D,296.26666666666665
59,9581,29-2035.00,Magnetic Resonance Imaging Technologists,Create backup copies of images by transferring images from disk to storage media or workstation.,0,1,C,4.025
60,8295,27-4032.00,Film and Video Editors,Mark frames where a particular shot or piece of sound is to begin or end.,1,0,B,12.345454545454546
61,7569,27-1014.00,Special Effects Artists and Animators,Use models to simulate the behavior of animated objects in the finished sequence.,1,2,B,12.345454545454546
62,2564,15-1255.00,Web and Digital Interface Designers,"Direct and execute pre-production activities, such as creating moodboards or storyboards and establishing a project timeline.",1,2,B,12.345454545454546
63,7290,25-4013.00,Museum Technicians and Conservators,"Install, arrange, assemble, and prepare artifacts for exhibition, ensuring the artifacts' safety, reporting their status and condition, and identifying and correcting any problems with the set up.",0,1,C,4.025
64,2151,13-2081.00,"Tax Examiners and Collectors, and Revenue Agents",Secure a taxpayer's agreement to discharge a tax assessment or submit contested determinations to other administrative or judicial conferees for appeals hearings.,0,0,D,296.26666666666665
65,7549,27-1013.00,"Fine Artists, Including Painters, Sculptors, and Illustrators","Create and prepare sketches and model drawings of cartoon characters, providing details from memory, live models, manufactured products, or reference materials.",2,1,A,4.0
66,4541,19-2011.00,Astronomers,Review scientific proposals and research papers.,0,0,D,296.26666666666665
67,13410,45-1011.00,"First-Line Supervisors of Farming, Fishing, and Forestry Workers","Monitor or oversee construction projects, such as horticultural buildings or irrigation systems.",0,0,D,296.26666666666665
68,18064,53-2022.00,Airfield Operations Specialists,Post visual display boards and status boards.,1,0,B,12.345454545454546
69,10992,35-2014.00,"Cooks, Restaurant","Wash, peel, cut, and seed fruits and vegetables to prepare them for consumption.",0,0,D,296.26666666666665
70,16199,51-4041.00,Machinists,"Study sample parts, blueprints, drawings, or engineering information to determine methods or sequences of operations needed to fabricate products.",0,0,D,296.26666666666665
71,12146,41-3011.00,Advertising Sales Agents,"Arrange for commercial taping sessions, and accompany clients to sessions.",1,0,B,12.345454545454546
72,12625,43-3071.00,Tellers,"Perform clerical tasks, such as typing, filing, and microfilm photography.",0,2,C,4.025
73,7340,25-4022.00,Librarians and Media Collections Specialists,Assemble and arrange display materials.,1,0,B,12.345454545454546
74,7682,27-1027.00,Set and Exhibit Designers,"Prepare rough drafts and scale working drawings of sets, including floor plans, scenery, and properties to be constructed.",2,1,A,4.0
75,14335,47-4011.00,Construction and Building Inspectors,"Review and interpret plans, blueprints, site layouts, specifications, or construction methods to ensure compliance to legal requirements and safety regulations.",0,1,C,4.025
76,2555,15-1255.00,Web and Digital Interface Designers,Create searchable indices for Web page content.,0,1,C,4.025
77,3092,17-2021.00,Agricultural Engineers,"Prepare reports, sketches, working drawings, specifications, proposals, and budgets for proposed sites or systems.",1,1,B,12.345454545454546
78,3468,17-2121.00,Marine Engineers and Naval Architects,"Design layout of craft interior, including cargo space, passenger compartments, ladder wells, and elevators.",1,1,B,12.345454545454546
79,8655,29-1129.01,Art Therapists,Photograph or videotape client artwork for inclusion in client records or for promotional purposes.,2,2,A,4.0
80,8162,27-4011.00,Audio and Video Technicians,Edit videotapes by erasing and removing portions of programs and adding video or sound as required.,2,2,A,4.0
81,2117,13-2072.00,Loan Officers,"Set credit policies, credit lines, procedures and standards in conjunction with senior managers.",0,0,D,296.26666666666665
82,10092,31-1132.00,Orderlies,"Collect and transport infectious or hazardous waste in closed containers for sterilization or disposal, in accordance with applicable law, standards, or policies.",0,0,D,296.26666666666665
83,2623,15-1299.01,Web Administrators,"Monitor Web developments through continuing education, reading, or participation in professional conferences, workshops, or groups.",0,0,D,296.26666666666665
84,126,11-2021.00,Marketing Managers,"Identify, develop, or evaluate marketing strategy, based on knowledge of establishment objectives, market characteristics, and cost and markup factors.",0,0,D,296.26666666666665
85,5001,19-3091.00,Anthropologists and Archeologists,Organize public exhibits and displays to promote public awareness of diverse and distinctive cultural traditions.,1,0,B,12.345454545454546
86,17722,51-9194.00,Etchers and Engravers,"Transfer image to workpiece, using contact printer, pantograph stylus, silkscreen printing device, or stamp pad.",1,0,B,12.345454545454546
87,9529,29-2033.00,Nuclear Medicine Technologists,Produce a computer-generated or film image for interpretation by a physician.,2,1,A,4.0
88,6895,25-2023.00,"Career/Technical Education Teachers, Middle School","Sponsor extracurricular activities, such as clubs, student organizations, and academic contests.",0,0,D,296.26666666666665
89,8076,27-3042.00,Technical Writers,Draw sketches to illustrate specified materials or assembly sequence.,2,2,A,4.0
90,2649,15-1299.02,Geographic Information Systems Technologists and Technicians,Select cartographic elements needed for effective presentation of information.,1,0,B,12.345454545454546
91,4854,19-3032.00,Industrial-Organizational Psychologists,Identify training and development needs.,0,0,D,296.26666666666665
92,18484,53-6041.00,Traffic Technicians,"Prepare graphs, charts, diagrams, or other aids to illustrate observations or conclusions.",1,2,B,12.345454545454546
93,7562,27-1014.00,Special Effects Artists and Animators,"Apply story development, directing, cinematography, and editing to animation to create storyboards that show the flow of the animation and map out key scenes and characters.",2,2,A,4.0
94,4197,17-3031.00,Surveying and Mapping Technicians,"Determine scales, line sizes, or colors to be used for hard copies of computerized maps, using plotters.",1,0,B,12.345454545454546
95,17721,51-9194.00,Etchers and Engravers,"Examine engraving for quality of cut, burrs, rough spots, and irregular or incomplete engraving.",0,0,D,296.26666666666665
96,12186,41-3031.00,"Securities, Commodities, and Financial Services Sales Agents",Explain stock market terms or trading practices to clients.,0,0,D,296.26666666666665
97,13994,47-2121.00,Glaziers,Assemble and cement sections of stained glass together.,1,0,B,12.345454545454546
98,6706,25-1194.00,"Career/Technical Education Teachers, Postsecondary",Provide individualized instruction and tutorial or remedial instruction.,0,0,D,296.26666666666665
99,3029,17-1021.00,Cartographers and Photogrammetrists,"Collect information about specific features of the Earth, using aerial photography and other digital remote sensing techniques.",0,2,C,4.025
100,8252,27-4021.00,Photographers,Develop visual aids and charts for use in lectures or to present evidence in court.,2,1,A,4.0
101,3617,17-2161.00,Nuclear Engineers,"Prepare environmental impact statements, reports, or presentations for regulatory or other agencies.",0,1,C,4.025
102,17621,51-9151.00,Photographic Process Workers and Processing Machine Operators,Splice broken or separated film and mount film on reels.,1,1,B,12.345454545454546
103,7733,27-2012.00,Producers and Directors,"Confer with technical directors, managers, crew members, and writers to discuss details of production, such as photography, script, music, sets, and costumes.",0,2,C,4.025
104,11143,35-3041.00,"Food Servers, Nonrestaurant",Remove trays and stack dishes for return to kitchen after meals are finished.,0,0,D,296.26666666666665
105,8237,27-4021.00,Photographers,"Manipulate and enhance scanned or digital images to create desired effects, using computers and specialized software.",2,1,A,4.0
106,2661,15-1299.02,Geographic Information Systems Technologists and Technicians,"Create visual representations of geospatial data, using complex procedures such as analytical modeling, three-dimensional renderings, or plot creation.",2,0,A,4.0
107,8170,27-4011.00,Audio and Video Technicians,"Plan and develop pre-production ideas into outlines, scripts, story boards, and graphics, using own ideas or specifications of assignments.",2,0,A,4.0
108,10629,33-3021.06,Intelligence Analysts,"Prepare comprehensive written reports, presentations, maps, or charts, based on research, collection, and analysis of intelligence data.",1,1,B,12.345454545454546
109,13773,47-2044.00,Tile and Stone Setters,"Brush glue onto manila paper on which design has been drawn and position tiles, finished side down, onto paper.",1,0,B,12.345454545454546
110,12631,43-3071.00,Tellers,Inform customers about foreign currency regulations and compute transaction fees for currency exchanges.,0,0,D,296.26666666666665
111,3694,17-2199.05,Mechatronics Engineers,"Design mechatronics components for computer-controlled products, such as cameras, video recorders, automobiles, or airplanes.",0,1,C,4.025
112,1917,13-2022.00,Appraisers of Personal and Business Property,Take photographs of property.,1,2,B,12.345454545454546
113,3952,17-3023.00,Electrical and Electronic Engineering Technologists and Technicians,"Design or modify engineering schematics for electrical transmission and distribution systems or for electrical installation in residential, commercial, or industrial buildings, using computer-aided design (CAD) software.",1,0,B,12.345454545454546
114,2444,15-1244.00,Network and Computer Systems Administrators,"Recommend changes to improve systems and network configurations, and determine hardware or software requirements related to such changes.",0,0,D,296.26666666666665
115,17622,51-9151.00,Photographic Process Workers and Processing Machine Operators,Retouch photographic negatives or original prints to correct defects.,2,2,A,4.0
116,15646,49-9092.00,Commercial Divers,"Take appropriate safety precautions, such as monitoring dive lengths and depths and registering with authorities before diving expeditions begin.",0,0,D,296.26666666666665
117,3030,17-1021.00,Cartographers and Photogrammetrists,"Examine and analyze data from ground surveys, reports, aerial photographs, and satellite images to prepare topographic maps, aerial-photograph mosaics, and related charts.",1,2,B,12.345454545454546
118,13788,47-2051.00,Cement Masons and Concrete Finishers,"Waterproof or restore concrete surfaces, using appropriate compounds.",0,0,D,296.26666666666665
119,3393,17-2112.01,Human Factors Engineers and Ergonomists,"Prepare reports or presentations summarizing results or conclusions of human factors engineering or ergonomics activities, such as testing, investigation, or validation.",1,1,B,12.345454545454546
120,7570,27-1021.00,Commercial and Industrial Designers,"Prepare sketches of ideas, detailed drawings, illustrations, artwork, or blueprints, using drafting instruments, paints and brushes, or computer-aided design equipment.",2,2,A,4.0
121,13249,43-9022.00,Word Processors and Typists,"Adjust settings for format, page layout, line spacing, and other style requirements.",1,0,B,12.345454545454546
122,8261,27-4031.00,"Camera Operators, Television, Video, and Film","Operate television or motion picture cameras to record scenes for television broadcasts, advertising, or motion pictures.",2,0,A,4.0
123,5017,19-3092.00,Geographers,"Create and modify maps, graphs, or diagrams, using geographical information software and related equipment, and principles of cartography, such as coordinate systems, longitude, latitude, elevation, topography, and map scales.",2,1,A,4.0
124,14609,47-5023.00,"Earth Drillers, Except Oil and Gas",Operate machines to flush earth cuttings or to blow dust from holes.,0,0,D,296.26666666666665
125,1994,13-2051.00,Financial and Investment Analysts,"Monitor fundamental economic, industrial, and corporate developments by analyzing information from financial publications and services, investment banking firms, government agencies, trade publications, company sources, or personal interviews.",0,1,C,4.025
126,3165,17-2051.01,Transportation Engineers,"Design or prepare plans for new transportation systems or parts of systems, such as airports, commuter trains, highways, streets, bridges, drainage structures, or roadway lighting.",1,0,B,12.345454545454546
127,8232,27-4021.00,Photographers,"Adjust apertures, shutter speeds, and camera focus according to a combination of factors, such as lighting, field depth, subject motion, film type, and film speed.",2,1,A,4.0
128,3727,17-2199.07,Photonics Engineers,"Develop optical or imaging systems, such as optical imaging products, optical components, image processes, signal process technologies, or optical systems.",0,1,C,4.025
129,7531,27-1013.00,"Fine Artists, Including Painters, Sculptors, and Illustrators","Confer with clients, editors, writers, art directors, and other interested parties regarding the nature and content of artwork to be produced.",0,1,C,4.025
130,2454,15-1244.00,Network and Computer Systems Administrators,"Research new technologies by attending seminars, reading trade articles, or taking classes, and implement or recommend the implementation of new technologies.",0,0,D,296.26666666666665
131,8287,27-4032.00,Film and Video Editors,"Cut shot sequences to different angles at specific points in scenes, making each individual cut as fluid and seamless as possible.",2,0,A,4.0
132,4057,17-3026.00,Industrial Engineering Technologists and Technicians,"Prepare layouts, drawings, or sketches of machinery or equipment, such as shop tooling, scale layouts, or new equipment design, using drafting equipment or computer-aided design (CAD) software.",2,1,A,4.0
133,1701,13-1141.00,"Compensation, Benefits, and Job Analysis Specialists",Plan and develop curricula and materials for training programs and conduct training.,1,0,B,12.345454545454546
134,1145,11-9199.08,Loss Prevention Managers,"Verify correct use and maintenance of physical security systems, such as closed-circuit television, merchandise tags, and burglar alarms.",0,0,D,296.26666666666665
135,3233,17-2061.00,Computer Hardware Engineers,"Specify power supply requirements and configuration, drawing on system performance expectations and design specifications.",0,1,C,4.025
136,8264,27-4031.00,"Camera Operators, Television, Video, and Film","Operate zoom lenses, changing images according to specifications and rehearsal instructions.",2,0,A,4.0
137,4329,19-1029.01,Bioinformatics Scientists,Develop data models and databases.,0,0,D,296.26666666666665
138,17539,51-9123.00,"Painting, Coating, and Decorating Workers",Examine finished surfaces of workpieces to verify conformance to specifications and retouch any defective areas.,0,2,C,4.025
139,18482,53-6041.00,Traffic Technicians,"Study traffic delays by noting times of delays, the numbers of vehicles affected, and vehicle speed through the delay area.",0,0,D,296.26666666666665
140,6745,25-2011.00,"Preschool Teachers, Except Special Education",Organize and label materials and display students' work in a manner appropriate for their ages and perceptual skills.,1,0,B,12.345454545454546
141,180,11-2032.00,Public Relations Managers,"Produce films and other video products, regulate their distribution, and operate film library.",2,2,A,4.0
142,679,11-9032.00,"Education Administrators, Kindergarten through Secondary","Organize and direct committees of specialists, volunteers, and staff to provide technical and advisory assistance for programs.",0,0,D,296.26666666666665
143,7794,27-2012.05,Media Technical Directors/Managers,"Switch between video sources in a studio or on multi-camera remotes, using equipment such as switchers, video slide projectors, and video effects generators.",2,1,A,4.0
144,8385,29-1031.00,Dietitians and Nutritionists,"Make recommendations regarding public policy, such as nutrition labeling, food fortification, or nutrition standards for school programs.",0,0,D,296.26666666666665
145,14526,47-4099.03,Weatherization Installers and Technicians,Clean and maintain tools and equipment.,0,0,D,296.26666666666665
146,3197,17-2051.02,Water/Wastewater Engineers,Design water distribution systems for potable or non-potable water.,0,0,D,296.26666666666665
147,10643,33-3021.06,Intelligence Analysts,"Gather and evaluate information, using tools such as aerial photographs, radar equipment, or sensitive radio equipment.",0,2,C,4.025
148,928,11-9131.00,Postmasters and Mail Superintendents,Monitor employees' work schedules and attendance for payroll purposes.,0,0,D,296.26666666666665
149,17276,51-9022.00,"Grinding and Polishing Workers, Hand",Study blueprints or layouts to determine how to lay out workpieces or saw out templates.,0,1,C,4.025
150,1610,13-1081.02,Logistics Analysts,Develop or maintain payment systems to ensure accuracy of vendor payments.,0,0,D,296.26666666666665
151,3554,17-2141.01,Fuel Cell Engineers,Design or implement fuel cell testing or development programs.,0,0,D,296.26666666666665
152,13261,43-9031.00,Desktop Publishers,Study layout or other design instructions to determine work to be done and sequence of operations.,1,1,B,12.345454545454546
153,1987,13-2051.00,Financial and Investment Analysts,"Draw charts and graphs, using computer spreadsheets, to illustrate technical reports.",2,2,A,4.0
154,3801,17-2199.10,Wind Energy Engineers,"Create or maintain wind farm layouts, schematics, or other visual documentation for wind farms.",2,1,A,4.0
155,17991,53-2011.00,"Airline Pilots, Copilots, and Flight Engineers",Coordinate flight activities with ground crews and air traffic control and inform crew members of flight and test procedures.,0,0,D,296.26666666666665
156,4621,19-2041.00,"Environmental Scientists and Specialists, Including Health","Prepare charts or graphs from data samples, providing summary information on the environmental relevance of the data.",1,1,B,12.345454545454546
157,18759,53-7073.00,Wellhead Pumpers,Attach pumps and hoses to wellheads.,0,0,D,296.26666666666665
158,7796,27-2012.05,Media Technical Directors/Managers,Supervise and assign duties to workers engaged in technical control and production of radio and television programs.,1,0,B,12.345454545454546
159,2652,15-1299.02,Geographic Information Systems Technologists and Technicians,Interpret aerial or ortho photographs.,0,2,C,4.025
160,4451,19-1031.02,Range Managers,"Develop technical standards and specifications used to manage, protect, and improve the natural resources of range lands and related grazing lands.",0,0,D,296.26666666666665
161,4584,19-2021.00,Atmospheric and Space Scientists,"Create visualizations to illustrate historical or future changes in the Earth's climate, using paleoclimate or climate geographic information systems (GIS) databases.",2,2,A,4.0
162,9570,29-2034.00,Radiologic Technologists and Technicians,"Provide students or other technicians and technologists with suggestions of additional views, alternate positioning, or improved techniques to ensure the images produced are of the highest quality.",1,1,B,12.345454545454546
163,9207,29-1229.03,Urologists,"Refer patients to specialists when condition exceeds experience, expertise, or scope of practice.",0,0,D,296.26666666666665
164,12331,41-9021.00,Real Estate Brokers,"Give buyers virtual tours of properties in which they are interested, using computers.",1,0,B,12.345454545454546
165,3884,17-3012.00,Electrical and Electronics Drafters,"Train students to use drafting machines and to prepare schematic diagrams, block diagrams, control drawings, logic diagrams, integrated circuit drawings, or interconnection diagrams.",0,1,C,4.025
166,3024,17-1021.00,Cartographers and Photogrammetrists,"Prepare and alter trace maps, charts, tables, detailed drawings, and three-dimensional optical models of terrain using stereoscopic plotting and computer graphics equipment.",2,1,A,4.0
167,2562,15-1255.00,Web and Digital Interface Designers,"Develop Web site maps, application models, image templates, or page templates that meet project goals, user needs, or industry standards.",2,1,A,4.0
168,14788,49-2011.00,"Computer, Automated Teller, and Office Machine Repairers","Read specifications, such as blueprints, charts, or schematics, to determine machine settings or adjustments.",0,0,D,296.26666666666665
169,8259,27-4021.00,Photographers,"Develop and print exposed film, using chemicals, touch-up tools, and developing and printing equipment.",2,1,A,4.0
170,7592,27-1022.00,Fashion Designers,Direct and coordinate workers involved in drawing and cutting patterns and constructing samples or finished garments.,0,1,C,4.025
171,6941,25-2032.00,"Career/Technical Education Teachers, Secondary School","Use computers, audio-visual aids, and other equipment and materials to supplement presentations.",0,0,D,296.26666666666665
172,16926,51-7032.00,"Patternmakers, Wood","Lay out patterns on wood stock and draw outlines of units, sectional patterns, or full-scale mock-ups of products, based on blueprint specifications and sketches, and using marking and measuring devices.",1,1,B,12.345454545454546
173,3837,17-3011.00,Architectural and Civil Drafters,"Determine the order of work and method of presentation, such as orthographic or isometric drawing.",1,0,B,12.345454545454546
174,7503,27-1011.00,Art Directors,"Formulate basic layout design or presentation approach and specify material details, such as style and size of type, photographs, graphics, animation, video, and sound.",2,2,A,4.0
175,7550,27-1013.00,"Fine Artists, Including Painters, Sculptors, and Illustrators","Create finished art work as decoration, or to elucidate or substitute for spoken or written messages.",2,0,A,4.0
176,8239,27-4021.00,Photographers,"Enhance, retouch, and resize photographs and negatives, using airbrushing and other techniques.",2,2,A,4.0
177,16451,51-4192.00,"Layout Workers, Metal and Plastic","Plan and develop layouts from blueprints and templates, applying knowledge of trigonometry, design, effects of heat, and properties of metals.",1,1,B,12.345454545454546
178,17714,51-9194.00,Etchers and Engravers,"Engrave and print patterns, designs, etchings, trademarks, or lettering onto flat or curved surfaces of a wide variety of metal, glass, plastic, or paper items, using hand tools or hand-held power tools.",1,0,B,12.345454545454546
179,7505,27-1011.00,Art Directors,Create custom illustrations or other graphic elements.,2,2,A,4.0
180,18766,53-7081.00,Refuse and Recyclable Material Collectors,Dump refuse or recyclable materials at disposal sites.,0,0,D,296.26666666666665
181,2593,15-1255.01,Video Game Designers,"Present new game design concepts to management and technical colleagues, including artists, animators, and programmers.",0,2,C,4.025
182,2626,15-1299.01,Web Administrators,"Collaborate with Web developers to create and operate internal and external Web sites, or to manage projects, such as e-marketing campaigns.",0,1,C,4.025
183,8816,29-1141.04,Clinical Nurse Specialists,Collaborate with other health care professionals and service providers to ensure optimal patient care.,0,0,D,296.26666666666665
184,1984,13-2051.00,Financial and Investment Analysts,Create client presentations of plan details.,1,1,B,12.345454545454546
185,15058,49-3021.00,Automotive Body and Related Repairers,Soak fiberglass matting in resin mixtures and apply layers of matting over repair areas to specified thicknesses.,0,0,D,296.26666666666665
186,5046,19-3093.00,Historians,Edit historical society publications.,0,1,C,4.025
187,7632,27-1024.00,Graphic Designers,"Mark up, paste, and assemble final layouts to prepare layouts for printer.",2,1,A,4.0
188,9342,29-1292.00,Dental Hygienists,Expose and develop x-ray film.,0,1,C,4.025
189,3890,17-3013.00,Mechanical Drafters,"Lay out and draw schematic, orthographic, or angle views to depict functional relationships of components, assemblies, systems, and machines.",1,0,B,12.345454545454546
190,3784,17-2199.09,Nanosystems Engineers,"Generate high-resolution images or measure force-distance curves, using techniques such as atomic force microscopy.",1,1,B,12.345454545454546
191,3877,17-3012.00,Electrical and Electronics Drafters,Visit proposed installation sites and draw rough sketches of location.,2,1,A,4.0
192,16458,51-4192.00,"Layout Workers, Metal and Plastic",Inspect machined parts to verify conformance to specifications.,0,0,D,296.26666666666665
193,9748,29-2057.00,Ophthalmic Medical Technicians,Maintain ophthalmic instruments or equipment.,0,0,D,296.26666666666665
194,6289,25-1066.00,"Psychology Teachers, Postsecondary","Develop and use multimedia course materials and other current technology, such as online courses.",1,1,B,12.345454545454546
195,7658,27-1026.00,Merchandise Displayers and Window Trimmers,"Arrange properties, furniture, merchandise, backdrops, or other accessories, as shown in prepared sketches.",0,1,C,4.025
196,18204,53-3053.00,Shuttle Drivers and Chauffeurs,"Perform routine vehicle maintenance, such as regulating tire pressure and adding gasoline, oil, and water.",0,0,D,296.26666666666665
197,1781,13-1161.01,Search Marketing Strategists,"Execute or manage banner, video, or other non-text link ad campaigns.",1,0,B,12.345454545454546
198,8290,27-4032.00,Film and Video Editors,"Manipulate plot, score, sound, and graphics to make the parts into a continuous whole, working closely with people in audio, visual, music, optical, or special effects departments.",2,1,A,4.0
199,14058,47-2151.00,Pipelayers,Install or repair sanitary or stormwater sewer structures or pipe systems.,0,0,D,296.26666666666665
200,5869,25-1011.00,"Business Teachers, Postsecondary","Maintain student attendance records, grades, and other required records.",0,0,D,296.26666666666665
