baseline,diffusion,beta,adoption_needed,first_detectable_year
all firms 10+ (9.6% in 2025),fast (0.75/yr),-0.1,2.666,
all firms 10+ (9.6% in 2025),fast (0.75/yr),-0.3,0.889,2031.0
all firms 10+ (9.6% in 2025),fast (0.75/yr),-0.5,0.533,2029.0
all firms 10+ (9.6% in 2025),fast (0.75/yr),-0.8,0.333,2028.0
all firms 10+ (9.6% in 2025),medium (0.50/yr),-0.1,2.666,
all firms 10+ (9.6% in 2025),medium (0.50/yr),-0.3,0.889,2034.0
all firms 10+ (9.6% in 2025),medium (0.50/yr),-0.5,0.533,2030.0
all firms 10+ (9.6% in 2025),medium (0.50/yr),-0.8,0.333,2029.0
all firms 10+ (9.6% in 2025),slow (0.25/yr),-0.1,2.666,
all firms 10+ (9.6% in 2025),slow (0.25/yr),-0.3,0.889,
all firms 10+ (9.6% in 2025),slow (0.25/yr),-0.5,0.533,2035.0
all firms 10+ (9.6% in 2025),slow (0.25/yr),-0.8,0.333,2032.0
"publishing, film, broadcasting (36.2% in 2025)",fast (0.75/yr),-0.1,2.666,
"publishing, film, broadcasting (36.2% in 2025)",fast (0.75/yr),-0.3,0.889,2029.0
"publishing, film, broadcasting (36.2% in 2025)",fast (0.75/yr),-0.5,0.533,2026.0
"publishing, film, broadcasting (36.2% in 2025)",fast (0.75/yr),-0.8,0.333,2025.0
"publishing, film, broadcasting (36.2% in 2025)",medium (0.50/yr),-0.1,2.666,
"publishing, film, broadcasting (36.2% in 2025)",medium (0.50/yr),-0.3,0.889,2031.0
"publishing, film, broadcasting (36.2% in 2025)",medium (0.50/yr),-0.5,0.533,2027.0
"publishing, film, broadcasting (36.2% in 2025)",medium (0.50/yr),-0.8,0.333,2025.0
"publishing, film, broadcasting (36.2% in 2025)",slow (0.25/yr),-0.1,2.666,
"publishing, film, broadcasting (36.2% in 2025)",slow (0.25/yr),-0.3,0.889,
"publishing, film, broadcasting (36.2% in 2025)",slow (0.25/yr),-0.5,0.533,2028.0
"publishing, film, broadcasting (36.2% in 2025)",slow (0.25/yr),-0.8,0.333,2025.0
