soc6,visual_intensity
11-1011,0.2364
11-1021,0.2232
11-2011,0.2593
11-2021,0.2504
11-2022,0.2046
11-3012,0.2811
11-3013,0.3571
11-3021,0.2411
11-3031,0.2052
11-3051,0.3191
11-3061,0.2139
11-3071,0.2991
11-3111,0.1561
11-3121,0.2186
11-3131,0.2232
11-9013,0.4068
11-9021,0.3211
11-9031,0.2275
11-9032,0.2457
11-9033,0.2007
11-9041,0.2812
11-9051,0.2193
11-9071,0.2811
11-9081,0.3036
11-9111,0.2368
11-9121,0.2636
11-9131,0.2454
11-9141,0.1964
11-9151,0.2189
11-9161,0.3125
11-9171,0.3393
11-9179,0.2345
11-9199,0.2707
13-1011,0.1968
13-1021,0.2457
13-1022,0.2182
13-1023,0.1825
13-1031,0.2279
13-1032,0.3175
13-1041,0.3101
13-1051,0.21
13-1071,0.1693
13-1074,0.3304
13-1075,0.1782
13-1081,0.2368
13-1111,0.2014
13-1121,0.29
13-1131,0.2096
13-1141,0.1739
13-1151,0.2364
13-1161,0.1961
13-1199,0.2007
13-2011,0.1921
13-2023,0.3389
13-2031,0.1964
13-2041,0.1696
13-2052,0.1921
13-2053,0.1921
13-2061,0.2096
13-2071,0.1432
13-2072,0.1964
13-2081,0.1964
13-2082,0.1739
13-2099,0.2007
15-1211,0.2389
15-1212,0.2275
15-1221,0.2186
15-1231,0.2411
15-1232,0.2321
15-1241,0.2566
15-1242,0.1964
15-1243,0.2096
15-1244,0.2636
15-1251,0.21
15-1253,0.1921
15-1254,0.2275
15-1255,0.2636
15-1299,0.2143
15-2011,0.2232
15-2021,0.1782
15-2031,0.1964
15-2041,0.2116
15-2051,0.1809
15-2099,0.2279
17-1011,0.3214
17-1012,0.2675
17-1021,0.295
17-1022,0.3952
17-2011,0.2811
17-2021,0.3389
17-2031,0.2768
17-2041,0.2854
17-2051,0.278
17-2061,0.2321
17-2071,0.2721
17-2072,0.2525
17-2081,0.2411
17-2111,0.335
17-2112,0.2712
17-2121,0.3489
17-2131,0.2768
17-2141,0.3111
17-2151,0.2986
17-2161,0.2679
17-2171,0.2543
17-2199,0.2875
17-3011,0.2725
17-3012,0.2718
17-3013,0.2768
17-3021,0.3171
17-3022,0.3307
17-3023,0.3171
17-3024,0.4221
17-3025,0.4107
17-3026,0.2836
17-3027,0.3971
17-3029,0.3616
17-3031,0.3479
19-1011,0.3304
19-1012,0.2857
19-1013,0.375
19-1021,0.2729
19-1022,0.2768
19-1023,0.3661
19-1029,0.2913
19-1031,0.3798
19-1032,0.4014
19-1041,0.2325
19-1042,0.2593
19-2011,0.3304
19-2012,0.2861
19-2021,0.2543
19-2031,0.2721
19-2032,0.2679
19-2041,0.2879
19-2042,0.3389
19-2043,0.3032
19-2099,0.2679
19-3011,0.1943
19-3022,0.2143
19-3032,0.2275
19-3033,0.1829
19-3034,0.1829
19-3039,0.2275
19-3041,0.1875
19-3051,0.2682
19-3091,0.2675
19-3092,0.2589
19-3093,0.2143
19-3094,0.1829
19-3099,0.25
19-4012,0.3748
19-4013,0.2811
19-4021,0.2857
19-4031,0.2771
19-4042,0.385
19-4043,0.3621
19-4051,0.3552
19-4061,0.21
19-4071,0.4418
19-4092,0.4468
19-4099,0.2855
19-5011,0.3439
19-5012,0.3571
21-1011,0.2764
21-1012,0.1836
21-1013,0.1696
21-1014,0.1789
21-1015,0.1743
21-1021,0.2768
21-1022,0.1696
21-1023,0.1825
21-1091,0.2275
21-1092,0.2539
21-1093,0.2504
21-1094,0.3257
21-2011,0.1921
21-2021,0.2143
23-1011,0.2054
23-1012,0.2236
23-1021,0.1921
23-1022,0.1921
23-1023,0.1921
23-2011,0.1964
23-2093,0.1789
25-1011,0.1743
25-1021,0.2325
25-1022,0.1879
25-1031,0.25
25-1032,0.2504
25-1041,0.2146
25-1042,0.2275
25-1043,0.2857
25-1051,0.2189
25-1052,0.2368
25-1053,0.2143
25-1054,0.2321
25-1061,0.2096
25-1062,0.21
25-1063,0.2007
25-1064,0.1918
25-1065,0.1782
25-1066,0.1832
25-1067,0.1786
25-1071,0.2139
25-1072,0.2504
25-1081,0.2057
25-1082,0.2236
25-1111,0.1654
25-1112,0.1786
25-1113,0.2054
25-1121,0.2721
25-1122,0.1879
25-1123,0.1561
25-1124,0.1786
25-1125,0.1786
25-1126,0.1739
25-1192,0.2146
25-1193,0.2321
25-1194,0.2811
25-2011,0.2411
25-2012,0.21
25-2021,0.2454
25-2022,0.2275
25-2023,0.2636
25-2031,0.2275
25-2032,0.2721
25-2051,0.2368
25-2057,0.1961
25-2058,0.2504
25-2059,0.25
25-3011,0.1918
25-3021,0.1918
25-3041,0.1654
25-4011,0.2546
25-4012,0.2943
25-4013,0.2982
25-4022,0.2268
25-4031,0.1964
25-9021,0.2946
25-9031,0.2407
25-9042,0.2682
25-9044,0.1921
27-1011,0.2946
27-1012,0.2768
27-1013,0.3032
27-1014,0.2993
27-1021,0.2904
27-1022,0.3036
27-1023,0.3211
27-1024,0.2725
27-1025,0.3168
27-1026,0.2768
27-1027,0.3307
27-2011,0.21
27-2012,0.2821
27-2021,0.3711
27-2022,0.3164
27-2023,0.3618
27-2031,0.2768
27-2032,0.2586
27-2041,0.2004
27-2042,0.2321
27-3011,0.2457
27-3023,0.2636
27-3031,0.1921
27-3041,0.2229
27-3042,0.2011
27-3043,0.1855
27-3091,0.2143
27-3092,0.1739
27-4011,0.3118
27-4012,0.3479
27-4014,0.2771
27-4021,0.4461
27-4031,0.4193
27-4032,0.2679
29-1011,0.2007
29-1021,0.3257
29-1022,0.3036
29-1023,0.2679
29-1024,0.3479
29-1031,0.2189
29-1041,0.3125
29-1051,0.2814
29-1071,0.2948
29-1081,0.2729
29-1122,0.2834
29-1123,0.2368
29-1124,0.3754
29-1125,0.2814
29-1126,0.3704
29-1127,0.1964
29-1128,0.2321
29-1129,0.2455
29-1131,0.2986
29-1141,0.2707
29-1151,0.3214
29-1161,0.2636
29-1171,0.2857
29-1181,0.2368
29-1211,0.2989
29-1213,0.2857
29-1215,0.2686
29-1216,0.2593
29-1217,0.2771
29-1218,0.2904
29-1221,0.2504
29-1222,0.2857
29-1223,0.1921
29-1224,0.3036
29-1229,0.2777
29-1241,0.4239
29-1291,0.2275
29-1292,0.2771
29-1299,0.2655
29-2011,0.3046
29-2012,0.2946
29-2031,0.2771
29-2032,0.295
29-2033,0.2682
29-2034,0.3614
29-2035,0.2854
29-2036,0.2721
29-2051,0.2814
29-2052,0.2636
29-2053,0.25
29-2055,0.3257
29-2056,0.2682
29-2057,0.2771
29-2061,0.2721
29-2081,0.295
29-2091,0.3218
29-2092,0.2321
29-2099,0.256
29-9091,0.2593
29-9092,0.1875
29-9093,0.3707
29-9099,0.2454
31-1121,0.2721
31-1122,0.2764
31-1131,0.2457
31-1132,0.2321
31-1133,0.3161
31-2011,0.2232
31-2012,0.2282
31-2021,0.2454
31-2022,0.2096
31-9011,0.1696
31-9091,0.29
31-9092,0.3
31-9093,0.3711
31-9094,0.1743
31-9095,0.2504
31-9096,0.2232
31-9097,0.2682
31-9099,0.2679
33-1011,0.3664
33-1012,0.3707
33-1021,0.4418
33-2011,0.5082
33-2021,0.4282
33-2022,0.4236
33-3011,0.29
33-3012,0.4057
33-3021,0.3599
33-3031,0.4821
33-3041,0.4018
33-3051,0.4486
33-3052,0.5
33-9011,0.3486
33-9021,0.3436
33-9031,0.3214
33-9032,0.4104
33-9091,0.3211
33-9092,0.3175
33-9093,0.3218
33-9099,0.3443
35-1011,0.3168
35-1012,0.2543
35-2011,0.1604
35-2012,0.2496
35-2013,0.2504
35-2014,0.2589
35-2015,0.25
35-2021,0.2054
35-3011,0.2496
35-3023,0.2161
35-3031,0.1825
35-3041,0.2093
35-9011,0.2186
35-9021,0.3164
35-9031,0.2004
37-1011,0.2857
37-1012,0.3971
37-2011,0.2364
37-2012,0.2275
37-2021,0.4643
37-3011,0.3439
37-3012,0.3936
37-3013,0.4239
39-1013,0.3296
39-1022,0.21
39-2011,0.3486
39-2021,0.2186
39-3011,0.2504
39-3012,0.2586
39-3021,0.3932
39-3031,0.2454
39-3091,0.2318
39-3092,0.25
39-3093,0.1429
39-4011,0.4064
39-4021,0.2896
39-4031,0.3168
39-5011,0.2271
39-5012,0.2679
39-5091,0.3432
39-5092,0.2232
39-5093,0.1875
39-5094,0.2364
39-6011,0.3129
39-6012,0.1829
39-7011,0.2182
39-7012,0.3304
39-9011,0.2811
39-9031,0.2275
39-9032,0.2539
39-9041,0.2593
41-1011,0.2143
41-1012,0.2143
41-2011,0.1782
41-2012,0.2325
41-2021,0.2814
41-2022,0.3261
41-2031,0.1921
41-3011,0.2636
41-3021,0.1789
41-3031,0.1825
41-3041,0.1918
41-4011,0.232
41-4012,0.2454
41-9011,0.2411
41-9012,0.1789
41-9021,0.205
41-9022,0.3346
41-9031,0.2496
41-9041,0.1161
41-9091,0.1475
43-1011,0.2279
43-2011,0.1875
43-2021,0.1564
43-3011,0.1875
43-3021,0.1604
43-3031,0.1875
43-3041,0.1921
43-3051,0.1739
43-3061,0.1786
43-3071,0.2186
43-4011,0.2139
43-4021,0.1829
43-4031,0.1786
43-4041,0.1961
43-4051,0.1829
43-4061,0.1518
43-4071,0.2321
43-4081,0.1964
43-4111,0.1875
43-4121,0.1961
43-4131,0.2143
43-4141,0.165
43-4151,0.2364
43-4161,0.1918
43-4171,0.1871
43-4181,0.2325
43-5011,0.2791
43-5021,0.4061
43-5031,0.2229
43-5032,0.2143
43-5041,0.4064
43-5051,0.2411
43-5052,0.3304
43-5053,0.2361
43-5061,0.2364
43-5071,0.3796
43-5111,0.3304
43-6011,0.2104
43-6012,0.2189
43-6013,0.1607
43-6014,0.1832
43-9021,0.2325
43-9022,0.2014
43-9031,0.3571
43-9041,0.2046
43-9051,0.2679
43-9061,0.2054
43-9071,0.2718
43-9081,0.1564
43-9111,0.2054
45-1011,0.4154
45-2011,0.3843
45-2021,0.295
45-2041,0.2007
45-2091,0.4332
45-2092,0.3704
45-2093,0.3882
45-3031,0.37
45-4011,0.3832
45-4021,0.4604
45-4022,0.4996
45-4023,0.4068
47-1011,0.3946
47-2011,0.4196
47-2021,0.4107
47-2022,0.4068
47-2031,0.3971
47-2041,0.3929
47-2042,0.2864
47-2043,0.33
47-2044,0.3746
47-2051,0.4107
47-2053,0.4021
47-2061,0.3925
47-2071,0.375
47-2072,0.4461
47-2073,0.5089
47-2081,0.375
47-2082,0.3304
47-2111,0.4686
47-2121,0.4064
47-2131,0.3571
47-2132,0.3343
47-2141,0.3757
47-2142,0.3479
47-2151,0.3796
47-2152,0.4086
47-2161,0.3932
47-2171,0.3625
47-2181,0.3975
47-2211,0.375
47-2221,0.5268
47-2231,0.4018
47-3011,0.3975
47-3012,0.3843
47-3013,0.4111
47-3014,0.3757
47-3015,0.3218
47-3016,0.4018
47-4011,0.3795
47-4021,0.3664
47-4031,0.3479
47-4041,0.4107
47-4051,0.3971
47-4061,0.465
47-4071,0.4464
47-4091,0.3886
47-4099,0.4461
47-5011,0.4829
47-5012,0.4118
47-5013,0.4546
47-5022,0.5804
47-5023,0.4596
47-5032,0.4782
47-5041,0.4996
47-5043,0.5086
47-5044,0.4332
47-5051,0.3625
47-5071,0.4146
47-5081,0.4779
49-1011,0.42
49-2011,0.3707
49-2021,0.4064
49-2022,0.4782
49-2091,0.3261
49-2092,0.42
49-2093,0.3879
49-2094,0.3661
49-2095,0.4196
49-2096,0.4246
49-2097,0.4057
49-2098,0.3711
49-3011,0.4246
49-3021,0.3975
49-3022,0.4021
49-3023,0.4018
49-3031,0.4329
49-3041,0.4107
49-3042,0.4464
49-3043,0.4282
49-3051,0.3932
49-3052,0.3211
49-3053,0.3525
49-3091,0.3304
49-3092,0.3882
49-3093,0.3843
49-9011,0.4154
49-9012,0.4018
49-9021,0.4371
49-9031,0.3886
49-9041,0.3979
49-9043,0.3932
49-9044,0.4464
49-9045,0.3804
49-9051,0.4596
49-9052,0.3929
49-9061,0.2993
49-9062,0.3971
49-9063,0.29
49-9064,0.2857
49-9071,0.42
49-9081,0.4061
49-9091,0.3532
49-9092,0.4864
49-9094,0.3975
49-9095,0.5275
49-9096,0.4289
49-9097,0.4639
49-9098,0.3707
49-9099,0.4243
51-1011,0.3257
51-2011,0.3929
51-2021,0.2857
51-2022,0.2943
51-2023,0.2764
51-2031,0.3846
51-2041,0.3346
51-2051,0.4107
51-2061,0.3432
51-2092,0.2989
51-3011,0.2721
51-3021,0.335
51-3022,0.3257
51-3023,0.2143
51-3091,0.3261
51-3092,0.2768
51-3093,0.2682
51-4021,0.3843
51-4022,0.335
51-4023,0.4061
51-4031,0.3707
51-4032,0.3793
51-4033,0.3436
51-4034,0.3486
51-4035,0.3125
51-4041,0.3214
51-4051,0.4554
51-4052,0.3796
51-4061,0.3171
51-4062,0.3668
51-4071,0.3482
51-4072,0.3346
51-4081,0.3932
51-4111,0.3482
51-4121,0.3754
51-4122,0.3839
51-4191,0.4061
51-4192,0.375
51-4193,0.3168
51-4194,0.34
51-5111,0.2679
51-5112,0.3214
51-5113,0.3571
51-6011,0.2143
51-6021,0.2279
51-6031,0.2814
51-6041,0.295
51-6042,0.3304
51-6051,0.29
51-6052,0.2546
51-6061,0.3436
51-6062,0.3575
51-6063,0.2368
51-6064,0.3175
51-6091,0.3704
51-6092,0.3079
51-6093,0.4382
51-7011,0.3932
51-7021,0.3843
51-7031,0.3482
51-7032,0.3707
51-7041,0.3704
51-7042,0.3479
51-8011,0.3257
51-8012,0.2807
51-8013,0.418
51-8021,0.3796
51-8031,0.3843
51-8091,0.3839
51-8092,0.4239
51-8093,0.415
51-8099,0.4154
51-9011,0.4154
51-9012,0.4289
51-9021,0.3796
51-9022,0.3971
51-9023,0.3661
51-9031,0.2546
51-9032,0.3796
51-9041,0.3621
51-9051,0.2629
51-9061,0.3129
51-9071,0.31
51-9081,0.3218
51-9082,0.3129
51-9083,0.3039
51-9111,0.3439
51-9123,0.2814
51-9124,0.4282
51-9141,0.3361
51-9151,0.3032
51-9161,0.4018
51-9162,0.2814
51-9191,0.3796
51-9192,0.3171
51-9193,0.3843
51-9194,0.335
51-9195,0.3593
51-9196,0.3129
51-9197,0.3257
51-9198,0.3664
53-1041,0.4286
53-1042,0.3236
53-1043,0.3568
53-2011,0.7186
53-2012,0.6068
53-2021,0.4543
53-2022,0.4368
53-2031,0.2943
53-3011,0.3925
53-3031,0.3882
53-3032,0.5621
53-3033,0.4686
53-3052,0.5893
53-4011,0.5989
53-4013,0.5357
53-4022,0.4818
53-4031,0.4418
53-4041,0.5446
53-5011,0.5625
53-5021,0.54
53-5022,0.54
53-5031,0.3975
53-6011,0.4196
53-6021,0.4871
53-6031,0.38
53-6041,0.375
53-6051,0.4108
53-6061,0.2904
53-7011,0.415
53-7021,0.5361
53-7031,0.4286
53-7041,0.4736
53-7051,0.4464
53-7061,0.3311
53-7062,0.3884
53-7063,0.2861
53-7064,0.2764
53-7065,0.3475
53-7071,0.4014
53-7072,0.4243
53-7073,0.3214
53-7081,0.4379
53-7121,0.4864
